protein_id,fold,test_replicate,method_id,achieved_k,n_frames,n_targets,SSE_nm2,RMSE_nm,skill,tuned_lambda,centered_skill
1bxy_A,0,R1,M1_DEVELOPMENT_CONSTANT_MEAN,0,951,500,1460.4393310546875,0.05541999720810292,0.0,0.0,0.0
1bxy_A,0,R1,M3_MEAN_WITHIN_RUN_VARIANCE,5,951,500,1125.3897705078125,0.0486492580211674,0.22941696612957674,1e-06,0.16815848816083057
1bxy_A,0,R1,M3_MEAN_WITHIN_RUN_VARIANCE,10,951,500,936.971923828125,0.044390294688363086,0.3584314638037921,1.0,0.3074291573519933
1bxy_A,0,R1,M3_MEAN_WITHIN_RUN_VARIANCE,20,951,500,774.6378173828125,0.04036213093784792,0.46958576031817,1.0,0.4274198059853078
1bxy_A,0,R1,M3b_POOLED_DEVELOPMENT_VARIANCE,5,951,500,1115.3438720703125,0.04843163516866912,0.23629564860811914,1e-06,0.1755840002483111
1bxy_A,0,R1,M3b_POOLED_DEVELOPMENT_VARIANCE,10,951,500,967.43115234375,0.04510604754834715,0.33757525439615566,1e-06,0.28491495706167136
1bxy_A,0,R1,M3b_POOLED_DEVELOPMENT_VARIANCE,20,951,500,782.2315063476562,0.04055948122239449,0.46438616811096767,1.0,0.4218068655850217
1bxy_A,0,R1,M4_BUDGET_MATCHED_PCA_QR,5,951,500,1097.0272216796875,0.048032306462424734,0.24883752556332084,100.0,0.18912290965735234
1bxy_A,0,R1,M4_BUDGET_MATCHED_PCA_QR,10,951,500,880.8134765625,0.04303945018789553,0.39688458271909066,100.0,0.348939155843359
1bxy_A,0,R1,M4_BUDGET_MATCHED_PCA_QR,20,951,500,730.93505859375,0.03920704722683964,0.49951015214997696,1e-06,0.45972307539056667
1bxy_A,0,R1,M5_DEVELOPMENT_TUNED_PCA_QR,10,951,500,880.8134765625,0.04303945018789553,0.39688458271909066,100.0,0.348939155843359
1bxy_A,0,R1,M6_POOLED_ERROR_GREEDY,5,951,500,1112.6595458984375,0.04837331924219957,0.23813367509425631,100.0,0.1775681429867637
1bxy_A,0,R1,M6_POOLED_ERROR_GREEDY,10,951,500,981.2649536132812,0.04542740024691068,0.3281028983897333,10.0,0.27468958407170996
1bxy_A,0,R1,M6_POOLED_ERROR_GREEDY,20,951,500,881.1356811523438,0.043047321457352815,0.39666396103149815,1.0,0.34870099555422096
1bxy_A,0,R1,M7_MEAN_TRANSFER,5,951,500,1099.9742431640625,0.04809677947564294,0.24681962490718967,10.0,0.18694459342307657
1bxy_A,0,R1,M7_MEAN_TRANSFER,10,951,500,986.93017578125,0.045558346495422224,0.3242237765066781,10.0,0.27050208646278695
1bxy_A,0,R1,M7_MEAN_TRANSFER,20,951,500,888.8157958984375,0.04323451798653171,0.391405190891045,1.0,0.34302417279564357
1bxy_A,0,R1,M8_ROBUST_TRANSFER,5,951,500,1112.5850830078125,0.048371700563125654,0.23818466173166164,10.0,0.17762318287173218
1bxy_A,0,R1,M8_ROBUST_TRANSFER,10,951,500,1015.1788940429688,0.04620575057284466,0.30488115976044305,10.0,0.2496218038068111
1bxy_A,0,R1,M8_ROBUST_TRANSFER,20,951,500,897.135009765625,0.0434363817949861,0.3857088133077464,1.0,0.3368749544341936
1bxy_A,0,R1,M10_INFORMATION_IMBALANCE,5,951,500,1157.7066650390625,0.049342824527624674,0.207288765495654,10.0,0.1442711780845254
1bxy_A,0,R1,M10_INFORMATION_IMBALANCE,10,951,500,1086.9219970703125,0.047810570769755346,0.2557568301824845,0.01,0.1965922731941684
1bxy_A,0,R1,M10_INFORMATION_IMBALANCE,20,951,500,987.2445068359375,0.0455656009412772,0.32400854602910634,10.0,0.2702697459647644
1bxy_A,0,R1,M2_UNIFORM_RANDOM_SEED_1,10,951,500,1177.9385986328125,0.04977211155463858,0.19343544535866553,100.0,0.0
1bxy_A,0,R1,M2_UNIFORM_RANDOM_SEED_2,10,951,500,1151.4620361328125,0.04920956786189226,0.2115646219269789,100.0,0.0
1bxy_A,0,R1,M2_UNIFORM_RANDOM_SEED_3,10,951,500,1135.520263671875,0.048867732030450806,0.22248035948755585,10.0,0.0
1bxy_A,0,R1,M2_UNIFORM_RANDOM_SEED_4,10,951,500,1073.861083984375,0.04752244660808231,0.2646999699680347,100.0,0.0
1bxy_A,0,R1,M2_UNIFORM_RANDOM_SEED_5,10,951,500,1241.1207275390625,0.05108951192038355,0.15017303276627003,100.0,0.0
1bxy_A,0,R1,M2_UNIFORM_RANDOM_SEED_6,10,951,500,1149.5673828125,0.04916906567736108,0.21286193930266495,100.0,0.0
1bxy_A,0,R1,M2_UNIFORM_RANDOM_SEED_7,10,951,500,1204.828369140625,0.05033700035681953,0.17502333474507814,100.0,0.0
1bxy_A,0,R1,M2_UNIFORM_RANDOM_SEED_8,10,951,500,1266.90234375,0.05161742187793692,0.132519703618856,100.0,0.0
1bxy_A,0,R1,M2_UNIFORM_RANDOM_SEED_9,10,951,500,1266.4759521484375,0.051608734907124525,0.1328116648064902,1e-06,0.0
1bxy_A,0,R1,M2_UNIFORM_RANDOM_SEED_10,10,951,500,1204.1363525390625,0.0503225422629735,0.1754971761343419,10.0,0.0
1bxy_A,0,R1,M2_UNIFORM_RANDOM_SEED_11,10,951,500,1089.1785888671875,0.047860175526246544,0.25421168431514796,10.0,0.0
1bxy_A,0,R1,M2_UNIFORM_RANDOM_SEED_12,10,951,500,1073.91748046875,0.04752369447140955,0.264661353859049,1e-06,0.0
1bxy_A,0,R1,M2_UNIFORM_RANDOM_SEED_13,10,951,500,1265.7171630859375,0.05159327231156016,0.1333312270001159,100.0,0.0
1bxy_A,0,R1,M2_UNIFORM_RANDOM_SEED_14,10,951,500,1195.8895263671875,0.050149922998918454,0.18114398801931042,100.0,0.0
1bxy_A,0,R1,M2_UNIFORM_RANDOM_SEED_15,10,951,500,1256.9610595703125,0.05141450407599258,0.13932675405107642,100.0,0.0
1bxy_A,0,R1,M2_UNIFORM_RANDOM_SEED_16,10,951,500,976.5670166015625,0.045318524904033715,0.33131969549442786,100.0,0.0
1bxy_A,0,R1,M2_UNIFORM_RANDOM_SEED_17,10,951,500,1073.7032470703125,0.0475189540371755,0.26480804492240373,100.0,0.0
1bxy_A,0,R1,M2_UNIFORM_RANDOM_SEED_18,10,951,500,1218.1724853515625,0.0506149873140599,0.16588627856808458,100.0,0.0
1bxy_A,0,R1,M2_UNIFORM_RANDOM_SEED_19,10,951,500,1102.45361328125,0.04815095465117658,0.24512193705089447,10.0,0.0
1bxy_A,0,R1,M2_UNIFORM_RANDOM_SEED_20,10,951,500,1240.161865234375,0.051069772796123604,0.15082959020367825,100.0,0.0
1bxy_A,0,R1,M2_UNIFORM_RANDOM_MEAN_20SEEDS,10,951,500,0.0,0.0,0.20008539007995624,0.0,0.0
1bxy_A,1,R2,M1_DEVELOPMENT_CONSTANT_MEAN,0,951,500,1476.087646484375,0.05571611321027801,0.0,0.0,0.0
1bxy_A,1,R2,M3_MEAN_WITHIN_RUN_VARIANCE,5,951,500,1061.552734375,0.047249316017170355,0.2808335352556336,10.0,0.09253876873974165
1bxy_A,1,R2,M3_MEAN_WITHIN_RUN_VARIANCE,10,951,500,923.6619262695312,0.044073877522312475,0.3742499447987159,0.01,0.21041380071027538
1bxy_A,1,R2,M3_MEAN_WITHIN_RUN_VARIANCE,20,951,500,753.6231079101562,0.039810885964031595,0.4894455558211098,1.0,0.3557703435119721
1bxy_A,1,R2,M3b_POOLED_DEVELOPMENT_VARIANCE,5,951,500,1061.5528564453125,0.0472493187338223,0.2808334525570806,10.0,0.09253866438875413
1bxy_A,1,R2,M3b_POOLED_DEVELOPMENT_VARIANCE,10,951,500,955.1277465820312,0.0448183093730911,0.3529329041829755,1.0,0.1835154553725784
1bxy_A,1,R2,M3b_POOLED_DEVELOPMENT_VARIANCE,20,951,500,761.6109008789062,0.040021311380618305,0.4840340933054694,1.0,0.3489420322960045
1bxy_A,1,R2,M4_BUDGET_MATCHED_PCA_QR,5,951,500,1071.001220703125,0.047459124494646655,0.27443250185451507,100.0,0.08446179360772987
1bxy_A,1,R2,M4_BUDGET_MATCHED_PCA_QR,10,951,500,908.696044921875,0.0437153599063185,0.3843888287486634,100.0,0.22320728394936762
1bxy_A,1,R2,M4_BUDGET_MATCHED_PCA_QR,20,951,500,718.6394653320312,0.0388758834233975,0.5131458033378791,100.0,0.38567587560652705
1bxy_A,1,R2,M5_DEVELOPMENT_TUNED_PCA_QR,10,951,500,908.696044921875,0.0437153599063185,0.3843888287486634,100.0,0.22320728394936762
1bxy_A,1,R2,M6_POOLED_ERROR_GREEDY,5,951,500,1071.0394287109375,0.04745997104009971,0.27440661720741877,10.0,0.0844291317486523
1bxy_A,1,R2,M6_POOLED_ERROR_GREEDY,10,951,500,995.72705078125,0.045760935286313024,0.32542823378219354,1.0,0.1488094126260312
1bxy_A,1,R2,M6_POOLED_ERROR_GREEDY,20,951,500,922.6690063476562,0.044050181840536655,0.37492261482900835,1.0,0.21126259164234162
1bxy_A,1,R2,M7_MEAN_TRANSFER,5,951,500,1062.0013427734375,0.04725929865881758,0.2805296180732726,10.0,0.09215527886079611
1bxy_A,1,R2,M7_MEAN_TRANSFER,10,951,500,999.2237548828125,0.04584121442344913,0.3230593337308377,1.0,0.14582027859000524
1bxy_A,1,R2,M7_MEAN_TRANSFER,20,951,500,927.4508056640625,0.04416418096683346,0.3716831057606985,1.0,0.20717490258574445
1bxy_A,1,R2,M8_ROBUST_TRANSFER,5,951,500,1061.87939453125,0.04725658521881487,0.2806122339277429,10.0,0.09225952549727678
1bxy_A,1,R2,M8_ROBUST_TRANSFER,10,951,500,990.6725463867188,0.045644641807493946,0.3288524914179577,10.0,0.15313022178863223
1bxy_A,1,R2,M8_ROBUST_TRANSFER,20,951,500,927.516357421875,0.04416574169033699,0.371638696637725,1.0,0.20711886610547403
1bxy_A,1,R2,M10_INFORMATION_IMBALANCE,5,951,500,1095.4984130859375,0.04799882606972146,0.25783647353522254,10.0,0.06352053309162864
1bxy_A,1,R2,M10_INFORMATION_IMBALANCE,10,951,500,1006.1196899414062,0.04599912425311411,0.3183875684227153,1.0,0.13992533478144675
1bxy_A,1,R2,M10_INFORMATION_IMBALANCE,20,951,500,887.962890625,0.0432137691434767,0.39843484718547884,10.0,0.2409308817668876
1bxy_A,1,R2,M2_UNIFORM_RANDOM_SEED_1,10,951,500,1071.72021484375,0.047475052164373546,0.2739454073772071,100.0,0.0
1bxy_A,1,R2,M2_UNIFORM_RANDOM_SEED_2,10,951,500,1031.17138671875,0.046568276631980494,0.30141588192631397,100.0,0.0
1bxy_A,1,R2,M2_UNIFORM_RANDOM_SEED_3,10,951,500,1030.5029296875,0.04655318023830042,0.3018687392026702,100.0,0.0
1bxy_A,1,R2,M2_UNIFORM_RANDOM_SEED_4,10,951,500,1089.822998046875,0.047874331595916655,0.2616813773609403,100.0,0.0
1bxy_A,1,R2,M2_UNIFORM_RANDOM_SEED_5,10,951,500,1173.68212890625,0.04968210464956794,0.2048696215962309,100.0,0.0
1bxy_A,1,R2,M2_UNIFORM_RANDOM_SEED_6,10,951,500,1055.7017822265625,0.04711892425086221,0.28479735960059904,100.0,0.0
1bxy_A,1,R2,M2_UNIFORM_RANDOM_SEED_7,10,951,500,1160.836669921875,0.04940948175525175,0.21357199033088514,100.0,0.0
1bxy_A,1,R2,M2_UNIFORM_RANDOM_SEED_8,10,951,500,1255.94921875,0.05139380583424705,0.14913642036005292,100.0,0.0
1bxy_A,1,R2,M2_UNIFORM_RANDOM_SEED_9,10,951,500,1077.296142578125,0.04759839314101888,0.2701679028722035,100.0,0.0
1bxy_A,1,R2,M2_UNIFORM_RANDOM_SEED_10,10,951,500,1093.8778076171875,0.04796330983864204,0.2589343795251614,100.0,0.0
1bxy_A,1,R2,M2_UNIFORM_RANDOM_SEED_11,10,951,500,1040.9993896484375,0.04678966941911458,0.2947577387238456,1e-06,0.0
1bxy_A,1,R2,M2_UNIFORM_RANDOM_SEED_12,10,951,500,1180.55029296875,0.04982725770971283,0.2002166702089213,100.0,0.0
1bxy_A,1,R2,M2_UNIFORM_RANDOM_SEED_13,10,951,500,1273.43505859375,0.05175033201341754,0.13729034883076652,100.0,0.0
1bxy_A,1,R2,M2_UNIFORM_RANDOM_SEED_14,10,951,500,1029.9058837890625,0.04653969244922306,0.30227321782550776,100.0,0.0
1bxy_A,1,R2,M2_UNIFORM_RANDOM_SEED_15,10,951,500,1113.13916015625,0.04838374382987811,0.2458854575421494,100.0,0.0
1bxy_A,1,R2,M2_UNIFORM_RANDOM_SEED_16,10,951,500,998.7703857421875,0.045830813674946354,0.3233664761567667,100.0,0.0
1bxy_A,1,R2,M2_UNIFORM_RANDOM_SEED_17,10,951,500,935.45703125,0.04435439514365415,0.3662591557635516,100.0,0.0
1bxy_A,1,R2,M2_UNIFORM_RANDOM_SEED_18,10,951,500,985.1990356445312,0.04551837279751562,0.3325606118369747,100.0,0.0
1bxy_A,1,R2,M2_UNIFORM_RANDOM_SEED_19,10,951,500,1144.421630859375,0.04905889571643062,0.2246926301530502,100.0,0.0
1bxy_A,1,R2,M2_UNIFORM_RANDOM_SEED_20,10,951,500,1032.7269287109375,0.04660338796868421,0.3003620542651365,100.0,0.0
1bxy_A,1,R2,M2_UNIFORM_RANDOM_MEAN_20SEEDS,10,951,500,0.0,0.0,0.2624026720729467,0.0,0.0
1bxy_A,2,R3,M1_DEVELOPMENT_CONSTANT_MEAN,0,951,500,1465.083984375,0.055508053704171945,0.0,0.0,0.0
1bxy_A,2,R3,M3_MEAN_WITHIN_RUN_VARIANCE,5,951,500,1095.0748291015625,0.04798954559086809,0.25255149822095846,10.0,0.019290482042314316
1bxy_A,2,R3,M3_MEAN_WITHIN_RUN_VARIANCE,10,951,500,914.8484497070312,0.04386309956061255,0.37556586553138616,10.0,0.18069472672236175
1bxy_A,2,R3,M3_MEAN_WITHIN_RUN_VARIANCE,20,951,500,735.1378173828125,0.03931960276615666,0.4982282072406792,10.0,0.3416370869290629
1bxy_A,2,R3,M3b_POOLED_DEVELOPMENT_VARIANCE,5,951,500,1095.0748291015625,0.04798954559086809,0.25255149822095846,10.0,0.019290482042314316
1bxy_A,2,R3,M3b_POOLED_DEVELOPMENT_VARIANCE,10,951,500,914.8483276367188,0.04386309663423581,0.3755659488510551,10.0,0.1806948360441306
1bxy_A,2,R3,M3b_POOLED_DEVELOPMENT_VARIANCE,20,951,500,735.1378173828125,0.03931960276615666,0.4982282072406792,10.0,0.3416370869290629
1bxy_A,2,R3,M4_BUDGET_MATCHED_PCA_QR,5,951,500,950.7814331054688,0.04471622013340195,0.35103963783272873,100.0,0.1485144428815075
1bxy_A,2,R3,M4_BUDGET_MATCHED_PCA_QR,10,951,500,748.5353393554688,0.0396762751846068,0.48908366527889424,10.0,0.32963874949452343
1bxy_A,2,R3,M4_BUDGET_MATCHED_PCA_QR,20,951,500,639.052734375,0.036660052965571205,0.5638115349082751,10.0,0.42768742151380257
1bxy_A,2,R3,M5_DEVELOPMENT_TUNED_PCA_QR,10,951,500,748.5353393554688,0.0396762751846068,0.48908366527889424,10.0,0.32963874949452343
1bxy_A,2,R3,M6_POOLED_ERROR_GREEDY,5,951,500,987.595947265625,0.0455737104670239,0.32591171714505485,1e-06,0.11554469188698013
1bxy_A,2,R3,M6_POOLED_ERROR_GREEDY,10,951,500,864.8753662109375,0.04264827826207186,0.40967522992895833,10.0,0.22544881778892567
1bxy_A,2,R3,M6_POOLED_ERROR_GREEDY,20,951,500,791.2228393554688,0.04079191996844248,0.4599471103405708,1.0,0.2914093642184822
1bxy_A,2,R3,M7_MEAN_TRANSFER,5,951,500,981.40673828125,0.04543068207012737,0.3301361909980096,1.0,0.12108752421067226
1bxy_A,2,R3,M7_MEAN_TRANSFER,10,951,500,912.8828735351562,0.04381595370675749,0.37690747884013687,10.0,0.1824550258442128
1bxy_A,2,R3,M7_MEAN_TRANSFER,20,951,500,818.614501953125,0.04149200832565425,0.4412508015352149,10.0,0.2668783792042009
1bxy_A,2,R3,M8_ROBUST_TRANSFER,5,951,500,967.4879150390625,0.0451073707966592,0.33963654960586465,10.0,0.13355272025904008
1bxy_A,2,R3,M8_ROBUST_TRANSFER,10,951,500,878.9122924804688,0.04299297603553577,0.4000942595414352,10.0,0.2128778529292057
1bxy_A,2,R3,M8_ROBUST_TRANSFER,20,951,500,800.066162109375,0.04101924767124556,0.4539110585863918,10.0,0.28348960333580075
1bxy_A,2,R3,M10_INFORMATION_IMBALANCE,5,951,500,1012.2478637695312,0.046138999604223206,0.3090854349886618,10.0,0.09346732465252894
1bxy_A,2,R3,M10_INFORMATION_IMBALANCE,10,951,500,979.1649169921875,0.04537876389228294,0.33166635671749833,10.0,0.12309521849540672
1bxy_A,2,R3,M10_INFORMATION_IMBALANCE,20,951,500,815.6268920898438,0.041416224643260745,0.44329000877189473,1.0,0.26955397483565935
1bxy_A,2,R3,M2_UNIFORM_RANDOM_SEED_1,10,951,500,1025.9752197265625,0.046450797544120646,0.2997157632814885,100.0,0.0
1bxy_A,2,R3,M2_UNIFORM_RANDOM_SEED_2,10,951,500,1113.134765625,0.04838364832336297,0.24022460316508087,100.0,0.0
1bxy_A,2,R3,M2_UNIFORM_RANDOM_SEED_3,10,951,500,1190.484375,0.05003646146901971,0.1874292616010974,100.0,0.0
1bxy_A,2,R3,M2_UNIFORM_RANDOM_SEED_4,10,951,500,963.7389526367188,0.04501989168106942,0.34219542161752137,10.0,0.0
1bxy_A,2,R3,M2_UNIFORM_RANDOM_SEED_5,10,951,500,1095.568115234375,0.04800035303135105,0.2522148034389027,1e-06,0.0
1bxy_A,2,R3,M2_UNIFORM_RANDOM_SEED_6,10,951,500,1171.268310546875,0.04963098974537926,0.20054527724119908,100.0,0.0
1bxy_A,2,R3,M2_UNIFORM_RANDOM_SEED_7,10,951,500,958.2789916992188,0.04489218283045858,0.345922143768422,100.0,0.0
1bxy_A,2,R3,M2_UNIFORM_RANDOM_SEED_8,10,951,500,1143.3160400390625,0.04903519283922888,0.2196242316260133,10.0,0.0
1bxy_A,2,R3,M2_UNIFORM_RANDOM_SEED_9,10,951,500,906.9563598632812,0.04367349365556425,0.3809526487656024,10.0,0.0
1bxy_A,2,R3,M2_UNIFORM_RANDOM_SEED_10,10,951,500,1389.077880859375,0.054049046559434925,0.05187832528798608,100.0,0.0
1bxy_A,2,R3,M2_UNIFORM_RANDOM_SEED_11,10,951,500,934.5303344726562,0.04433242018475602,0.362131902034733,100.0,0.0
1bxy_A,2,R3,M2_UNIFORM_RANDOM_SEED_12,10,951,500,1039.021484375,0.046745197954534565,0.2908109736669853,0.01,0.0
1bxy_A,2,R3,M2_UNIFORM_RANDOM_SEED_13,10,951,500,1068.4090576171875,0.04740165662421132,0.2707523466151551,10.0,0.0
1bxy_A,2,R3,M2_UNIFORM_RANDOM_SEED_14,10,951,500,1013.6439819335938,0.04617080668535056,0.3081325079353653,100.0,0.0
1bxy_A,2,R3,M2_UNIFORM_RANDOM_SEED_15,10,951,500,1082.35546875,0.04771003083824984,0.26123315776212697,100.0,0.0
1bxy_A,2,R3,M2_UNIFORM_RANDOM_SEED_16,10,951,500,1211.4613037109375,0.05047537017332774,0.1731113597370031,100.0,0.0
1bxy_A,2,R3,M2_UNIFORM_RANDOM_SEED_17,10,951,500,1250.702880859375,0.05128635267068196,0.14632683573227323,100.0,0.0
1bxy_A,2,R3,M2_UNIFORM_RANDOM_SEED_18,10,951,500,958.8480834960938,0.044905510880710514,0.34553370747197465,1e-06,0.0
1bxy_A,2,R3,M2_UNIFORM_RANDOM_SEED_19,10,951,500,930.2269287109375,0.04423022953184175,0.36506921198256814,10.0,0.0
1bxy_A,2,R3,M2_UNIFORM_RANDOM_SEED_20,10,951,500,1100.160888671875,0.048100859874391944,0.24907998421592192,10.0,0.0
1bxy_A,2,R3,M2_UNIFORM_RANDOM_MEAN_20SEEDS,10,951,500,0.0,0.0,0.26464422334737103,0.0,0.0
4xo1_A,0,R1,M1_DEVELOPMENT_CONSTANT_MEAN,0,951,500,31623.38671875,0.2578866905248161,0.0,0.0,0.0
4xo1_A,0,R1,M3_MEAN_WITHIN_RUN_VARIANCE,5,951,500,23129.73046875,0.22055150483614697,0.26858781210059257,10.0,-0.4849049344245737
4xo1_A,0,R1,M3_MEAN_WITHIN_RUN_VARIANCE,10,951,500,18857.4375,0.19914347347676542,0.40368697167975587,10.0,-0.21062811484920352
4xo1_A,0,R1,M3_MEAN_WITHIN_RUN_VARIANCE,20,951,500,16430.30078125,0.18588634849211175,0.480438293109567,1.0,-0.05480843095516463
4xo1_A,0,R1,M3b_POOLED_DEVELOPMENT_VARIANCE,5,951,500,20273.20703125,0.2064837919118407,0.35891727184205424,1.0,-0.30151906430498876
4xo1_A,0,R1,M3b_POOLED_DEVELOPMENT_VARIANCE,10,951,500,19043.052734375,0.20012116589630158,0.3978174158340835,10.0,-0.2225444222095594
4xo1_A,0,R1,M3b_POOLED_DEVELOPMENT_VARIANCE,20,951,500,14389.9951171875,0.17396226863579262,0.5449571785220764,1.0,0.07617709662779226
4xo1_A,0,R1,M4_BUDGET_MATCHED_PCA_QR,5,951,500,37025.125,0.27904420387850987,-0.17081466729960404,100.0,-1.376974988293405
4xo1_A,0,R1,M4_BUDGET_MATCHED_PCA_QR,10,951,500,25617.10546875,0.23210781727614002,0.18993162571163769,100.0,-0.6445918540907818
4xo1_A,0,R1,M4_BUDGET_MATCHED_PCA_QR,20,951,500,47203.23828125,0.31507259951942584,-0.4926686600983967,1000.0,-2.0303994047551503
4xo1_A,0,R1,M5_DEVELOPMENT_TUNED_PCA_QR,10,951,500,25617.10546875,0.23210781727614002,0.18993162571163769,100.0,-0.6445918540907818
4xo1_A,0,R1,M6_POOLED_ERROR_GREEDY,5,951,500,23129.728515625,0.22055149552422118,0.2685878738626365,10.0,-0.48490480903595534
4xo1_A,0,R1,M6_POOLED_ERROR_GREEDY,10,951,500,17652.8203125,0.19267784913916777,0.4417795769472924,10.0,-0.133292928940828
4xo1_A,0,R1,M6_POOLED_ERROR_GREEDY,20,951,500,12938.4765625,0.16495531410641284,0.590857339931002,1e-06,0.16936309666252491
4xo1_A,0,R1,M7_MEAN_TRANSFER,5,951,500,21567.40625,0.21297258330780316,0.3179918886672455,10.0,-0.38460532459006846
4xo1_A,0,R1,M7_MEAN_TRANSFER,10,951,500,17641.248046875,0.19261468402581858,0.4421455170576266,10.0,-0.13255000137614004
4xo1_A,0,R1,M7_MEAN_TRANSFER,20,951,500,13009.5810546875,0.1654079560151741,0.5886088618404076,10.0,0.1647982613112603
4xo1_A,0,R1,M8_ROBUST_TRANSFER,5,951,500,20691.521484375,0.2086031933864136,0.34568926255748966,10.0,-0.3283744224521863
4xo1_A,0,R1,M8_ROBUST_TRANSFER,10,951,500,19141.267578125,0.2006365662336805,0.3947116496926041,10.0,-0.2288497142800896
4xo1_A,0,R1,M8_ROBUST_TRANSFER,20,951,500,12377.3681640625,0.16133882657042595,0.6086008031289145,1e-06,0.20538567940349628
4xo1_A,0,R1,M10_INFORMATION_IMBALANCE,5,951,500,21962.224609375,0.2149131074717037,0.3055068767712582,10.0,-0.4099522576565582
4xo1_A,0,R1,M10_INFORMATION_IMBALANCE,10,951,500,17503.494140625,0.19186118218518114,0.44650159401659195,10.0,-0.12370634211243825
4xo1_A,0,R1,M10_INFORMATION_IMBALANCE,20,951,500,14281.1181640625,0.1733029061949334,0.5484001036614146,1.0,0.0831668851667835
4xo1_A,0,R1,M2_UNIFORM_RANDOM_SEED_1,10,951,500,32966.0234375,0.2633043420164408,-0.04245708186447761,100.0,0.0
4xo1_A,0,R1,M2_UNIFORM_RANDOM_SEED_2,10,951,500,40426.8984375,0.2915814901164834,-0.2783861133232217,1000.0,0.0
4xo1_A,0,R1,M2_UNIFORM_RANDOM_SEED_3,10,951,500,80420.9375,0.41125321408937743,-1.5430842754206706,10.0,0.0
4xo1_A,0,R1,M2_UNIFORM_RANDOM_SEED_4,10,951,500,30230.5390625,0.2521434466566666,0.044044860490042304,1e-06,0.0
4xo1_A,0,R1,M2_UNIFORM_RANDOM_SEED_5,10,951,500,21574.98046875,0.21300997675498884,0.3177523754608529,100.0,0.0
4xo1_A,0,R1,M2_UNIFORM_RANDOM_SEED_6,10,951,500,48527.46484375,0.3194615107870474,-0.5345435729367123,100.0,0.0
4xo1_A,0,R1,M2_UNIFORM_RANDOM_SEED_7,10,951,500,41228.01171875,0.29445635704016815,-0.30371905088537754,1000.0,0.0
4xo1_A,0,R1,M2_UNIFORM_RANDOM_SEED_8,10,951,500,37828.8125,0.2820564876939775,-0.1962290072356705,1000.0,0.0
4xo1_A,0,R1,M2_UNIFORM_RANDOM_SEED_9,10,951,500,33240.71484375,0.26439906604933433,-0.05114341924804222,1000.0,0.0
4xo1_A,0,R1,M2_UNIFORM_RANDOM_SEED_10,10,951,500,38432.7109375,0.28429894567161074,-0.21532558417320447,100.0,0.0
4xo1_A,0,R1,M2_UNIFORM_RANDOM_SEED_11,10,951,500,46953.01953125,0.3142364087282888,-0.48475620112537854,1000.0,0.0
4xo1_A,0,R1,M2_UNIFORM_RANDOM_SEED_12,10,951,500,40125.2265625,0.2904915394917701,-0.2688465950646939,100.0,0.0
4xo1_A,0,R1,M2_UNIFORM_RANDOM_SEED_13,10,951,500,84368.96875,0.4212269114573011,-1.6679295769411162,10.0,0.0
4xo1_A,0,R1,M2_UNIFORM_RANDOM_SEED_14,10,951,500,21786.68359375,0.21405249900843495,0.31105786399429713,100.0,0.0
4xo1_A,0,R1,M2_UNIFORM_RANDOM_SEED_15,10,951,500,32173.048828125,0.26011826489324535,-0.017381506739412522,10.0,0.0
4xo1_A,0,R1,M2_UNIFORM_RANDOM_SEED_16,10,951,500,51085.70703125,0.327773956603075,-0.615440733327923,100.0,0.0
4xo1_A,0,R1,M2_UNIFORM_RANDOM_SEED_17,10,951,500,30820.390625,0.25459144659490224,0.02539247617251228,1000.0,0.0
4xo1_A,0,R1,M2_UNIFORM_RANDOM_SEED_18,10,951,500,27556.828125,0.24073506485575405,0.12859339291888283,1000.0,0.0
4xo1_A,0,R1,M2_UNIFORM_RANDOM_SEED_19,10,951,500,54912.15234375,0.33982785381529074,-0.736441224089124,10.0,0.0
4xo1_A,0,R1,M2_UNIFORM_RANDOM_SEED_20,10,951,500,47460.19140625,0.31592899216256465,-0.5007940745989141,1e-06,0.0
4xo1_A,0,R1,M2_UNIFORM_RANDOM_MEAN_20SEEDS,10,951,500,0.0,0.0,-0.3314818523968676,0.0,0.0
4xo1_A,1,R2,M1_DEVELOPMENT_CONSTANT_MEAN,0,951,500,34198.5234375,0.26818125388794145,0.0,0.0,0.0
4xo1_A,1,R2,M3_MEAN_WITHIN_RUN_VARIANCE,5,951,500,21825.62890625,0.21424373094372118,0.36179616216069266,100.0,-0.1069980062643281
4xo1_A,1,R2,M3_MEAN_WITHIN_RUN_VARIANCE,10,951,500,21547.09765625,0.2128722886250309,0.3699407023923502,0.01,-0.09287087436097141
4xo1_A,1,R2,M3_MEAN_WITHIN_RUN_VARIANCE,20,951,500,13225.3544921875,0.16677402110659215,0.6132770317888816,1.0,0.32920874271814937
4xo1_A,1,R2,M3b_POOLED_DEVELOPMENT_VARIANCE,5,951,500,22531.3125,0.21767972740335165,0.34116124805278736,10.0,-0.14279034630136578
4xo1_A,1,R2,M3b_POOLED_DEVELOPMENT_VARIANCE,10,951,500,18623.255859375,0.19790307593494105,0.45543684383303285,10.0,0.05542666399065321
4xo1_A,1,R2,M3b_POOLED_DEVELOPMENT_VARIANCE,20,951,500,14038.681640625,0.17182561306512206,0.5894945094257771,0.01,0.28795671119006183
4xo1_A,1,R2,M4_BUDGET_MATCHED_PCA_QR,5,951,500,20367.12109375,0.20696149940778555,0.4044444307377123,1000.0,-0.033022349136936135
4xo1_A,1,R2,M4_BUDGET_MATCHED_PCA_QR,10,951,500,18237.142578125,0.19584078265693905,0.46672719331129753,100.0,0.07501036691036744
4xo1_A,1,R2,M4_BUDGET_MATCHED_PCA_QR,20,951,500,23954.4453125,0.2244490640672689,0.29954738086051325,1000.0,-0.21497178001188355
4xo1_A,1,R2,M5_DEVELOPMENT_TUNED_PCA_QR,10,951,500,18237.142578125,0.19584078265693905,0.46672719331129753,100.0,0.07501036691036744
4xo1_A,1,R2,M6_POOLED_ERROR_GREEDY,5,951,500,17956.580078125,0.19432852427864922,0.47493112938218507,100.0,0.08924052400992288
4xo1_A,1,R2,M6_POOLED_ERROR_GREEDY,10,951,500,12845.4873046875,0.16436147555641503,0.6243847390615138,10.0,0.34847564315955293
4xo1_A,1,R2,M6_POOLED_ERROR_GREEDY,20,951,500,11378.767578125,0.15469360224131887,0.6672731324520361,10.0,0.42286780936138446
4xo1_A,1,R2,M7_MEAN_TRANSFER,5,951,500,17311.22265625,0.19080449888689324,0.49380204417634077,100.0,0.12197311478255046
4xo1_A,1,R2,M7_MEAN_TRANSFER,10,951,500,16261.2431640625,0.18492754806052336,0.5245045244780533,100.0,0.17522817604390772
4xo1_A,1,R2,M7_MEAN_TRANSFER,20,951,500,11720.84765625,0.1570016620448906,0.6572703591232352,1.0,0.405517474757341
4xo1_A,1,R2,M8_ROBUST_TRANSFER,5,951,500,17876.884765625,0.19389680803833598,0.4772615022898238,100.0,0.09328267795769984
4xo1_A,1,R2,M8_ROBUST_TRANSFER,10,951,500,16443.6015625,0.18596157333182106,0.5191721773440967,100.0,0.1659789404611447
4xo1_A,1,R2,M8_ROBUST_TRANSFER,20,951,500,15072.0146484375,0.17803705145185025,0.5592787894488318,100.0,0.23554596122408988
4xo1_A,1,R2,M10_INFORMATION_IMBALANCE,5,951,500,21647.083984375,0.2133656191938987,0.3670169993176332,100.0,-0.09794219058115927
4xo1_A,1,R2,M10_INFORMATION_IMBALANCE,10,951,500,14274.3369140625,0.17326175571002173,0.5826037068486372,1.0,0.27600425295934927
4xo1_A,1,R2,M10_INFORMATION_IMBALANCE,20,951,500,13052.8525390625,0.1656828113695173,0.6183211663241126,10.0,0.3379580584426275
4xo1_A,1,R2,M2_UNIFORM_RANDOM_SEED_1,10,951,500,29303.3671875,0.24824671078667646,0.14313940363379174,1000.0,0.0
4xo1_A,1,R2,M2_UNIFORM_RANDOM_SEED_2,10,951,500,28621.439453125,0.24534119443952246,0.16307967197962447,1000.0,0.0
4xo1_A,1,R2,M2_UNIFORM_RANDOM_SEED_3,10,951,500,27817.70703125,0.24187189312530058,0.18658163466944278,1000.0,0.0
4xo1_A,1,R2,M2_UNIFORM_RANDOM_SEED_4,10,951,500,25065.052734375,0.229593215616098,0.2670720775362423,1000.0,0.0
4xo1_A,1,R2,M2_UNIFORM_RANDOM_SEED_5,10,951,500,44098.7265625,0.3045353861101699,-0.28949212216993114,1000.0,0.0
4xo1_A,1,R2,M2_UNIFORM_RANDOM_SEED_6,10,951,500,36097.90625,0.27552800377139575,-0.05553990703637379,1000.0,0.0
4xo1_A,1,R2,M2_UNIFORM_RANDOM_SEED_7,10,951,500,34287.625,0.26853038920463596,-0.002605421332381175,100.0,0.0
4xo1_A,1,R2,M2_UNIFORM_RANDOM_SEED_8,10,951,500,33753.58984375,0.266430980931075,0.013010315915046533,1000.0,0.0
4xo1_A,1,R2,M2_UNIFORM_RANDOM_SEED_9,10,951,500,27513.158203125,0.24054424010389625,0.19548695564570018,1000.0,0.0
4xo1_A,1,R2,M2_UNIFORM_RANDOM_SEED_10,10,951,500,34392.515625,0.26894081150810345,-0.005672531092008493,1000.0,0.0
4xo1_A,1,R2,M2_UNIFORM_RANDOM_SEED_11,10,951,500,24371.9140625,0.22639642173391827,0.287340165225518,1000.0,0.0
4xo1_A,1,R2,M2_UNIFORM_RANDOM_SEED_12,10,951,500,26543.142578125,0.23626582623816358,0.22385121022449117,100.0,0.0
4xo1_A,1,R2,M2_UNIFORM_RANDOM_SEED_13,10,951,500,35407.16796875,0.27287913829999544,-0.03534200923788067,1000.0,0.0
4xo1_A,1,R2,M2_UNIFORM_RANDOM_SEED_14,10,951,500,33404.84375,0.2650510089192781,0.023208010397013257,1000.0,0.0
4xo1_A,1,R2,M2_UNIFORM_RANDOM_SEED_15,10,951,500,28029.619140625,0.24279142143634516,0.18038510663038043,1000.0,0.0
4xo1_A,1,R2,M2_UNIFORM_RANDOM_SEED_16,10,951,500,28270.208984375,0.24383118474640814,0.17335001214188017,1000.0,0.0
4xo1_A,1,R2,M2_UNIFORM_RANDOM_SEED_17,10,951,500,41232.1015625,0.29447096180251814,-0.20566905871986885,1000.0,0.0
4xo1_A,1,R2,M2_UNIFORM_RANDOM_SEED_18,10,951,500,49109.2109375,0.3213706546347341,-0.4360038387987786,1000.0,0.0
4xo1_A,1,R2,M2_UNIFORM_RANDOM_SEED_19,10,951,500,17871.873046875,0.19386962700546104,0.4774080501008473,1000.0,0.0
4xo1_A,1,R2,M2_UNIFORM_RANDOM_SEED_20,10,951,500,17324.49609375,0.19087763486206621,0.49341391521152567,10.0,0.0
4xo1_A,1,R2,M2_UNIFORM_RANDOM_MEAN_20SEEDS,10,951,500,0.0,0.0,0.08985008204621406,0.0,0.0
4xo1_A,2,R3,M1_DEVELOPMENT_CONSTANT_MEAN,0,951,500,45592.640625,0.3096507330823273,0.0,0.0,0.0
4xo1_A,2,R3,M3_MEAN_WITHIN_RUN_VARIANCE,5,951,500,25857.220703125,0.23319308104118022,0.43286415639311304,10.0,-0.13971495454706684
4xo1_A,2,R3,M3_MEAN_WITHIN_RUN_VARIANCE,10,951,500,18828.7421875,0.19899189774469123,0.5870223367326621,10.0,0.1700809884872312
4xo1_A,2,R3,M3_MEAN_WITHIN_RUN_VARIANCE,20,951,500,12124.8671875,0.15968467342357334,0.7340608698840856,10.0,0.4655693040582398
4xo1_A,2,R3,M3b_POOLED_DEVELOPMENT_VARIANCE,5,951,500,25857.216796875,0.23319306342694168,0.4328642420703177,10.0,-0.13971478237034307
4xo1_A,2,R3,M3b_POOLED_DEVELOPMENT_VARIANCE,10,951,500,18257.61328125,0.19595066484207313,0.5995491151429662,10.0,0.19525477506316302
4xo1_A,2,R3,M3b_POOLED_DEVELOPMENT_VARIANCE,20,951,500,12124.8671875,0.15968467342357334,0.7340608698840856,10.0,0.4655693040582398
4xo1_A,2,R3,M4_BUDGET_MATCHED_PCA_QR,5,951,500,33755.62890625,0.2664390283894351,0.2596254912302527,1000.0,-0.48785499827306755
4xo1_A,2,R3,M4_BUDGET_MATCHED_PCA_QR,10,951,500,20577.517578125,0.20802772998305602,0.548665808866494,1000.0,0.09299979373228517
4xo1_A,2,R3,M4_BUDGET_MATCHED_PCA_QR,20,951,500,16646.45703125,0.1871051090491166,0.6348871922517649,100.0,0.2662700977585001
4xo1_A,2,R3,M5_DEVELOPMENT_TUNED_PCA_QR,10,951,500,20577.517578125,0.20802772998305602,0.548665808866494,1000.0,0.09299979373228517
4xo1_A,2,R3,M6_POOLED_ERROR_GREEDY,5,951,500,15330.421875,0.17955677335607298,0.6637522708743084,10.0,0.32427729681166584
4xo1_A,2,R3,M6_POOLED_ERROR_GREEDY,10,951,500,12224.111328125,0.16033686494046825,0.7318841119849044,1.0,0.461194896130948
4xo1_A,2,R3,M6_POOLED_ERROR_GREEDY,20,951,500,8471.6025390625,0.13347733448162918,0.8141892546048928,0.01,0.6265951312554816
4xo1_A,2,R3,M7_MEAN_TRANSFER,5,951,500,14157.9638671875,0.1725540429048007,0.6894682195831359,1e-06,0.3759560112576029
4xo1_A,2,R3,M7_MEAN_TRANSFER,10,951,500,10062.8828125,0.14547418973506832,0.7792871245325024,10.0,0.5564558867738317
4xo1_A,2,R3,M7_MEAN_TRANSFER,20,951,500,8607.208984375,0.13454139094237405,0.8112149490272039,0.01,0.6206179732526904
4xo1_A,2,R3,M8_ROBUST_TRANSFER,5,951,500,17803.78125,0.19349995312970683,0.609503178452937,10.0,0.21525843898384056
4xo1_A,2,R3,M8_ROBUST_TRANSFER,10,951,500,13960.3759765625,0.1713457341858431,0.6938019867858334,10.0,0.3846651403774045
4xo1_A,2,R3,M8_ROBUST_TRANSFER,20,951,500,9705.974609375,0.1428710757603036,0.7871153222028363,1e-06,0.5721874157410158
4xo1_A,2,R3,M10_INFORMATION_IMBALANCE,5,951,500,13482.6328125,0.16838836996301515,0.7042805016845852,1e-06,0.4057227410672133
4xo1_A,2,R3,M10_INFORMATION_IMBALANCE,10,951,500,11811.6787109375,0.15760883249960164,0.74093014686101,1.0,0.479373788091087
4xo1_A,2,R3,M10_INFORMATION_IMBALANCE,20,951,500,10633.98828125,0.14954532057151443,0.766760860185426,1e-06,0.5312831332582413
4xo1_A,2,R3,M2_UNIFORM_RANDOM_SEED_1,10,951,500,35906.83203125,0.27479782083745435,0.21244236922831228,1000.0,0.0
4xo1_A,2,R3,M2_UNIFORM_RANDOM_SEED_2,10,951,500,34866.72265625,0.2707885538892944,0.23525546714810397,1000.0,0.0
4xo1_A,2,R3,M2_UNIFORM_RANDOM_SEED_3,10,951,500,29604.966796875,0.24952095763777676,0.3506634757048578,1000.0,0.0
4xo1_A,2,R3,M2_UNIFORM_RANDOM_SEED_4,10,951,500,21243.4921875,0.21136724902167445,0.534058745089411,1000.0,0.0
4xo1_A,2,R3,M2_UNIFORM_RANDOM_SEED_5,10,951,500,27462.5,0.2403226887798496,0.39765498063866533,1000.0,0.0
4xo1_A,2,R3,M2_UNIFORM_RANDOM_SEED_6,10,951,500,22396.7734375,0.21702884929155383,0.508763407197365,10.0,0.0
4xo1_A,2,R3,M2_UNIFORM_RANDOM_SEED_7,10,951,500,29651.5859375,0.2497173415227764,0.3496409611063189,1000.0,0.0
4xo1_A,2,R3,M2_UNIFORM_RANDOM_SEED_8,10,951,500,31539.89453125,0.25754602880496363,0.30822400065251754,1000.0,0.0
4xo1_A,2,R3,M2_UNIFORM_RANDOM_SEED_9,10,951,500,46131.47265625,0.3114751465046861,-0.011818399282504721,1000.0,0.0
4xo1_A,2,R3,M2_UNIFORM_RANDOM_SEED_10,10,951,500,50065.76171875,0.3244853944750905,-0.09811059487739415,1000.0,0.0
4xo1_A,2,R3,M2_UNIFORM_RANDOM_SEED_11,10,951,500,34716.49609375,0.27020456515771807,0.23855044108338486,1000.0,0.0
4xo1_A,2,R3,M2_UNIFORM_RANDOM_SEED_12,10,951,500,43194.90234375,0.30139843130438565,0.05259046741713047,1000.0,0.0
4xo1_A,2,R3,M2_UNIFORM_RANDOM_SEED_13,10,951,500,18363.314453125,0.19651706755503737,0.5972307328245479,0.0001,0.0
4xo1_A,2,R3,M2_UNIFORM_RANDOM_SEED_14,10,951,500,38977.5546875,0.2863070446973368,0.145091090290408,1000.0,0.0
4xo1_A,2,R3,M2_UNIFORM_RANDOM_SEED_15,10,951,500,31670.884765625,0.2580802896190501,0.30535094411138863,1000.0,0.0
4xo1_A,2,R3,M2_UNIFORM_RANDOM_SEED_16,10,951,500,32689.251953125,0.26219670557534397,0.2830147255125125,1000.0,0.0
4xo1_A,2,R3,M2_UNIFORM_RANDOM_SEED_17,10,951,500,35057.21875,0.27152727969256607,0.23107724691039433,100.0,0.0
4xo1_A,2,R3,M2_UNIFORM_RANDOM_SEED_18,10,951,500,14351.462890625,0.17372920230094904,0.6852241349943744,1.0,0.0
4xo1_A,2,R3,M2_UNIFORM_RANDOM_SEED_19,10,951,500,28021.966796875,0.24275827702878264,0.3853839915227547,1000.0,0.0
4xo1_A,2,R3,M2_UNIFORM_RANDOM_SEED_20,10,951,500,32236.439453125,0.2603743945711973,0.2929464270720775,1000.0,0.0
4xo1_A,2,R3,M2_UNIFORM_RANDOM_MEAN_20SEEDS,10,951,500,0.0,0.0,0.30016173071723135,0.0,0.0
1i2t_A,0,R1,M1_DEVELOPMENT_CONSTANT_MEAN,0,951,500,1870.7481689453125,0.06272380612474485,0.0,0.0,0.0
1i2t_A,0,R1,M3_MEAN_WITHIN_RUN_VARIANCE,5,951,500,1355.585693359375,0.0533934800179939,0.27537777886821346,10.0,0.22604175487419564
1i2t_A,0,R1,M3_MEAN_WITHIN_RUN_VARIANCE,10,951,500,1249.737060546875,0.0512665466206954,0.33195868835116926,1.0,0.28647498495462687
1i2t_A,0,R1,M3_MEAN_WITHIN_RUN_VARIANCE,20,951,500,999.3609008789062,0.045844360227016025,0.4657961357555013,1.0,0.42942477714204474
1i2t_A,0,R1,M3b_POOLED_DEVELOPMENT_VARIANCE,5,951,500,1355.585693359375,0.0533934800179939,0.27537777886821346,10.0,0.22604175487419564
1i2t_A,0,R1,M3b_POOLED_DEVELOPMENT_VARIANCE,10,951,500,1249.737060546875,0.0512665466206954,0.33195868835116926,1.0,0.28647498495462687
1i2t_A,0,R1,M3b_POOLED_DEVELOPMENT_VARIANCE,20,951,500,999.3609008789062,0.045844360227016025,0.4657961357555013,1.0,0.42942477714204474
1i2t_A,0,R1,M4_BUDGET_MATCHED_PCA_QR,5,951,500,1085.603759765625,0.047781569240958895,0.4196954043377923,1.0,0.3801852697869742
1i2t_A,0,R1,M4_BUDGET_MATCHED_PCA_QR,10,951,500,1043.2408447265625,0.046840015533257,0.4423403095913657,100.0,0.4043719571669466
1i2t_A,0,R1,M4_BUDGET_MATCHED_PCA_QR,20,951,500,826.4598999023438,0.04169035877173486,0.5582195863549694,100.0,0.5281408936899339
1i2t_A,0,R1,M5_DEVELOPMENT_TUNED_PCA_QR,10,951,500,1031.0181884765625,0.04656481724433189,0.4488738753876058,10.0,0.4113503618730209
1i2t_A,0,R1,M6_POOLED_ERROR_GREEDY,5,951,500,1101.612060546875,0.048132573241292,0.4111382393238209,100.0,0.37104548877512367
1i2t_A,0,R1,M6_POOLED_ERROR_GREEDY,10,951,500,932.8847045898438,0.04429337014118981,0.5013306867937313,10.0,0.46737870397570713
1i2t_A,0,R1,M6_POOLED_ERROR_GREEDY,20,951,500,790.8023681640625,0.04078107971861344,0.5772801591943293,10.0,0.5484992087893554
1i2t_A,0,R1,M7_MEAN_TRANSFER,5,951,500,1100.2366943359375,0.04810251702056612,0.4118734351314495,100.0,0.37183074051113496
1i2t_A,0,R1,M7_MEAN_TRANSFER,10,951,500,932.8847045898438,0.04429337014118981,0.5013306867937313,10.0,0.46737870397570713
1i2t_A,0,R1,M7_MEAN_TRANSFER,20,951,500,804.3605346679688,0.04112918619716093,0.5700327024126128,1.0,0.5407583077117686
1i2t_A,0,R1,M8_ROBUST_TRANSFER,5,951,500,1100.2366943359375,0.04810251702056612,0.4118734351314495,100.0,0.37183074051113496
1i2t_A,0,R1,M8_ROBUST_TRANSFER,10,951,500,926.5231323242188,0.044142088051998235,0.5047312365690715,10.0,0.4710107807459648
1i2t_A,0,R1,M8_ROBUST_TRANSFER,20,951,500,747.5919799804688,0.039651265820105065,0.6003780773967322,10.0,0.5731697525798416
1i2t_A,0,R1,M10_INFORMATION_IMBALANCE,5,951,500,1295.3829345703125,0.05219438984582687,0.3075588921727388,1.0,0.26041392461039714
1i2t_A,0,R1,M10_INFORMATION_IMBALANCE,10,951,500,1097.765380859375,0.048048463548132574,0.41319446460916676,10.0,0.37324171249973426
1i2t_A,0,R1,M10_INFORMATION_IMBALANCE,20,951,500,824.46533203125,0.0416400208898627,0.5592857736185487,1.0,0.5292796724900188
1i2t_A,0,R1,M2_UNIFORM_RANDOM_SEED_1,10,951,500,1425.65771484375,0.054756083065621804,0.23792109568253372,10.0,0.0
1i2t_A,0,R1,M2_UNIFORM_RANDOM_SEED_2,10,951,500,1346.605712890625,0.05321633551552172,0.28017798694422225,10.0,0.0
1i2t_A,0,R1,M2_UNIFORM_RANDOM_SEED_3,10,951,500,1200.0623779296875,0.05023734158833093,0.35851206600070773,1.0,0.0
1i2t_A,0,R1,M2_UNIFORM_RANDOM_SEED_4,10,951,500,1387.0068359375,0.05400873933132286,0.2585817487559191,100.0,0.0
1i2t_A,0,R1,M2_UNIFORM_RANDOM_SEED_5,10,951,500,1321.0762939453125,0.05270947482144256,0.29382462274967414,100.0,0.0
1i2t_A,0,R1,M2_UNIFORM_RANDOM_SEED_6,10,951,500,1118.6390380859375,0.04850312548789517,0.4020365452413608,10.0,0.0
1i2t_A,0,R1,M2_UNIFORM_RANDOM_SEED_7,10,951,500,1390.3148193359375,0.054073105854312915,0.2568134811433401,100.0,0.0
1i2t_A,0,R1,M2_UNIFORM_RANDOM_SEED_8,10,951,500,1195.3831787109375,0.05013930496777766,0.36101331084831756,10.0,0.0
1i2t_A,0,R1,M2_UNIFORM_RANDOM_SEED_9,10,951,500,1174.21533203125,0.049693388644107175,0.3723284878620262,10.0,0.0
1i2t_A,0,R1,M2_UNIFORM_RANDOM_SEED_10,10,951,500,1289.78662109375,0.052081522707749565,0.3105503763123265,10.0,0.0
1i2t_A,0,R1,M2_UNIFORM_RANDOM_SEED_11,10,951,500,1096.340576171875,0.0480172720451943,0.4139560875315633,10.0,0.0
1i2t_A,0,R1,M2_UNIFORM_RANDOM_SEED_12,10,951,500,1387.7969970703125,0.05402412120592209,0.2581593716845798,10.0,0.0
1i2t_A,0,R1,M2_UNIFORM_RANDOM_SEED_13,10,951,500,1536.3076171875,0.056841277658231694,0.17877368921673886,100.0,0.0
1i2t_A,0,R1,M2_UNIFORM_RANDOM_SEED_14,10,951,500,1251.4375,0.051301412364772175,0.331049726107425,100.0,0.0
1i2t_A,0,R1,M2_UNIFORM_RANDOM_SEED_15,10,951,500,1283.3984375,0.05195238533258632,0.3139651510531466,100.0,0.0
1i2t_A,0,R1,M2_UNIFORM_RANDOM_SEED_16,10,951,500,1110.71875,0.04833111238959831,0.406270299531444,100.0,0.0
1i2t_A,0,R1,M2_UNIFORM_RANDOM_SEED_17,10,951,500,1264.0560302734375,0.051559405576617826,0.3243045476366362,10.0,0.0
1i2t_A,0,R1,M2_UNIFORM_RANDOM_SEED_18,10,951,500,1284.0794677734375,0.05196616766770682,0.3136011093907023,100.0,0.0
1i2t_A,0,R1,M2_UNIFORM_RANDOM_SEED_19,10,951,500,1217.193359375,0.05059464191476901,0.3493547770990323,100.0,0.0
1i2t_A,0,R1,M2_UNIFORM_RANDOM_SEED_20,10,951,500,1523.1058349609375,0.05659652679576475,0.1858306423896533,10.0,0.0
1i2t_A,0,R1,M2_UNIFORM_RANDOM_MEAN_20SEEDS,10,951,500,0.0,0.0,0.3103512561590675,0.0,0.0
1i2t_A,1,R2,M1_DEVELOPMENT_CONSTANT_MEAN,0,951,500,1524.555419921875,0.056623452686651546,0.0,0.0,0.0
1i2t_A,1,R2,M3_MEAN_WITHIN_RUN_VARIANCE,5,951,500,1206.282470703125,0.05036736693904599,0.20876443391940436,1e-06,0.17123754396832314
1i2t_A,1,R2,M3_MEAN_WITHIN_RUN_VARIANCE,10,951,500,1140.5718994140625,0.04897631134973314,0.2518658984056411,1e-06,0.21638323394674497
1i2t_A,1,R2,M3_MEAN_WITHIN_RUN_VARIANCE,20,951,500,979.5275268554688,0.045387165574144676,0.3574995608190721,0.01,0.3270269123332378
1i2t_A,1,R2,M3b_POOLED_DEVELOPMENT_VARIANCE,5,951,500,1210.0244140625,0.05044542738633826,0.20630998502861442,10.0,0.16866668494967263
1i2t_A,1,R2,M3b_POOLED_DEVELOPMENT_VARIANCE,10,951,500,1140.5718994140625,0.04897631134973314,0.2518658984056411,1e-06,0.21638323394674497
1i2t_A,1,R2,M3b_POOLED_DEVELOPMENT_VARIANCE,20,951,500,976.6468505859375,0.045320377252315455,0.35938907971217915,0.01,0.3290060477332385
1i2t_A,1,R2,M4_BUDGET_MATCHED_PCA_QR,5,951,500,1011.398681640625,0.04611964237169915,0.33659434847409253,10.0,0.30513020309819794
1i2t_A,1,R2,M4_BUDGET_MATCHED_PCA_QR,10,951,500,988.9071044921875,0.04560395283502466,0.3513472245286672,10.0,0.3205827817191075
1i2t_A,1,R2,M4_BUDGET_MATCHED_PCA_QR,20,951,500,710.8811645507812,0.038665465495432864,0.5337124808573965,10.0,0.5115972964969342
1i2t_A,1,R2,M5_DEVELOPMENT_TUNED_PCA_QR,10,951,500,990.8038330078125,0.04564766618335474,0.3501031054295254,10.0,0.31927965627277777
1i2t_A,1,R2,M6_POOLED_ERROR_GREEDY,5,951,500,1047.9779052734375,0.046946238694907584,0.31260097758391714,10.0,0.2799988694728397
1i2t_A,1,R2,M6_POOLED_ERROR_GREEDY,10,951,500,990.3377685546875,0.04563692881218439,0.35040881058594986,10.0,0.3195998604788588
1i2t_A,1,R2,M6_POOLED_ERROR_GREEDY,20,951,500,818.1534423828125,0.041480322127889324,0.4633494908143527,10.0,0.437897115486788
1i2t_A,1,R2,M7_MEAN_TRANSFER,5,951,500,1054.3931884765625,0.04708971209541808,0.3083930077592101,10.0,0.2755913231537246
1i2t_A,1,R2,M7_MEAN_TRANSFER,10,951,500,960.9181518554688,0.044953958263133996,0.36970598818591294,1.0,0.3398122687524725
1i2t_A,1,R2,M7_MEAN_TRANSFER,20,951,500,837.2114868164062,0.04196066173402812,0.45084876818757513,1.0,0.4248035059089753
1i2t_A,1,R2,M8_ROBUST_TRANSFER,5,951,500,1054.3931884765625,0.04708971209541808,0.3083930077592101,10.0,0.2755913231537246
1i2t_A,1,R2,M8_ROBUST_TRANSFER,10,951,500,967.2241821289062,0.04510122234311533,0.36556968051809413,10.0,0.33547978339837636
1i2t_A,1,R2,M8_ROBUST_TRANSFER,20,951,500,835.8206787109375,0.04192579390990329,0.45176103945518187,10.0,0.42575904457371705
1i2t_A,1,R2,M10_INFORMATION_IMBALANCE,5,951,500,1071.61328125,0.047472683633617105,0.2970978507918628,1.0,0.26376045706173135
1i2t_A,1,R2,M10_INFORMATION_IMBALANCE,10,951,500,998.0701904296875,0.04581474584411275,0.34533689140613,1.0,0.3142873892295147
1i2t_A,1,R2,M10_INFORMATION_IMBALANCE,20,951,500,885.4740600585938,0.04315316569966108,0.4191919503300383,1.0,0.3916452617115862
1i2t_A,1,R2,M2_UNIFORM_RANDOM_SEED_1,10,951,500,1155.0469970703125,0.04928611284307648,0.2423712631387961,10.0,0.0
1i2t_A,1,R2,M2_UNIFORM_RANDOM_SEED_2,10,951,500,1259.0240478515625,0.051456678824930345,0.17416970783779018,1e-06,0.0
1i2t_A,1,R2,M2_UNIFORM_RANDOM_SEED_3,10,951,500,1078.758544921875,0.04763068899365463,0.29241106566191255,0.0001,0.0
1i2t_A,1,R2,M2_UNIFORM_RANDOM_SEED_4,10,951,500,1118.1932373046875,0.048493459775719464,0.26654471021985626,10.0,0.0
1i2t_A,1,R2,M2_UNIFORM_RANDOM_SEED_5,10,951,500,1093.12109375,0.04794671713492827,0.2829902544270799,10.0,0.0
1i2t_A,1,R2,M2_UNIFORM_RANDOM_SEED_6,10,951,500,1130.880126953125,0.0487677844171452,0.2582230123119589,10.0,0.0
1i2t_A,1,R2,M2_UNIFORM_RANDOM_SEED_7,10,951,500,1066.2242431640625,0.04735316544802,0.30063267675851324,1.0,0.0
1i2t_A,1,R2,M2_UNIFORM_RANDOM_SEED_8,10,951,500,1176.302490234375,0.04973753383297445,0.2284291703251733,10.0,0.0
1i2t_A,1,R2,M2_UNIFORM_RANDOM_SEED_9,10,951,500,1105.3731689453125,0.0482146700047867,0.2749537638966534,1e-06,0.0
1i2t_A,1,R2,M2_UNIFORM_RANDOM_SEED_10,10,951,500,1037.8466796875,0.046718763462767404,0.31924634150676934,1e-06,0.0
1i2t_A,1,R2,M2_UNIFORM_RANDOM_SEED_11,10,951,500,1171.18896484375,0.04962930863079671,0.2317832795453465,1e-06,0.0
1i2t_A,1,R2,M2_UNIFORM_RANDOM_SEED_12,10,951,500,1115.0726318359375,0.048425745771160135,0.26859160561504625,10.0,0.0
1i2t_A,1,R2,M2_UNIFORM_RANDOM_SEED_13,10,951,500,1227.8331298828125,0.05081529055015593,0.19462873317800933,100.0,0.0
1i2t_A,1,R2,M2_UNIFORM_RANDOM_SEED_14,10,951,500,1011.9075317382812,0.046131242660446686,0.33626057897578043,1e-06,0.0
1i2t_A,1,R2,M2_UNIFORM_RANDOM_SEED_15,10,951,500,1223.65380859375,0.05072873381503688,0.19737007090469993,1e-06,0.0
1i2t_A,1,R2,M2_UNIFORM_RANDOM_SEED_16,10,951,500,860.9205932617188,0.0425506586994309,0.4352972794483023,1.0,0.0
1i2t_A,1,R2,M2_UNIFORM_RANDOM_SEED_17,10,951,500,1187.3651123046875,0.04997086663980631,0.22117287650616635,10.0,0.0
1i2t_A,1,R2,M2_UNIFORM_RANDOM_SEED_18,10,951,500,1040.8990478515625,0.04678741433967194,0.3172442049335912,0.0001,0.0
1i2t_A,1,R2,M2_UNIFORM_RANDOM_SEED_19,10,951,500,989.0877075195312,0.045608116945028095,0.35122876177881646,10.0,0.0
1i2t_A,1,R2,M2_UNIFORM_RANDOM_SEED_20,10,951,500,1056.68115234375,0.047140775198516144,0.3068922660759036,10.0,0.0
1i2t_A,1,R2,M2_UNIFORM_RANDOM_MEAN_20SEEDS,10,951,500,0.0,0.0,0.27502208115230836,0.0,0.0
1i2t_A,2,R3,M1_DEVELOPMENT_CONSTANT_MEAN,0,951,500,1508.9737548828125,0.056333350535083065,0.0,0.0,0.0
1i2t_A,2,R3,M3_MEAN_WITHIN_RUN_VARIANCE,5,951,500,1209.9307861328125,0.05044347569336342,0.198176388278684,0.01,0.1627085667472301
1i2t_A,2,R3,M3_MEAN_WITHIN_RUN_VARIANCE,10,951,500,1141.3692626953125,0.04899342780224186,0.2436122503774416,0.01,0.2101542362705745
1i2t_A,2,R3,M3_MEAN_WITHIN_RUN_VARIANCE,20,951,500,1012.6661376953125,0.04614853123574161,0.32890407509177877,0.01,0.2992188548673044
1i2t_A,2,R3,M3b_POOLED_DEVELOPMENT_VARIANCE,5,951,500,1209.9307861328125,0.05044347569336342,0.198176388278684,0.01,0.1627085667472301
1i2t_A,2,R3,M3b_POOLED_DEVELOPMENT_VARIANCE,10,951,500,1141.369384765625,0.048993430422184014,0.24361216948119535,0.01,0.2101541517959682
1i2t_A,2,R3,M3b_POOLED_DEVELOPMENT_VARIANCE,20,951,500,1012.6661376953125,0.04614853123574161,0.32890407509177877,0.01,0.2992188548673044
1i2t_A,2,R3,M4_BUDGET_MATCHED_PCA_QR,5,951,500,987.594970703125,0.045573687934738434,0.3455187888408159,10.0,0.3165685029503179
1i2t_A,2,R3,M4_BUDGET_MATCHED_PCA_QR,10,951,500,938.7047119140625,0.044431322301971936,0.37791846354083036,10.0,0.3504013430786618
1i2t_A,2,R3,M4_BUDGET_MATCHED_PCA_QR,20,951,500,687.3524780273438,0.0380202081976538,0.5444901040835374,10.0,0.5243411044057984
1i2t_A,2,R3,M5_DEVELOPMENT_TUNED_PCA_QR,10,951,500,938.7047119140625,0.044431322301971936,0.37791846354083036,10.0,0.3504013430786618
1i2t_A,2,R3,M6_POOLED_ERROR_GREEDY,5,951,500,1119.7454833984375,0.048527106767960716,0.25794237323537983,10.0,0.2251182369946908
1i2t_A,2,R3,M6_POOLED_ERROR_GREEDY,10,951,500,1034.639892578125,0.04664653071466567,0.3143420226957655,10.0,0.28401266544668435
1i2t_A,2,R3,M6_POOLED_ERROR_GREEDY,20,951,500,879.2682495117188,0.04300168117202931,0.4173071289897927,1.0,0.3915323245882687
1i2t_A,2,R3,M7_MEAN_TRANSFER,5,951,500,1126.9324951171875,0.04868259167410513,0.2531795258395958,10.0,0.22014471006921255
1i2t_A,2,R3,M7_MEAN_TRANSFER,10,951,500,1010.8700561523438,0.046107588171211286,0.33009434201137033,10.0,0.3004617719883388
1i2t_A,2,R3,M7_MEAN_TRANSFER,20,951,500,882.2168579101562,0.0430737234611532,0.41535308016098027,1.0,0.38949184047105745
1i2t_A,2,R3,M8_ROBUST_TRANSFER,5,951,500,1104.8270263671875,0.04820275758540592,0.26782886528534167,10.0,0.2354420475901211
1i2t_A,2,R3,M8_ROBUST_TRANSFER,10,951,500,1043.5838623046875,0.046847715398672884,0.30841483562732164,10.0,0.27782329551151785
1i2t_A,2,R3,M8_ROBUST_TRANSFER,20,951,500,885.4532470703125,0.043152658541038204,0.4132083184315707,1.0,0.38725220746929534
1i2t_A,2,R3,M10_INFORMATION_IMBALANCE,5,951,500,1163.6689453125,0.0494697210669799,0.22883420500386964,1e-06,0.1947224996509087
1i2t_A,2,R3,M10_INFORMATION_IMBALANCE,10,951,500,1102.661865234375,0.048155502260585376,0.2692637220055506,1.0,0.23694037368355825
1i2t_A,2,R3,M10_INFORMATION_IMBALANCE,20,951,500,943.0147094726562,0.044533207153478985,0.3750622193254175,1.0,0.3474187559137504
1i2t_A,2,R3,M2_UNIFORM_RANDOM_SEED_1,10,951,500,1152.2381591796875,0.0492261494967771,0.23640941040146135,10.0,0.0
1i2t_A,2,R3,M2_UNIFORM_RANDOM_SEED_2,10,951,500,1123.3724365234375,0.048605634991644574,0.25553878396600804,10.0,0.0
1i2t_A,2,R3,M2_UNIFORM_RANDOM_SEED_3,10,951,500,1205.050048828125,0.0503416309654449,0.20141086289356325,10.0,0.0
1i2t_A,2,R3,M2_UNIFORM_RANDOM_SEED_4,10,951,500,1081.62646484375,0.04769396095254957,0.2832039249564353,10.0,0.0
1i2t_A,2,R3,M2_UNIFORM_RANDOM_SEED_5,10,951,500,1120.8812255859375,0.04855171071362612,0.25718971456002193,10.0,0.0
1i2t_A,2,R3,M2_UNIFORM_RANDOM_SEED_6,10,951,500,1217.88134765625,0.050608938576507355,0.1929075348624396,100.0,0.0
1i2t_A,2,R3,M2_UNIFORM_RANDOM_SEED_7,10,951,500,1106.661865234375,0.04824276728853651,0.26661291380755736,10.0,0.0
1i2t_A,2,R3,M2_UNIFORM_RANDOM_SEED_8,10,951,500,1257.6649169921875,0.05142889728862815,0.16654288192715572,10.0,0.0
1i2t_A,2,R3,M2_UNIFORM_RANDOM_SEED_9,10,951,500,1211.2991943359375,0.050471992927832006,0.19726954135792274,100.0,0.0
1i2t_A,2,R3,M2_UNIFORM_RANDOM_SEED_10,10,951,500,1132.7900390625,0.04880894832419764,0.24929771946201085,1.0,0.0
1i2t_A,2,R3,M2_UNIFORM_RANDOM_SEED_11,10,951,500,1117.9287109375,0.048487723487453956,0.25914635206871517,10.0,0.0
1i2t_A,2,R3,M2_UNIFORM_RANDOM_SEED_12,10,951,500,1070.840576171875,0.04745556505205508,0.2903517554849475,10.0,0.0
1i2t_A,2,R3,M2_UNIFORM_RANDOM_SEED_13,10,951,500,1047.9586181640625,0.04694580669085388,0.3055156759532591,10.0,0.0
1i2t_A,2,R3,M2_UNIFORM_RANDOM_SEED_14,10,951,500,1297.3876953125,0.05223476277631192,0.1402185153225176,1e-06,0.0
1i2t_A,2,R3,M2_UNIFORM_RANDOM_SEED_15,10,951,500,1194.6754150390625,0.05012445950502613,0.20828615396836936,10.0,0.0
1i2t_A,2,R3,M2_UNIFORM_RANDOM_SEED_16,10,951,500,1258.89697265625,0.05145408195931617,0.1657263961134855,1e-06,0.0
1i2t_A,2,R3,M2_UNIFORM_RANDOM_SEED_17,10,951,500,1240.0362548828125,0.05106718641819303,0.17822543243695166,10.0,0.0
1i2t_A,2,R3,M2_UNIFORM_RANDOM_SEED_18,10,951,500,1003.6520385742188,0.04594267993133188,0.3348777370537086,1e-06,0.0
1i2t_A,2,R3,M2_UNIFORM_RANDOM_SEED_19,10,951,500,1221.2108154296875,0.05067806921258999,0.19070108974524402,10.0,0.0
1i2t_A,2,R3,M2_UNIFORM_RANDOM_SEED_20,10,951,500,1268.548095703125,0.05165093744568571,0.15933057709036103,1e-06,0.0
1i2t_A,2,R3,M2_UNIFORM_RANDOM_MEAN_20SEEDS,10,951,500,0.0,0.0,0.2269381486716068,0.0,0.0
1l2p_A,0,R1,M1_DEVELOPMENT_CONSTANT_MEAN,0,951,500,12385.3916015625,0.1613911107983215,0.0,0.0,0.0
1l2p_A,0,R1,M3_MEAN_WITHIN_RUN_VARIANCE,5,951,500,6818.3310546875,0.11974676271722995,0.4494860337054404,100.0,-0.26194585738163223
1l2p_A,0,R1,M3_MEAN_WITHIN_RUN_VARIANCE,10,951,500,6697.89453125,0.1186844691621209,0.4592101124679,100.0,-0.23965530407608227
1l2p_A,0,R1,M3_MEAN_WITHIN_RUN_VARIANCE,20,951,500,6259.10302734375,0.11473100279250786,0.4946382618572899,100.0,-0.15844318395937607
1l2p_A,0,R1,M3b_POOLED_DEVELOPMENT_VARIANCE,5,951,500,6818.3310546875,0.11974676271722995,0.4494860337054404,100.0,-0.26194585738163223
1l2p_A,0,R1,M3b_POOLED_DEVELOPMENT_VARIANCE,10,951,500,7130.419921875,0.12245662698646492,0.4242878908265242,10.0,-0.3197076835416326
1l2p_A,0,R1,M3b_POOLED_DEVELOPMENT_VARIANCE,20,951,500,6423.41650390625,0.11622720147895839,0.4813715455637355,1.0,-0.18885454260372758
1l2p_A,0,R1,M4_BUDGET_MATCHED_PCA_QR,5,951,500,9091.888671875,0.13827758753028863,0.2659183524945632,100.0,-0.682738950811109
1l2p_A,0,R1,M4_BUDGET_MATCHED_PCA_QR,10,951,500,10969.734375,0.15188776623916433,0.11430056247748399,100.0,-1.0302931523970429
1l2p_A,0,R1,M4_BUDGET_MATCHED_PCA_QR,20,951,500,8607.181640625,0.1345411772337789,0.30505373447060435,100.0,-0.5930287233047502
1l2p_A,0,R1,M5_DEVELOPMENT_TUNED_PCA_QR,10,951,500,10969.734375,0.15188776623916433,0.11430056247748399,100.0,-1.0302931523970429
1l2p_A,0,R1,M6_POOLED_ERROR_GREEDY,5,951,500,6344.54833984375,0.11551146573743773,0.48773938330352484,1000.0,-0.17425751700909275
1l2p_A,0,R1,M6_POOLED_ERROR_GREEDY,10,951,500,6360.4755859375,0.11565636386510417,0.48645341297605127,100.0,-0.17720535308016294
1l2p_A,0,R1,M6_POOLED_ERROR_GREEDY,20,951,500,5979.86083984375,0.11214251147914027,0.5171843545835604,10.0,-0.10676066533488826
1l2p_A,0,R1,M7_MEAN_TRANSFER,5,951,500,6709.705078125,0.11878906256078209,0.45825652559273733,10.0,-0.2418412159338046
1l2p_A,0,R1,M7_MEAN_TRANSFER,10,951,500,6650.0693359375,0.11825998677046953,0.4630715321832416,1000.0,-0.23080375277723686
1l2p_A,0,R1,M7_MEAN_TRANSFER,20,951,500,6455.6640625,0.11651858466820204,0.4787678686166391,0.01,-0.19482296400357701
1l2p_A,0,R1,M8_ROBUST_TRANSFER,5,951,500,6709.705078125,0.11878906256078209,0.45825652559273733,10.0,-0.2418412159338046
1l2p_A,0,R1,M8_ROBUST_TRANSFER,10,951,500,7086.5498046875,0.12207933677868184,0.4278299764221033,10.0,-0.3115881434073131
1l2p_A,0,R1,M8_ROBUST_TRANSFER,20,951,500,6423.5302734375,0.11622823076420498,0.4813623597797967,1e-06,-0.18887559922117636
1l2p_A,0,R1,M10_INFORMATION_IMBALANCE,5,951,500,6402.02490234375,0.11603350709314944,0.4830987094880317,100.0,-0.18489535629287857
1l2p_A,0,R1,M10_INFORMATION_IMBALANCE,10,951,500,6622.0400390625,0.11801049730582905,0.46533462549322335,100.0,-0.2256160529144664
1l2p_A,0,R1,M10_INFORMATION_IMBALANCE,20,951,500,6710.54345703125,0.11879648368677974,0.45818883464414073,1.0,-0.24199638422633418
1l2p_A,0,R1,M2_UNIFORM_RANDOM_SEED_1,10,951,500,12552.2314453125,0.16247449978881182,-0.01347069589054839,1e-06,0.0
1l2p_A,0,R1,M2_UNIFORM_RANDOM_SEED_2,10,951,500,10039.9365234375,0.14530823341824953,0.18937270242057624,100.0,0.0
1l2p_A,0,R1,M2_UNIFORM_RANDOM_SEED_3,10,951,500,10849.98046875,0.15105643034919855,0.12396952653631055,1.0,0.0
1l2p_A,0,R1,M2_UNIFORM_RANDOM_SEED_4,10,951,500,11864.759765625,0.1579625783635137,0.04203596080658589,100.0,0.0
1l2p_A,0,R1,M2_UNIFORM_RANDOM_SEED_5,10,951,500,9216.97265625,0.13922553291043846,0.25581903642939985,100.0,0.0
1l2p_A,0,R1,M2_UNIFORM_RANDOM_SEED_6,10,951,500,8168.7685546875,0.1310699202129209,0.34045133028680696,100.0,0.0
1l2p_A,0,R1,M2_UNIFORM_RANDOM_SEED_7,10,951,500,12463.9873046875,0.16190238198593063,-0.006345839167094525,1e-06,0.0
1l2p_A,0,R1,M2_UNIFORM_RANDOM_SEED_8,10,951,500,12854.0849609375,0.16441647102126425,-0.03784243360669115,1e-06,0.0
1l2p_A,0,R1,M2_UNIFORM_RANDOM_SEED_9,10,951,500,4891.04052734375,0.10142041191176847,0.6050960127311023,10.0,0.0
1l2p_A,0,R1,M2_UNIFORM_RANDOM_SEED_10,10,951,500,9493.8271484375,0.14130105340681245,0.23346572689394895,1000.0,0.0
1l2p_A,0,R1,M2_UNIFORM_RANDOM_SEED_11,10,951,500,6194.79638671875,0.1141401023234124,0.4998303981008372,10.0,0.0
1l2p_A,0,R1,M2_UNIFORM_RANDOM_SEED_12,10,951,500,10960.357421875,0.1518228353617352,0.11505766030907916,100.0,0.0
1l2p_A,0,R1,M2_UNIFORM_RANDOM_SEED_13,10,951,500,16414.6875,0.1857980060539611,-0.32532648365588845,10.0,0.0
1l2p_A,0,R1,M2_UNIFORM_RANDOM_SEED_14,10,951,500,8449.38671875,0.13330220497899042,0.3177941408260314,100.0,0.0
1l2p_A,0,R1,M2_UNIFORM_RANDOM_SEED_15,10,951,500,5375.6083984375,0.10632577360834107,0.5659718665852009,10.0,0.0
1l2p_A,0,R1,M2_UNIFORM_RANDOM_SEED_16,10,951,500,11858.951171875,0.15792390700436273,0.04250494829901752,1000.0,0.0
1l2p_A,0,R1,M2_UNIFORM_RANDOM_SEED_17,10,951,500,6771.15869140625,0.11933181206174462,0.45329474357903843,100.0,0.0
1l2p_A,0,R1,M2_UNIFORM_RANDOM_SEED_18,10,951,500,8333.501953125,0.13238491780763303,0.3271507093830063,1e-06,0.0
1l2p_A,0,R1,M2_UNIFORM_RANDOM_SEED_19,10,951,500,11581.1796875,0.1560634269902905,0.06493229604149486,0.01,0.0
1l2p_A,0,R1,M2_UNIFORM_RANDOM_SEED_20,10,951,500,14414.0771484375,0.17410777297640798,-0.16379664140930905,0.0001,0.0
1l2p_A,0,R1,M2_UNIFORM_RANDOM_MEAN_20SEEDS,10,951,500,0.0,0.0,0.1814982482749452,0.0,0.0
1l2p_A,1,R2,M1_DEVELOPMENT_CONSTANT_MEAN,0,951,500,13488.2685546875,0.16842355946585774,0.0,0.0,0.0
1l2p_A,1,R2,M3_MEAN_WITHIN_RUN_VARIANCE,5,951,500,7131.49462890625,0.12246585505724741,0.47128168452518815,1000.0,0.22089928080963783
1l2p_A,1,R2,M3_MEAN_WITHIN_RUN_VARIANCE,10,951,500,6655.97021484375,0.11831244360135038,0.5065363513591491,1000.0,0.2728493182515772
1l2p_A,1,R2,M3_MEAN_WITHIN_RUN_VARIANCE,20,951,500,6468.32470703125,0.11663278498878552,0.5204481078645672,1000.0,0.293349193480675
1l2p_A,1,R2,M3b_POOLED_DEVELOPMENT_VARIANCE,5,951,500,6851.0478515625,0.12003371285602706,0.49207358796384615,1000.0,0.25153749864373653
1l2p_A,1,R2,M3b_POOLED_DEVELOPMENT_VARIANCE,10,951,500,6705.08740234375,0.11874817970684108,0.5028948767472776,1000.0,0.2674833693029868
1l2p_A,1,R2,M3b_POOLED_DEVELOPMENT_VARIANCE,20,951,500,5595.681640625,0.1084803901086172,0.5851445559570828,10.0,0.3886836045700184
1l2p_A,1,R2,M4_BUDGET_MATCHED_PCA_QR,5,951,500,6915.193359375,0.12059433400914991,0.48731793622452724,100.0,0.24452973745620354
1l2p_A,1,R2,M4_BUDGET_MATCHED_PCA_QR,10,951,500,9531.6015625,0.14158188144505854,0.2933413563160753,1000.0,-0.041307330202485115
1l2p_A,1,R2,M4_BUDGET_MATCHED_PCA_QR,20,951,500,9266.9130859375,0.1396022070239844,0.31296496297020837,10.0,-0.012390673431073917
1l2p_A,1,R2,M5_DEVELOPMENT_TUNED_PCA_QR,10,951,500,6556.896484375,0.11742860537091705,0.5138815291384216,100.0,0.28367291396014094
1l2p_A,1,R2,M6_POOLED_ERROR_GREEDY,5,951,500,6771.5556640625,0.11933531004298216,0.49796701951717737,100.0,0.2602218521592301
1l2p_A,1,R2,M6_POOLED_ERROR_GREEDY,10,951,500,7021.814453125,0.12152046257588989,0.479413208251644,10.0,0.23288160825692117
1l2p_A,1,R2,M6_POOLED_ERROR_GREEDY,20,951,500,4802.9443359375,0.10050288208785507,0.6439169107239965,10.0,0.47528848003436186
1l2p_A,1,R2,M7_MEAN_TRANSFER,5,951,500,6032.27880859375,0.11263294571178302,0.5527758967627178,100.0,0.3409862865096249
1l2p_A,1,R2,M7_MEAN_TRANSFER,10,951,500,7157.61181640625,0.12268989930295823,0.4693453954163148,100.0,0.21804603326150074
1l2p_A,1,R2,M7_MEAN_TRANSFER,20,951,500,7262.14013671875,0.12358252147674635,0.46159582252720044,10.0,0.2066265351381853
1l2p_A,1,R2,M8_ROBUST_TRANSFER,5,951,500,6032.27880859375,0.11263294571178302,0.5527758967627178,100.0,0.3409862865096249
1l2p_A,1,R2,M8_ROBUST_TRANSFER,10,951,500,7602.162109375,0.12644256651736144,0.4363871034631006,100.0,0.16947985309999947
1l2p_A,1,R2,M8_ROBUST_TRANSFER,20,951,500,7198.30615234375,0.12303817940228264,0.46632837838610763,100.0,0.21360026304842783
1l2p_A,1,R2,M10_INFORMATION_IMBALANCE,5,951,500,6917.7783203125,0.12061687152183577,0.48712629109772543,1000.0,0.24424733593586556
1l2p_A,1,R2,M10_INFORMATION_IMBALANCE,10,951,500,6810.8203125,0.11968079093673681,0.4950559973738753,1000.0,0.2559322722845686
1l2p_A,1,R2,M10_INFORMATION_IMBALANCE,20,951,500,6013.0625,0.11245340196294155,0.5542005650599005,10.0,0.34308562761897543
1l2p_A,1,R2,M2_UNIFORM_RANDOM_SEED_1,10,951,500,12217.537109375,0.16029374395776616,0.09421012342395052,0.0001,0.0
1l2p_A,1,R2,M2_UNIFORM_RANDOM_SEED_2,10,951,500,7653.62353515625,0.12686980944741938,0.4325718305411089,1e-06,0.0
1l2p_A,1,R2,M2_UNIFORM_RANDOM_SEED_3,10,951,500,6311.35595703125,0.11520891239541262,0.5320855355569043,100.0,0.0
1l2p_A,1,R2,M2_UNIFORM_RANDOM_SEED_4,10,951,500,7268.56689453125,0.12363719263980079,0.46111935234228063,100.0,0.0
1l2p_A,1,R2,M2_UNIFORM_RANDOM_SEED_5,10,951,500,10534.310546875,0.14884278854955368,0.21900201614727843,100.0,0.0
1l2p_A,1,R2,M2_UNIFORM_RANDOM_SEED_6,10,951,500,11552.0791015625,0.15586722963319732,0.14354618202290514,1000.0,0.0
1l2p_A,1,R2,M2_UNIFORM_RANDOM_SEED_7,10,951,500,14678.0380859375,0.17569473386460674,-0.08820772854767389,1e-06,0.0
1l2p_A,1,R2,M2_UNIFORM_RANDOM_SEED_8,10,951,500,13218.2119140625,0.16672898044811252,0.020021594286180555,1e-06,0.0
1l2p_A,1,R2,M2_UNIFORM_RANDOM_SEED_9,10,951,500,6057.046875,0.11286393988978409,0.5509396294682293,10.0,0.0
1l2p_A,1,R2,M2_UNIFORM_RANDOM_SEED_10,10,951,500,13009.03515625,0.16540448561548898,0.03552964537253045,1000.0,0.0
1l2p_A,1,R2,M2_UNIFORM_RANDOM_SEED_11,10,951,500,7669.31396484375,0.12699978857582567,0.43140856561767693,1e-06,0.0
1l2p_A,1,R2,M2_UNIFORM_RANDOM_SEED_12,10,951,500,12928.48828125,0.16489163048147445,0.04150126987521785,100.0,0.0
1l2p_A,1,R2,M2_UNIFORM_RANDOM_SEED_13,10,951,500,8913.6708984375,0.13691563251812816,0.3391538089342251,100.0,0.0
1l2p_A,1,R2,M2_UNIFORM_RANDOM_SEED_14,10,951,500,9406.4365234375,0.14064921219299448,0.3026209045809267,100.0,0.0
1l2p_A,1,R2,M2_UNIFORM_RANDOM_SEED_15,10,951,500,8193.38671875,0.13126727391210444,0.39255459768388135,1000.0,0.0
1l2p_A,1,R2,M2_UNIFORM_RANDOM_SEED_16,10,951,500,12122.3818359375,0.15966830652708486,0.10126479267610089,1e-06,0.0
1l2p_A,1,R2,M2_UNIFORM_RANDOM_SEED_17,10,951,500,8690.6591796875,0.13519203290763185,0.3556875632738432,100.0,0.0
1l2p_A,1,R2,M2_UNIFORM_RANDOM_SEED_18,10,951,500,14061.9072265625,0.17196768841930352,-0.042528710749582865,1e-06,0.0
1l2p_A,1,R2,M2_UNIFORM_RANDOM_SEED_19,10,951,500,13586.1865234375,0.1690337886657554,-0.00725949133893633,1000.0,0.0
1l2p_A,1,R2,M2_UNIFORM_RANDOM_SEED_20,10,951,500,12396.908203125,0.1614661284200857,0.08091181956658378,100.0,0.0
1l2p_A,1,R2,M2_UNIFORM_RANDOM_MEAN_20SEEDS,10,951,500,0.0,0.0,0.2198066650366816,0.0,0.0
1l2p_A,2,R3,M1_DEVELOPMENT_CONSTANT_MEAN,0,951,500,5009.10302734375,0.10263718246667572,0.0,0.0,0.0
1l2p_A,2,R3,M3_MEAN_WITHIN_RUN_VARIANCE,5,951,500,3797.653564453125,0.08936807669628755,0.2418495799103254,100.0,0.0016772004326718326
1l2p_A,2,R3,M3_MEAN_WITHIN_RUN_VARIANCE,10,951,500,3613.831787109375,0.08717836228022402,0.2785471236302891,100.0,0.05000005776146599
1l2p_A,2,R3,M3_MEAN_WITHIN_RUN_VARIANCE,20,951,500,3797.417236328125,0.08936529596362858,0.24189675963965218,1.0,0.0017393260982604408
1l2p_A,2,R3,M3b_POOLED_DEVELOPMENT_VARIANCE,5,951,500,3897.77587890625,0.09053847418583759,0.2218615074137973,100.0,-0.024642838393301947
1l2p_A,2,R3,M3b_POOLED_DEVELOPMENT_VARIANCE,10,951,500,3679.211181640625,0.08796341823576154,0.26549500747808463,1.0,0.03281319775048608
1l2p_A,2,R3,M3b_POOLED_DEVELOPMENT_VARIANCE,20,951,500,3845.419677734375,0.089928347195446,0.23231371829587988,1.0,-0.010879500468573777
1l2p_A,2,R3,M4_BUDGET_MATCHED_PCA_QR,5,951,500,5198.8779296875,0.10456336463273148,-0.03788600500085626,100.0,-0.3666750484971686
1l2p_A,2,R3,M4_BUDGET_MATCHED_PCA_QR,10,951,500,4674.57958984375,0.0991507534158522,0.06678310181960712,100.0,-0.2288481041595829
1l2p_A,2,R3,M4_BUDGET_MATCHED_PCA_QR,20,951,500,4617.34375,0.09854187994476979,0.07820946688563002,100.0,-0.21380201243514518
1l2p_A,2,R3,M5_DEVELOPMENT_TUNED_PCA_QR,10,951,500,4674.57958984375,0.0991507534158522,0.06678310181960712,100.0,-0.2288481041595829
1l2p_A,2,R3,M6_POOLED_ERROR_GREEDY,5,951,500,3444.885986328125,0.08511618812680027,0.31227487885093574,10.0,0.09441233548732253
1l2p_A,2,R3,M6_POOLED_ERROR_GREEDY,10,951,500,3132.034423828125,0.08115924582975967,0.37473148251674226,10.0,0.17665439428053664
1l2p_A,2,R3,M6_POOLED_ERROR_GREEDY,20,951,500,3145.217529296875,0.08132987093305337,0.372099652946301,0.01,0.1731888346829621
1l2p_A,2,R3,M7_MEAN_TRANSFER,5,951,500,3815.65673828125,0.08957965559601601,0.23825548856705514,100.0,-0.0030554531894020354
1l2p_A,2,R3,M7_MEAN_TRANSFER,10,951,500,3695.13330078125,0.08815354758130736,0.2623163706934728,10.0,0.02862760939026865
1l2p_A,2,R3,M7_MEAN_TRANSFER,20,951,500,3760.960693359375,0.08893529226949629,0.2491748177609846,1e-06,0.011322980168178232
1l2p_A,2,R3,M8_ROBUST_TRANSFER,5,951,500,3777.12841796875,0.08912624604991536,0.24594714915023363,100.0,0.007072827324921427
1l2p_A,2,R3,M8_ROBUST_TRANSFER,10,951,500,3930.877685546875,0.09092210976000883,0.21525317724771198,0.01,-0.033344603237132286
1l2p_A,2,R3,M8_ROBUST_TRANSFER,20,951,500,3788.69482421875,0.08926260392193819,0.2436380718190505,10.0,0.004032263757850596
1l2p_A,2,R3,M10_INFORMATION_IMBALANCE,5,951,500,3694.22998046875,0.08814277181884538,0.2624967064357342,100.0,0.028865073194687896
1l2p_A,2,R3,M10_INFORMATION_IMBALANCE,10,951,500,3509.10595703125,0.08590589766414862,0.2994542260608932,1e-06,0.07753026347828507
1l2p_A,2,R3,M10_INFORMATION_IMBALANCE,20,951,500,3183.482177734375,0.08182310402785806,0.36446063090410685,10.0,0.1631298679277663
1l2p_A,2,R3,M2_UNIFORM_RANDOM_SEED_1,10,951,500,5260.04052734375,0.10517663803785442,-0.05009629441242858,1e-06,0.0
1l2p_A,2,R3,M2_UNIFORM_RANDOM_SEED_2,10,951,500,4891.31298828125,0.10142323674173401,0.023515195918212606,100.0,0.0
1l2p_A,2,R3,M2_UNIFORM_RANDOM_SEED_3,10,951,500,4988.53125,0.1024262064134583,0.0041068784633601085,100.0,0.0
1l2p_A,2,R3,M2_UNIFORM_RANDOM_SEED_4,10,951,500,3125.955810546875,0.08108045115507022,0.3759449958439922,100.0,0.0
1l2p_A,2,R3,M2_UNIFORM_RANDOM_SEED_5,10,951,500,5606.6396484375,0.10858655658096177,-0.11929014393034243,100.0,0.0
1l2p_A,2,R3,M2_UNIFORM_RANDOM_SEED_6,10,951,500,4814.09912109375,0.10061952281956474,0.038929905251601005,100.0,0.0
1l2p_A,2,R3,M2_UNIFORM_RANDOM_SEED_7,10,951,500,5776.30322265625,0.11021729062061071,-0.15316119295700226,100.0,0.0
1l2p_A,2,R3,M2_UNIFORM_RANDOM_SEED_8,10,951,500,4180.3798828125,0.0937632417041658,0.1654434217079198,1000.0,0.0
1l2p_A,2,R3,M2_UNIFORM_RANDOM_SEED_9,10,951,500,5313.34521484375,0.10570821908046962,-0.060737857823885744,100.0,0.0
1l2p_A,2,R3,M2_UNIFORM_RANDOM_SEED_10,10,951,500,5212.65869140625,0.10470185693807074,-0.04063714859752898,1e-06,0.0
1l2p_A,2,R3,M2_UNIFORM_RANDOM_SEED_11,10,951,500,6169.77587890625,0.1139093656988498,-0.23171271288025141,100.0,0.0
1l2p_A,2,R3,M2_UNIFORM_RANDOM_SEED_12,10,951,500,5612.2041015625,0.10864042797244865,-0.12040101210267284,1000.0,0.0
1l2p_A,2,R3,M2_UNIFORM_RANDOM_SEED_13,10,951,500,5373.50390625,0.1063049588793222,-0.07274773086459874,10.0,0.0
1l2p_A,2,R3,M2_UNIFORM_RANDOM_SEED_14,10,951,500,5029.0810546875,0.10284165500199273,-0.003988344267365607,10.0,0.0
1l2p_A,2,R3,M2_UNIFORM_RANDOM_SEED_15,10,951,500,5223.3984375,0.10480966111524015,-0.04278119435484795,100.0,0.0
1l2p_A,2,R3,M2_UNIFORM_RANDOM_SEED_16,10,951,500,5453.150390625,0.10708989109732343,-0.08864807947795827,1000.0,0.0
1l2p_A,2,R3,M2_UNIFORM_RANDOM_SEED_17,10,951,500,5389.99609375,0.1064679678012039,-0.07604017412439434,0.0001,0.0
1l2p_A,2,R3,M2_UNIFORM_RANDOM_SEED_18,10,951,500,5183.291015625,0.1044064996669888,-0.03477428739844046,100.0,0.0
1l2p_A,2,R3,M2_UNIFORM_RANDOM_SEED_19,10,951,500,4440.96484375,0.09664144321287367,0.1134211415681392,1000.0,0.0
1l2p_A,2,R3,M2_UNIFORM_RANDOM_SEED_20,10,951,500,4783.15625,0.10029563293224016,0.04510723299368147,100.0,0.0
1l2p_A,2,R3,M2_UNIFORM_RANDOM_MEAN_20SEEDS,10,951,500,0.0,0.0,-0.01642737007224056,0.0,0.0
1uoy_A,0,R1,M1_DEVELOPMENT_CONSTANT_MEAN,0,951,500,3712.875732421875,0.08836493174201236,0.0,0.0,0.0
1uoy_A,0,R1,M3_MEAN_WITHIN_RUN_VARIANCE,5,951,500,1660.1484375,0.05908785163937226,0.552867222836704,1e-06,0.26247427595782813
1uoy_A,0,R1,M3_MEAN_WITHIN_RUN_VARIANCE,10,951,500,1238.08984375,0.05102709211647575,0.6665415346550245,1e-06,0.449975021621536
1uoy_A,0,R1,M3_MEAN_WITHIN_RUN_VARIANCE,20,951,500,970.641357421875,0.04518082276106445,0.7385742407304501,1e-06,0.5687897818366949
1uoy_A,0,R1,M3b_POOLED_DEVELOPMENT_VARIANCE,5,951,500,1631.75390625,0.05858036453311645,0.5605148074305137,1e-06,0.2750886282325742
1uoy_A,0,R1,M3b_POOLED_DEVELOPMENT_VARIANCE,10,951,500,1238.0892333984375,0.05102707953884683,0.6665416990428485,1e-06,0.44997529277197523
1uoy_A,0,R1,M3b_POOLED_DEVELOPMENT_VARIANCE,20,951,500,939.72998046875,0.04445557998657415,0.7468996949553782,1e-06,0.5825222500627443
1uoy_A,0,R1,M4_BUDGET_MATCHED_PCA_QR,5,951,500,3808.23681640625,0.08949251496238582,-0.025683887869355715,0.0001,-0.691820172161006
1uoy_A,0,R1,M4_BUDGET_MATCHED_PCA_QR,10,951,500,2595.28515625,0.07387836589217443,0.30100403480050786,0.0001,-0.15296290423378633
1uoy_A,0,R1,M4_BUDGET_MATCHED_PCA_QR,20,951,500,2362.501953125,0.07048729223195824,0.36370023577816823,100.0,-0.04954829590625742
1uoy_A,0,R1,M5_DEVELOPMENT_TUNED_PCA_QR,10,951,500,3583.30908203125,0.08680942398495624,0.03489657605807073,1e-06,-0.5918953784468373
1uoy_A,0,R1,M6_POOLED_ERROR_GREEDY,5,951,500,1491.287109375,0.056002236499109646,0.5983471527601472,1.0,0.3374914072425801
1uoy_A,0,R1,M6_POOLED_ERROR_GREEDY,10,951,500,1044.17919921875,0.04686107618298865,0.718768072386403,1e-06,0.5361203838535771
1uoy_A,0,R1,M6_POOLED_ERROR_GREEDY,20,951,500,906.5748901367188,0.04366430806041453,0.755829455260177,1e-06,0.5972514944185309
1uoy_A,0,R1,M7_MEAN_TRANSFER,5,951,500,1610.85205078125,0.05820396441633167,0.5661443670966855,0.0001,0.28437433771505216
1uoy_A,0,R1,M7_MEAN_TRANSFER,10,951,500,1424.442138671875,0.05473273440934618,0.6163507099811487,1e-06,0.36718747796902684
1uoy_A,0,R1,M7_MEAN_TRANSFER,20,951,500,1099.8145751953125,0.04809328857854586,0.7037836290637409,1.0,0.5114042078643606
1uoy_A,0,R1,M8_ROBUST_TRANSFER,5,951,500,1902.5574951171875,0.06325482147460208,0.48757846148646444,1e-06,0.15478335405284227
1uoy_A,0,R1,M8_ROBUST_TRANSFER,10,951,500,1267.7166748046875,0.0516340083644348,0.6585620510445236,1.0,0.4368132166099383
1uoy_A,0,R1,M8_ROBUST_TRANSFER,20,951,500,984.6940307617188,0.045506705131297676,0.7347893919090549,0.0001,0.562546841238381
1uoy_A,0,R1,M10_INFORMATION_IMBALANCE,5,951,500,2543.887939453125,0.07314316140172182,0.31484700195075743,1e-06,-0.13012954266465404
1uoy_A,0,R1,M10_INFORMATION_IMBALANCE,10,951,500,2013.9503173828125,0.0650802354807259,0.4575766972763371,0.01,0.10529677198655873
1uoy_A,0,R1,M10_INFORMATION_IMBALANCE,20,951,500,1703.7005615234375,0.05985788570101757,0.5411371981436801,10.0,0.2431261194445885
1uoy_A,0,R1,M2_UNIFORM_RANDOM_SEED_1,10,951,500,2644.92529296875,0.0745815567530979,0.28763430731803963,1000.0,0.0
1uoy_A,0,R1,M2_UNIFORM_RANDOM_SEED_2,10,951,500,3562.37255859375,0.08655544783023804,0.04053547295264659,1000.0,0.0
1uoy_A,0,R1,M2_UNIFORM_RANDOM_SEED_3,10,951,500,3262.38720703125,0.08283092133365806,0.12133143090592358,1000.0,0.0
1uoy_A,0,R1,M2_UNIFORM_RANDOM_SEED_4,10,951,500,3577.040771484375,0.08673346254894644,0.03658483901072984,0.0001,0.0
1uoy_A,0,R1,M2_UNIFORM_RANDOM_SEED_5,10,951,500,3119.92626953125,0.08100221686326821,0.15970086413418672,0.0001,0.0
1uoy_A,0,R1,M2_UNIFORM_RANDOM_SEED_6,10,951,500,3700.419189453125,0.0882165768792021,0.0033549582228071806,1e-06,0.0
1uoy_A,0,R1,M2_UNIFORM_RANDOM_SEED_7,10,951,500,3628.439453125,0.08735437878794612,0.022741477329702553,1e-06,0.0
1uoy_A,0,R1,M2_UNIFORM_RANDOM_SEED_8,10,951,500,3631.4375,0.08739046020118302,0.021934004338128865,1000.0,0.0
1uoy_A,0,R1,M2_UNIFORM_RANDOM_SEED_9,10,951,500,2895.12255859375,0.07802939076072224,0.2202479244557728,100.0,0.0
1uoy_A,0,R1,M2_UNIFORM_RANDOM_SEED_10,10,951,500,3279.375732421875,0.08304630778957174,0.11675586021222206,100.0,0.0
1uoy_A,0,R1,M2_UNIFORM_RANDOM_SEED_11,10,951,500,3263.3330078125,0.08284292724649862,0.12107669553382616,1000.0,0.0
1uoy_A,0,R1,M2_UNIFORM_RANDOM_SEED_12,10,951,500,3835.8525390625,0.08981640976933913,-0.03312171359971927,1e-06,0.0
1uoy_A,0,R1,M2_UNIFORM_RANDOM_SEED_13,10,951,500,3544.32763671875,0.08633594956088637,0.04539556609215756,1e-06,0.0
1uoy_A,0,R1,M2_UNIFORM_RANDOM_SEED_14,10,951,500,3510.34912109375,0.08592111317333968,0.05454710201033819,10.0,0.0
1uoy_A,0,R1,M2_UNIFORM_RANDOM_SEED_15,10,951,500,2289.011962890625,0.06938231247755566,0.38349351611681237,1000.0,0.0
1uoy_A,0,R1,M2_UNIFORM_RANDOM_SEED_16,10,951,500,2592.55615234375,0.07383951324874272,0.3017390456392546,1000.0,0.0
1uoy_A,0,R1,M2_UNIFORM_RANDOM_SEED_17,10,951,500,2506.21728515625,0.07259957859454612,0.3249929526939844,0.0001,0.0
1uoy_A,0,R1,M2_UNIFORM_RANDOM_SEED_18,10,951,500,3304.6884765625,0.08336619932206271,0.10993830261944104,1000.0,0.0
1uoy_A,0,R1,M2_UNIFORM_RANDOM_SEED_19,10,951,500,1507.261962890625,0.05630138896465494,0.5940445973645738,100.0,0.0
1uoy_A,0,R1,M2_UNIFORM_RANDOM_SEED_20,10,951,500,2580.651611328125,0.07366978945750556,0.30494533151402037,10.0,0.0
1uoy_A,0,R1,M2_UNIFORM_RANDOM_MEAN_20SEEDS,10,951,500,0.0,0.0,0.16189362674324245,0.0,0.0
1uoy_A,1,R2,M1_DEVELOPMENT_CONSTANT_MEAN,0,951,500,1896.206787109375,0.0631491614115406,0.0,0.0,0.0
1uoy_A,1,R2,M3_MEAN_WITHIN_RUN_VARIANCE,5,951,500,1051.34912109375,0.04702168819896242,0.44555144078117515,1e-06,-0.28628195728857597
1uoy_A,1,R2,M3_MEAN_WITHIN_RUN_VARIANCE,10,951,500,956.5806274414062,0.04485238383088637,0.49552937266950636,10.0,-0.17033664373030577
1uoy_A,1,R2,M3_MEAN_WITHIN_RUN_VARIANCE,20,951,500,658.6489868164062,0.03721789046684559,0.6526491776667105,1.0,0.19417033701710018
1uoy_A,1,R2,M3b_POOLED_DEVELOPMENT_VARIANCE,5,951,500,1061.1177978515625,0.04723963559434341,0.4403997469763533,10.0,-0.29823352733134767
1uoy_A,1,R2,M3b_POOLED_DEVELOPMENT_VARIANCE,10,951,500,970.4956665039062,0.04517743186775831,0.4881910174030365,1e-06,-0.18736111573674918
1uoy_A,1,R2,M3b_POOLED_DEVELOPMENT_VARIANCE,20,951,500,658.6491088867188,0.03721789391572307,0.6526491132906554,1.0,0.19417018766914584
1uoy_A,1,R2,M4_BUDGET_MATCHED_PCA_QR,5,951,500,1767.7196044921875,0.0609721386527226,0.0677601111285212,100.0,-1.1627314725275184
1uoy_A,1,R2,M4_BUDGET_MATCHED_PCA_QR,10,951,500,1744.119873046875,0.060563770443388024,0.08020586947394337,100.0,-1.133858181870861
1uoy_A,1,R2,M4_BUDGET_MATCHED_PCA_QR,20,951,500,1199.5052490234375,0.05022567889275927,0.3674185446556737,0.0001,-0.46754482268141406
1uoy_A,1,R2,M5_DEVELOPMENT_TUNED_PCA_QR,10,951,500,1744.119873046875,0.060563770443388024,0.08020586947394337,100.0,-1.133858181870861
1uoy_A,1,R2,M6_POOLED_ERROR_GREEDY,5,951,500,1165.4051513671875,0.049506611978441736,0.3854018668798458,1000.0,-0.4258247703439171
1uoy_A,1,R2,M6_POOLED_ERROR_GREEDY,10,951,500,790.083984375,0.04076255225576271,0.5833344813729816,100.0,0.033365079730152125
1uoy_A,1,R2,M6_POOLED_ERROR_GREEDY,20,951,500,590.9926147460938,0.0352545979504509,0.6883290267898379,10.0,0.27694509655569266
1uoy_A,1,R2,M7_MEAN_TRANSFER,5,951,500,1030.28076171875,0.046548161726125054,0.456662232873169,100.0,-0.26050569516021516
1uoy_A,1,R2,M7_MEAN_TRANSFER,10,951,500,786.6787109375,0.04067461380358088,0.5851303158044632,10.0,0.03753129026327506
1uoy_A,1,R2,M7_MEAN_TRANSFER,20,951,500,589.44189453125,0.0352083148616481,0.6891468280050774,10.0,0.2788423382931291
1uoy_A,1,R2,M8_ROBUST_TRANSFER,5,951,500,1176.3931884765625,0.04973945129041992,0.3796071206611987,100.0,-0.4392681771021807
1uoy_A,1,R2,M8_ROBUST_TRANSFER,10,951,500,813.0433349609375,0.041350578174618825,0.5712264398123155,10.0,0.00527526844174675
1uoy_A,1,R2,M8_ROBUST_TRANSFER,20,951,500,581.8453979492188,0.03498070364720322,0.6931529820984353,10.0,0.2881363361631286
1uoy_A,1,R2,M10_INFORMATION_IMBALANCE,5,951,500,1904.2615966796875,0.06328314348694483,-0.004247853992017214,1e-06,-1.3297849255044936
1uoy_A,1,R2,M10_INFORMATION_IMBALANCE,10,951,500,1012.4866943359375,0.04614444231934183,0.4660462660407426,1e-06,-0.2387353932100147
1uoy_A,1,R2,M10_INFORMATION_IMBALANCE,20,951,500,639.2532348632812,0.03666580349418799,0.6628778890525042,0.01,0.2179002334756569
1uoy_A,1,R2,M2_UNIFORM_RANDOM_SEED_1,10,951,500,2088.338623046875,0.06627125571039011,-0.10132430557871297,1000.0,0.0
1uoy_A,1,R2,M2_UNIFORM_RANDOM_SEED_2,10,951,500,1822.7830810546875,0.06191448057139995,0.0387213602196923,100.0,0.0
1uoy_A,1,R2,M2_UNIFORM_RANDOM_SEED_3,10,951,500,1394.9111328125,0.054162413638337695,0.2643676089046504,10.0,0.0
1uoy_A,1,R2,M2_UNIFORM_RANDOM_SEED_4,10,951,500,2168.86767578125,0.06753692257729754,-0.1437928028342974,1e-06,0.0
1uoy_A,1,R2,M2_UNIFORM_RANDOM_SEED_5,10,951,500,1728.843505859375,0.06029795465138632,0.08826214650625352,100.0,0.0
1uoy_A,1,R2,M2_UNIFORM_RANDOM_SEED_6,10,951,500,1638.025390625,0.05869283048567866,0.13615677268930837,1000.0,0.0
1uoy_A,1,R2,M2_UNIFORM_RANDOM_SEED_7,10,951,500,1885.698974609375,0.0629739480895057,0.0055414908181076195,1e-06,0.0
1uoy_A,1,R2,M2_UNIFORM_RANDOM_SEED_8,10,951,500,1652.243896484375,0.0589470149451612,0.1286583785500015,100.0,0.0
1uoy_A,1,R2,M2_UNIFORM_RANDOM_SEED_9,10,951,500,2048.169189453125,0.06563079330119445,-0.08014020589779935,100.0,0.0
1uoy_A,1,R2,M2_UNIFORM_RANDOM_SEED_10,10,951,500,1509.5355224609375,0.05634383557665228,0.20391830009104062,1e-06,0.0
1uoy_A,1,R2,M2_UNIFORM_RANDOM_SEED_11,10,951,500,1685.9686279296875,0.05954557370541331,0.11087301269508676,0.0001,0.0
1uoy_A,1,R2,M2_UNIFORM_RANDOM_SEED_12,10,951,500,1763.3502197265625,0.060896737677666,0.07006438764273293,1e-06,0.0
1uoy_A,1,R2,M2_UNIFORM_RANDOM_SEED_13,10,951,500,1098.4808349609375,0.04806411847387551,0.42069565280087984,100.0,0.0
1uoy_A,1,R2,M2_UNIFORM_RANDOM_SEED_14,10,951,500,1979.0579833984375,0.0645140042736496,-0.04369312295066874,1000.0,0.0
1uoy_A,1,R2,M2_UNIFORM_RANDOM_SEED_15,10,951,500,1788.917236328125,0.06133662331152563,0.056581144794236704,1000.0,0.0
1uoy_A,1,R2,M2_UNIFORM_RANDOM_SEED_16,10,951,500,1956.557861328125,0.06414622263791685,-0.03182726410907466,1e-06,0.0
1uoy_A,1,R2,M2_UNIFORM_RANDOM_SEED_17,10,951,500,1854.9176025390625,0.06245785291898324,0.021774621233823788,1000.0,0.0
1uoy_A,1,R2,M2_UNIFORM_RANDOM_SEED_18,10,951,500,1458.738525390625,0.055387717159835814,0.23070704350005922,1e-06,0.0
1uoy_A,1,R2,M2_UNIFORM_RANDOM_SEED_19,10,951,500,1772.2314453125,0.061049900213797366,0.06538070775807425,0.0001,0.0
1uoy_A,1,R2,M2_UNIFORM_RANDOM_SEED_20,10,951,500,1874.8310546875,0.06279221580158958,0.0112728909985923,1000.0,0.0
1uoy_A,1,R2,M2_UNIFORM_RANDOM_MEAN_20SEEDS,10,951,500,0.0,0.0,0.07260989089159935,0.0,0.0
1uoy_A,2,R3,M1_DEVELOPMENT_CONSTANT_MEAN,0,951,500,6553.54736328125,0.11739861154280866,0.0,0.0,0.0
1uoy_A,2,R3,M3_MEAN_WITHIN_RUN_VARIANCE,5,951,500,3533.767578125,0.08620723787166376,0.46078552847206367,1.0,0.25988810919344985
1uoy_A,2,R3,M3_MEAN_WITHIN_RUN_VARIANCE,10,951,500,2585.627197265625,0.07374077421509408,0.6054614312009725,1.0,0.45846652571743896
1uoy_A,2,R3,M3_MEAN_WITHIN_RUN_VARIANCE,20,951,500,2006.483642578125,0.06495948171050168,0.6938324343514758,1.0,0.5797622877708171
1uoy_A,2,R3,M3b_POOLED_DEVELOPMENT_VARIANCE,5,951,500,6530.166015625,0.11718900060378168,0.0035677391739400433,1.0,-0.3676772482216528
1uoy_A,2,R3,M3b_POOLED_DEVELOPMENT_VARIANCE,10,951,500,3163.727783203125,0.08156884138419195,0.5172495737302338,1e-06,0.33738920292373176
1uoy_A,2,R3,M3b_POOLED_DEVELOPMENT_VARIANCE,20,951,500,1847.4952392578125,0.062332766619518414,0.7180923342968253,1.0,0.6130608013816488
1uoy_A,2,R3,M4_BUDGET_MATCHED_PCA_QR,5,951,500,4595.6259765625,0.09830985989300317,0.298757493947286,100.0,0.037492603642576894
1uoy_A,2,R3,M4_BUDGET_MATCHED_PCA_QR,10,951,500,3813.107421875,0.08954972561826778,0.418161308600684,100.0,0.20138320320721192
1uoy_A,2,R3,M4_BUDGET_MATCHED_PCA_QR,20,951,500,3542.62255859375,0.08631518014240165,0.4594343548285552,100.0,0.25803352306323835
1uoy_A,2,R3,M5_DEVELOPMENT_TUNED_PCA_QR,10,951,500,3813.107421875,0.08954972561826778,0.418161308600684,100.0,0.20138320320721192
1uoy_A,2,R3,M6_POOLED_ERROR_GREEDY,5,951,500,2667.414794921875,0.07489796487082634,0.5929815339602054,1e-06,0.4413369403081998
1uoy_A,2,R3,M6_POOLED_ERROR_GREEDY,10,951,500,2248.073974609375,0.06875907701645152,0.6569683791094473,1e-06,0.5291636353446993
1uoy_A,2,R3,M6_POOLED_ERROR_GREEDY,20,951,500,1917.2213134765625,0.06349811945643596,0.7074528942571581,1e-06,0.5984573801074238
1uoy_A,2,R3,M7_MEAN_TRANSFER,5,951,500,2902.1103515625,0.07812350156291706,0.5571695464012848,10.0,0.39218232887748605
1uoy_A,2,R3,M7_MEAN_TRANSFER,10,951,500,2266.4990234375,0.0690402741914919,0.6541569171932096,1e-06,0.5253046951555367
1uoy_A,2,R3,M7_MEAN_TRANSFER,20,951,500,2153.13525390625,0.06729152881668189,0.6714549945926978,0.0001,0.5490475905106549
1uoy_A,2,R3,M8_ROBUST_TRANSFER,5,951,500,2980.23876953125,0.07916810860867907,0.5452480001549733,1.0,0.3758191216573731
1uoy_A,2,R3,M8_ROBUST_TRANSFER,10,951,500,2647.44775390625,0.0746171124322788,0.5960282871014886,1e-06,0.44551883517060253
1uoy_A,2,R3,M8_ROBUST_TRANSFER,20,951,500,1865.6597900390625,0.06263844460440086,0.7153206215473267,1e-06,0.6092564198746183
1uoy_A,2,R3,M10_INFORMATION_IMBALANCE,5,951,500,7275.947265625,0.12369994619647806,-0.1102303626263954,1e-06,-0.5238735907548651
1uoy_A,2,R3,M10_INFORMATION_IMBALANCE,10,951,500,4789.095703125,0.10035788433769502,0.26923611936373015,0.01,-0.0030276744952324464
1uoy_A,2,R3,M10_INFORMATION_IMBALANCE,20,951,500,2138.029296875,0.06705506152624213,0.6737599992251334,1.0,0.5522113804808977
1uoy_A,2,R3,M2_UNIFORM_RANDOM_SEED_1,10,951,500,4578.7763671875,0.09812947055258477,0.3013285609497779,100.0,0.0
1uoy_A,2,R3,M2_UNIFORM_RANDOM_SEED_2,10,951,500,4477.861328125,0.0970420716823032,0.31672709756948936,100.0,0.0
1uoy_A,2,R3,M2_UNIFORM_RANDOM_SEED_3,10,951,500,6491.63916015625,0.11684279173916189,0.009446517999070925,100.0,0.0
1uoy_A,2,R3,M2_UNIFORM_RANDOM_SEED_4,10,951,500,6727.4619140625,0.1189461428026075,-0.02653746759437081,1000.0,0.0
1uoy_A,2,R3,M2_UNIFORM_RANDOM_SEED_5,10,951,500,3996.221435546875,0.09167470304755714,0.3902201030945117,100.0,0.0
1uoy_A,2,R3,M2_UNIFORM_RANDOM_SEED_6,10,951,500,6231.9580078125,0.11448194479544914,0.04907103552353598,100.0,0.0
1uoy_A,2,R3,M2_UNIFORM_RANDOM_SEED_7,10,951,500,4558.35546875,0.09791040206373278,0.30444456779393614,1000.0,0.0
1uoy_A,2,R3,M2_UNIFORM_RANDOM_SEED_8,10,951,500,5487.38818359375,0.10742554885099953,0.16268428693459414,1000.0,0.0
1uoy_A,2,R3,M2_UNIFORM_RANDOM_SEED_9,10,951,500,7080.06787109375,0.12202349217108661,-0.08034129893720343,100.0,0.0
1uoy_A,2,R3,M2_UNIFORM_RANDOM_SEED_10,10,951,500,6599.9169921875,0.11781320644746593,-0.007075500692350856,1000.0,0.0
1uoy_A,2,R3,M2_UNIFORM_RANDOM_SEED_11,10,951,500,4731.9619140625,0.09975745469233342,0.27795411374073187,100.0,0.0
1uoy_A,2,R3,M2_UNIFORM_RANDOM_SEED_12,10,951,500,6439.39892578125,0.11637170698546685,0.01741780919133351,1000.0,0.0
1uoy_A,2,R3,M2_UNIFORM_RANDOM_SEED_13,10,951,500,6225.38720703125,0.11442157561126924,0.05007366820733494,100.0,0.0
1uoy_A,2,R3,M2_UNIFORM_RANDOM_SEED_14,10,951,500,4491.8212890625,0.09719322077269224,0.3145969594681435,100.0,0.0
1uoy_A,2,R3,M2_UNIFORM_RANDOM_SEED_15,10,951,500,4881.20947265625,0.10131843247148033,0.25518056068304495,100.0,0.0
1uoy_A,2,R3,M2_UNIFORM_RANDOM_SEED_16,10,951,500,6732.07177734375,0.11898688859670997,-0.027240882558162482,1000.0,0.0
1uoy_A,2,R3,M2_UNIFORM_RANDOM_SEED_17,10,951,500,5944.3349609375,0.1118089003691625,0.09295918203889009,100.0,0.0
1uoy_A,2,R3,M2_UNIFORM_RANDOM_SEED_18,10,951,500,5952.11181640625,0.11188201514612259,0.09177251853626212,1000.0,0.0
1uoy_A,2,R3,M2_UNIFORM_RANDOM_SEED_19,10,951,500,3257.011962890625,0.08276265537608989,0.5030154231982396,1e-06,0.0
1uoy_A,2,R3,M2_UNIFORM_RANDOM_SEED_20,10,951,500,4420.67138671875,0.09642038375361305,0.32545366018299515,100.0,0.0
1uoy_A,2,R3,M2_UNIFORM_RANDOM_MEAN_20SEEDS,10,951,500,0.0,0.0,0.1660575457664902,0.0,0.0
1yu5_X,0,R1,M1_DEVELOPMENT_CONSTANT_MEAN,0,951,500,4424.14892578125,0.09645830104095864,0.0,0.0,0.0
1yu5_X,0,R1,M3_MEAN_WITHIN_RUN_VARIANCE,5,951,500,2848.44482421875,0.07739780513817997,0.3561598237302218,1.0,0.19599013238095386
1yu5_X,0,R1,M3_MEAN_WITHIN_RUN_VARIANCE,10,951,500,2547.257568359375,0.07319158801365654,0.4242378339672278,10.0,0.28100407530626814
1yu5_X,0,R1,M3_MEAN_WITHIN_RUN_VARIANCE,20,951,500,1570.35546875,0.05746768796773991,0.6450491393725643,1.0,0.5567471478437979
1yu5_X,0,R1,M3b_POOLED_DEVELOPMENT_VARIANCE,5,951,500,3292.196044921875,0.08320847906474993,0.2558577705788885,10.0,0.07073569277243352
1yu5_X,0,R1,M3b_POOLED_DEVELOPMENT_VARIANCE,10,951,500,2547.257080078125,0.07319158099864513,0.42423794433450024,10.0,0.28100421312987633
1yu5_X,0,R1,M3b_POOLED_DEVELOPMENT_VARIANCE,20,951,500,1722.0653076171875,0.060179634838103686,0.6107578346691636,1.0,0.5139251116130035
1yu5_X,0,R1,M4_BUDGET_MATCHED_PCA_QR,5,951,500,3061.730712890625,0.08024319912009742,0.30795035062026954,100.0,0.13578747103464595
1yu5_X,0,R1,M4_BUDGET_MATCHED_PCA_QR,10,951,500,3058.134033203125,0.08019605358052792,0.3087633159493842,100.0,0.13680267973197724
1yu5_X,0,R1,M4_BUDGET_MATCHED_PCA_QR,20,951,500,2414.234375,0.07125485391255001,0.4543053555608605,100.0,0.3185515675988274
1yu5_X,0,R1,M5_DEVELOPMENT_TUNED_PCA_QR,10,951,500,3037.0498046875,0.07991912058640875,0.313529029958865,100.0,0.14275397204192986
1yu5_X,0,R1,M6_POOLED_ERROR_GREEDY,5,951,500,2508.8779296875,0.07263810486960938,0.4329128671353524,10.0,0.29183721763905124
1yu5_X,0,R1,M6_POOLED_ERROR_GREEDY,10,951,500,2129.40380859375,0.06691966413653529,0.5186862277205726,1.0,0.39894862638790096
1yu5_X,0,R1,M6_POOLED_ERROR_GREEDY,20,951,500,1693.4736328125,0.059677958611912774,0.6172204730848988,0.01,0.5219954763535346
1yu5_X,0,R1,M7_MEAN_TRANSFER,5,951,500,2448.1494140625,0.07175360067191651,0.4466394655486904,100.0,0.3089786154267894
1yu5_X,0,R1,M7_MEAN_TRANSFER,10,951,500,2036.507080078125,0.06544367835755922,0.5396838772287704,100.0,0.42516991238966706
1yu5_X,0,R1,M7_MEAN_TRANSFER,20,951,500,1629.7593994140625,0.05854455194452332,0.6316219397776563,0.01,0.5399796310489575
1yu5_X,0,R1,M8_ROBUST_TRANSFER,5,951,500,2529.324462890625,0.07293349264142081,0.42829129278373523,10.0,0.2860659229612891
1yu5_X,0,R1,M8_ROBUST_TRANSFER,10,951,500,2060.475341796875,0.06582766497388094,0.534266278924365,10.0,0.4184045649384184
1yu5_X,0,R1,M8_ROBUST_TRANSFER,20,951,500,1767.6934814453125,0.06097168813333125,0.6004443993410191,1.0,0.5010459778178415
1yu5_X,0,R1,M10_INFORMATION_IMBALANCE,5,951,500,3241.662109375,0.08256740049403757,0.26728006589367637,1000.0,0.08499954035826696
1yu5_X,0,R1,M10_INFORMATION_IMBALANCE,10,951,500,2559.432861328125,0.07336629879445547,0.4214858260278477,1.0,0.2775674436380692
1yu5_X,0,R1,M10_INFORMATION_IMBALANCE,20,951,500,2134.31298828125,0.0669967588443599,0.5175765951630218,1.0,0.39756294783197266
1yu5_X,0,R1,M2_UNIFORM_RANDOM_SEED_1,10,951,500,3602.735107421875,0.08704441385903422,0.1856659511556391,100.0,0.0
1yu5_X,0,R1,M2_UNIFORM_RANDOM_SEED_2,10,951,500,3135.19140625,0.08120013838480745,0.29134587039328386,100.0,0.0
1yu5_X,0,R1,M2_UNIFORM_RANDOM_SEED_3,10,951,500,3423.259521484375,0.08484859431277944,0.22623320803336888,100.0,0.0
1yu5_X,0,R1,M2_UNIFORM_RANDOM_SEED_4,10,951,500,2856.1552734375,0.07750248832120113,0.35441701413043225,100.0,0.0
1yu5_X,0,R1,M2_UNIFORM_RANDOM_SEED_5,10,951,500,3777.614501953125,0.08913198075658518,0.14613758141379818,1000.0,0.0
1yu5_X,0,R1,M2_UNIFORM_RANDOM_SEED_6,10,951,500,3017.296142578125,0.07965879052326948,0.31799399315082777,100.0,0.0
1yu5_X,0,R1,M2_UNIFORM_RANDOM_SEED_7,10,951,500,3991.15283203125,0.09161654684152648,0.09787104842397187,1000.0,0.0
1yu5_X,0,R1,M2_UNIFORM_RANDOM_SEED_8,10,951,500,3971.264892578125,0.09138799885981026,0.10236636261586773,1000.0,0.0
1yu5_X,0,R1,M2_UNIFORM_RANDOM_SEED_9,10,951,500,3637.76171875,0.08746652318892754,0.17774881004765986,100.0,0.0
1yu5_X,0,R1,M2_UNIFORM_RANDOM_SEED_10,10,951,500,3657.19482421875,0.08769983728591713,0.17335630297008264,1000.0,0.0
1yu5_X,0,R1,M2_UNIFORM_RANDOM_SEED_11,10,951,500,2545.869140625,0.07317163811079423,0.42455166330653504,100.0,0.0
1yu5_X,0,R1,M2_UNIFORM_RANDOM_SEED_12,10,951,500,3906.675537109375,0.09064177695156161,0.11696563505273405,100.0,0.0
1yu5_X,0,R1,M2_UNIFORM_RANDOM_SEED_13,10,951,500,3927.724365234375,0.0908856339294147,0.11220792267050828,1000.0,0.0
1yu5_X,0,R1,M2_UNIFORM_RANDOM_SEED_14,10,951,500,3772.519775390625,0.08907185600312527,0.1472891535348927,100.0,0.0
1yu5_X,0,R1,M2_UNIFORM_RANDOM_SEED_15,10,951,500,3636.9892578125,0.08745723615134048,0.17792341107272902,100.0,0.0
1yu5_X,0,R1,M2_UNIFORM_RANDOM_SEED_16,10,951,500,2814.892822265625,0.07694061815390213,0.3637436556753003,100.0,0.0
1yu5_X,0,R1,M2_UNIFORM_RANDOM_SEED_17,10,951,500,3087.101318359375,0.08057497528504652,0.30221577750929096,100.0,0.0
1yu5_X,0,R1,M2_UNIFORM_RANDOM_SEED_18,10,951,500,2830.08447265625,0.07714795858266543,0.36030985391015247,100.0,0.0
1yu5_X,0,R1,M2_UNIFORM_RANDOM_SEED_19,10,951,500,2926.334228515625,0.07844887192858653,0.3385543123418092,100.0,0.0
1yu5_X,0,R1,M2_UNIFORM_RANDOM_SEED_20,10,951,500,3120.77099609375,0.0810131818809301,0.29460534705154384,100.0,0.0
1yu5_X,0,R1,M2_UNIFORM_RANDOM_MEAN_20SEEDS,10,951,500,0.0,0.0,0.2355751437230214,0.0,0.0
1yu5_X,1,R2,M1_DEVELOPMENT_CONSTANT_MEAN,0,951,500,4891.23388671875,0.1014224166379137,0.0,0.0,0.0
1yu5_X,1,R2,M3_MEAN_WITHIN_RUN_VARIANCE,5,951,500,3717.31494140625,0.08841774164531534,0.240004663956075,100.0,-0.8128196012495568
1yu5_X,1,R2,M3_MEAN_WITHIN_RUN_VARIANCE,10,951,500,2571.2578125,0.0735355849607556,0.4743130522787349,1e-06,-0.2539229620944434
1yu5_X,1,R2,M3_MEAN_WITHIN_RUN_VARIANCE,20,951,500,2887.500732421875,0.07792661127860444,0.40965801282528025,1e-06,-0.40814485962726166
1yu5_X,1,R2,M3b_POOLED_DEVELOPMENT_VARIANCE,5,951,500,3717.31494140625,0.08841774164531534,0.240004663956075,100.0,-0.8128196012495568
1yu5_X,1,R2,M3b_POOLED_DEVELOPMENT_VARIANCE,10,951,500,2660.44482421875,0.07480004645008806,0.4560790005477553,1e-06,-0.297416711095829
1yu5_X,1,R2,M3b_POOLED_DEVELOPMENT_VARIANCE,20,951,500,2103.401611328125,0.06650983041795618,0.5699650313104988,1.0,-0.025763953396169992
1yu5_X,1,R2,M4_BUDGET_MATCHED_PCA_QR,5,951,500,5372.15576171875,0.1062916227543715,-0.09832322193912169,100.0,-1.6198343210934265
1yu5_X,1,R2,M4_BUDGET_MATCHED_PCA_QR,10,951,500,4938.42724609375,0.10191053215352379,-0.009648559130068346,100.0,-1.4083183298095592
1yu5_X,1,R2,M4_BUDGET_MATCHED_PCA_QR,20,951,500,4765.15380859375,0.10010671286827245,0.025776742851603807,100.0,-1.323818229918356
1yu5_X,1,R2,M5_DEVELOPMENT_TUNED_PCA_QR,10,951,500,4938.42724609375,0.10191053215352379,-0.009648559130068346,100.0,-1.4083183298095592
1yu5_X,1,R2,M6_POOLED_ERROR_GREEDY,5,951,500,2757.78955078125,0.07615620604937187,0.4361771253119744,100.0,-0.34488872548587723
1yu5_X,1,R2,M6_POOLED_ERROR_GREEDY,10,951,500,2824.33544921875,0.07706955970457667,0.42257199008869406,10.0,-0.37734110333703286
1yu5_X,1,R2,M6_POOLED_ERROR_GREEDY,20,951,500,3086.0322265625,0.08056102214657368,0.3690687670973871,1.0,-0.5049625330599401
1yu5_X,1,R2,M7_MEAN_TRANSFER,5,951,500,3097.796630859375,0.08071443125583844,0.3666635653488428,10.0,-0.5106996694184569
1yu5_X,1,R2,M7_MEAN_TRANSFER,10,951,500,3248.834716796875,0.08265869568432094,0.335784222950677,10.0,-0.5843562756082827
1yu5_X,1,R2,M7_MEAN_TRANSFER,20,951,500,2450.3037109375,0.07178516422062371,0.49904180260305053,10.0,-0.19493738524119975
1yu5_X,1,R2,M8_ROBUST_TRANSFER,5,951,500,3097.796630859375,0.08071443125583844,0.3666635653488428,10.0,-0.5106996694184569
1yu5_X,1,R2,M8_ROBUST_TRANSFER,10,951,500,2766.73095703125,0.07627956436082528,0.4343490781449234,10.0,-0.34924917295084335
1yu5_X,1,R2,M8_ROBUST_TRANSFER,20,951,500,3064.1640625,0.08027507994089012,0.3735396561550294,1e-06,-0.4942981053531923
1yu5_X,1,R2,M10_INFORMATION_IMBALANCE,5,951,500,4578.28662109375,0.0981242224463021,0.06398125153547674,10.0,-1.2326888783110839
1yu5_X,1,R2,M10_INFORMATION_IMBALANCE,10,951,500,2771.20458984375,0.07634120912047661,0.4334344555944363,100.0,-0.3514308254013685
1yu5_X,1,R2,M10_INFORMATION_IMBALANCE,20,951,500,1948.2152099609375,0.06400931862299669,0.6016924859694485,1e-06,0.04991565801157216
1yu5_X,1,R2,M2_UNIFORM_RANDOM_SEED_1,10,951,500,4728.99755859375,0.09972620307942542,0.03316879378136528,100.0,0.0
1yu5_X,1,R2,M2_UNIFORM_RANDOM_SEED_2,10,951,500,4502.21240234375,0.09730557635072024,0.07953442697379831,100.0,0.0
1yu5_X,1,R2,M2_UNIFORM_RANDOM_SEED_3,10,951,500,5491.220703125,0.10746305655397201,-0.12266573840097994,1000.0,0.0
1yu5_X,1,R2,M2_UNIFORM_RANDOM_SEED_4,10,951,500,5278.33935546875,0.10535942543907123,-0.07914270258085887,100.0,0.0
1yu5_X,1,R2,M2_UNIFORM_RANDOM_SEED_5,10,951,500,4714.55712890625,0.09957382509141628,0.036121101935491895,10.0,0.0
1yu5_X,1,R2,M2_UNIFORM_RANDOM_SEED_6,10,951,500,4563.25048828125,0.09796295881748379,0.06705534963847848,1000.0,0.0
1yu5_X,1,R2,M2_UNIFORM_RANDOM_SEED_7,10,951,500,4561.61669921875,0.09794542031730231,0.06738937354744268,100.0,0.0
1yu5_X,1,R2,M2_UNIFORM_RANDOM_SEED_8,10,951,500,4656.28466796875,0.09895653984483575,0.04803475445898464,100.0,0.0
1yu5_X,1,R2,M2_UNIFORM_RANDOM_SEED_9,10,951,500,4866.66845703125,0.10116740722177964,0.005022337973696778,1e-06,0.0
1yu5_X,1,R2,M2_UNIFORM_RANDOM_SEED_10,10,951,500,5459.21923828125,0.10714946505601519,-0.11612312245070933,100.0,0.0
1yu5_X,1,R2,M2_UNIFORM_RANDOM_SEED_11,10,951,500,4134.486328125,0.09324713980187427,0.15471506293096293,100.0,0.0
1yu5_X,1,R2,M2_UNIFORM_RANDOM_SEED_12,10,951,500,3229.017333984375,0.08240620751357573,0.3398358351351424,100.0,0.0
1yu5_X,1,R2,M2_UNIFORM_RANDOM_SEED_13,10,951,500,3388.2802734375,0.08441398503494249,0.3072749429059701,100.0,0.0
1yu5_X,1,R2,M2_UNIFORM_RANDOM_SEED_14,10,951,500,5001.6728515625,0.10256103157543847,-0.022578958071014954,1000.0,0.0
1yu5_X,1,R2,M2_UNIFORM_RANDOM_SEED_15,10,951,500,4614.3759765625,0.09851020621660511,0.056602877018007036,100.0,0.0
1yu5_X,1,R2,M2_UNIFORM_RANDOM_SEED_16,10,951,500,4766.74658203125,0.10012344202307129,0.025451104480103126,100.0,0.0
1yu5_X,1,R2,M2_UNIFORM_RANDOM_SEED_17,10,951,500,6480.1279296875,0.11673915065144701,-0.32484523941557986,100.0,0.0
1yu5_X,1,R2,M2_UNIFORM_RANDOM_SEED_18,10,951,500,4349.5068359375,0.09564114091660923,0.11075468140098776,1000.0,0.0
1yu5_X,1,R2,M2_UNIFORM_RANDOM_SEED_19,10,951,500,5491.63623046875,0.10746712240709781,-0.12275069188171162,100.0,0.0
1yu5_X,1,R2,M2_UNIFORM_RANDOM_SEED_20,10,951,500,4733.57421875,0.0997744482477029,0.03223310755939235,100.0,0.0
1yu5_X,1,R2,M2_UNIFORM_RANDOM_MEAN_20SEEDS,10,951,500,0.0,0.0,0.02875436484694846,0.0,0.0
1yu5_X,2,R3,M1_DEVELOPMENT_CONSTANT_MEAN,0,951,500,4360.6826171875,0.09576393400505814,0.0,0.0,0.0
1yu5_X,2,R3,M3_MEAN_WITHIN_RUN_VARIANCE,5,951,500,2768.93896484375,0.07630999599417097,0.36502167024720855,10.0,0.2360820705795884
1yu5_X,2,R3,M3_MEAN_WITHIN_RUN_VARIANCE,10,951,500,2020.827880859375,0.06519126403221953,0.5365799214796458,1.0,0.4424771834765795
1yu5_X,2,R3,M3_MEAN_WITHIN_RUN_VARIANCE,20,951,500,1474.2823486328125,0.05568203157804015,0.6619147784748258,1.0,0.5932627141847483
1yu5_X,2,R3,M3b_POOLED_DEVELOPMENT_VARIANCE,5,951,500,2921.39697265625,0.07838266526336111,0.3300597110320179,10.0,0.19402068637054426
1yu5_X,2,R3,M3b_POOLED_DEVELOPMENT_VARIANCE,10,951,500,2175.5478515625,0.06764085046054076,0.5010992446486147,10.0,0.3997917501173839
1yu5_X,2,R3,M3b_POOLED_DEVELOPMENT_VARIANCE,20,951,500,1713.22705078125,0.06002500444248371,0.6071195266473609,1.0,0.5273406608535686
1yu5_X,2,R3,M4_BUDGET_MATCHED_PCA_QR,5,951,500,2653.144287109375,0.07469734639590381,0.3915759251425256,100.0,0.2680284701123564
1yu5_X,2,R3,M4_BUDGET_MATCHED_PCA_QR,10,951,500,2314.155029296875,0.06976232791412307,0.46931358403023826,10.0,0.36155164820035746
1yu5_X,2,R3,M4_BUDGET_MATCHED_PCA_QR,20,951,500,2368.333251953125,0.07057422954465394,0.45688933135871657,100.0,0.34660450917103036
1yu5_X,2,R3,M5_DEVELOPMENT_TUNED_PCA_QR,10,951,500,2314.155029296875,0.06976232791412307,0.46931358403023826,10.0,0.36155164820035746
1yu5_X,2,R3,M6_POOLED_ERROR_GREEDY,5,951,500,2218.50634765625,0.06830540601878186,0.4912479209305274,100.0,0.3879400026416846
1yu5_X,2,R3,M6_POOLED_ERROR_GREEDY,10,951,500,1882.5330810546875,0.06292106250986652,0.5682939469993208,10.0,0.48063110397022557
1yu5_X,2,R3,M6_POOLED_ERROR_GREEDY,20,951,500,1323.403076171875,0.05275587241216082,0.6965146991079513,0.01,0.6348885437440942
1yu5_X,2,R3,M7_MEAN_TRANSFER,5,951,500,2508.57861328125,0.07263377177218124,0.4247279993747395,100.0,0.30791245152842195
1yu5_X,2,R3,M7_MEAN_TRANSFER,10,951,500,1890.1256103515625,0.06304781972215433,0.5665528137953244,10.0,0.47853641378991685
1yu5_X,2,R3,M7_MEAN_TRANSFER,20,951,500,1439.0626220703125,0.05501290589561254,0.669991432901287,1.0,0.6029794255070205
1yu5_X,2,R3,M8_ROBUST_TRANSFER,5,951,500,2706.001708984375,0.07543775798030038,0.3794545610086939,100.0,0.2534457245965015
1yu5_X,2,R3,M8_ROBUST_TRANSFER,10,951,500,1916.3980712890625,0.06348448515580403,0.5605279632744569,0.01,0.4712881485825665
1yu5_X,2,R3,M8_ROBUST_TRANSFER,20,951,500,1396.4764404296875,0.054192794451010155,0.6797573767635559,1e-06,0.6147284557723603
1yu5_X,2,R3,M10_INFORMATION_IMBALANCE,5,951,500,2960.2705078125,0.07890244089644124,0.32114515829593226,100.0,0.1832959319202454
1yu5_X,2,R3,M10_INFORMATION_IMBALANCE,10,951,500,2079.36083984375,0.06612865197218812,0.5231570324223984,1.0,0.42632862354155876
1yu5_X,2,R3,M10_INFORMATION_IMBALANCE,20,951,500,1849.4927978515625,0.0623664553978232,0.5758708073451981,1.0,0.4897465323174949
1yu5_X,2,R3,M2_UNIFORM_RANDOM_SEED_1,10,951,500,4029.098388671875,0.09205103495405852,0.07603952353897436,1000.0,0.0
1yu5_X,2,R3,M2_UNIFORM_RANDOM_SEED_2,10,951,500,3547.906982421875,0.08637953303584593,0.18638724853812894,1000.0,0.0
1yu5_X,2,R3,M2_UNIFORM_RANDOM_SEED_3,10,951,500,3565.035400390625,0.08658779150084585,0.18245932727615977,1000.0,0.0
1yu5_X,2,R3,M2_UNIFORM_RANDOM_SEED_4,10,951,500,3449.6005859375,0.08517441233855809,0.20893105764198416,1000.0,0.0
1yu5_X,2,R3,M2_UNIFORM_RANDOM_SEED_5,10,951,500,2873.001953125,0.07773072169967052,0.341157748605425,100.0,0.0
1yu5_X,2,R3,M2_UNIFORM_RANDOM_SEED_6,10,951,500,3793.759765625,0.08932224964150857,0.13000782247439668,1000.0,0.0
1yu5_X,2,R3,M2_UNIFORM_RANDOM_SEED_7,10,951,500,3195.763671875,0.08198078397955987,0.26714141972199645,100.0,0.0
1yu5_X,2,R3,M2_UNIFORM_RANDOM_SEED_8,10,951,500,3807.647705078125,0.0894855927177942,0.12682301388539596,1000.0,0.0
1yu5_X,2,R3,M2_UNIFORM_RANDOM_SEED_9,10,951,500,3610.028076171875,0.08713247074297108,0.1721415216179556,1000.0,0.0
1yu5_X,2,R3,M2_UNIFORM_RANDOM_SEED_10,10,951,500,3600.64013671875,0.08701910225425924,0.17429438168076372,1000.0,0.0
1yu5_X,2,R3,M2_UNIFORM_RANDOM_SEED_11,10,951,500,3070.579345703125,0.08035906991215382,0.2958489265876566,100.0,0.0
1yu5_X,2,R3,M2_UNIFORM_RANDOM_SEED_12,10,951,500,3475.315185546875,0.0854912837139288,0.20303413693786743,1000.0,0.0
1yu5_X,2,R3,M2_UNIFORM_RANDOM_SEED_13,10,951,500,3688.044677734375,0.08806895154690281,0.15425060672885083,1000.0,0.0
1yu5_X,2,R3,M2_UNIFORM_RANDOM_SEED_14,10,951,500,4133.23486328125,0.0932330262772501,0.052158749873189914,100.0,0.0
1yu5_X,2,R3,M2_UNIFORM_RANDOM_SEED_15,10,951,500,3470.727783203125,0.08543484100300952,0.20408612873513077,100.0,0.0
1yu5_X,2,R3,M2_UNIFORM_RANDOM_SEED_16,10,951,500,3707.93017578125,0.08830606101359999,0.14969042663950038,1000.0,0.0
1yu5_X,2,R3,M2_UNIFORM_RANDOM_SEED_17,10,951,500,3535.494384765625,0.08622829826204682,0.18923372895092627,100.0,0.0
1yu5_X,2,R3,M2_UNIFORM_RANDOM_SEED_18,10,951,500,3767.1376953125,0.08900829596979062,0.13611284607954732,1000.0,0.0
1yu5_X,2,R3,M2_UNIFORM_RANDOM_SEED_19,10,951,500,3462.962890625,0.0853392178565273,0.20586678861336172,10.0,0.0
1yu5_X,2,R3,M2_UNIFORM_RANDOM_SEED_20,10,951,500,3869.82421875,0.09021325614993343,0.11256457796373354,1000.0,0.0
1yu5_X,2,R3,M2_UNIFORM_RANDOM_MEAN_20SEEDS,10,951,500,0.0,0.0,0.1784114991045473,0.0,0.0
2yzt_A,0,R1,M1_DEVELOPMENT_CONSTANT_MEAN,0,951,500,75615.0234375,0.39877579077615566,0.0,0.0,0.0
2yzt_A,0,R1,M3_MEAN_WITHIN_RUN_VARIANCE,5,951,500,10610.0185546875,0.14937668287002615,0.8596837232556402,1e-06,-0.67594065024836
2yzt_A,0,R1,M3_MEAN_WITHIN_RUN_VARIANCE,10,951,500,8513.244140625,0.13380498184448808,0.8874133240511171,1.0,-0.34473769741511395
2yzt_A,0,R1,M3_MEAN_WITHIN_RUN_VARIANCE,20,951,500,6442.5234375,0.11639993638002749,0.9147983675119125,1.0,-0.017650144854253424
2yzt_A,0,R1,M3b_POOLED_DEVELOPMENT_VARIANCE,5,951,500,10610.0185546875,0.14937668287002615,0.8596837232556402,1e-06,-0.67594065024836
2yzt_A,0,R1,M3b_POOLED_DEVELOPMENT_VARIANCE,10,951,500,8960.53125,0.1372750525881942,0.8814980034039614,1.0,-0.4153904154164847
2yzt_A,0,R1,M3b_POOLED_DEVELOPMENT_VARIANCE,20,951,500,5322.70458984375,0.10580127980958182,0.9296078431524489,0.01,0.15923455313453927
2yzt_A,0,R1,M4_BUDGET_MATCHED_PCA_QR,5,951,500,54578.33984375,0.33879336776808117,0.27820772430412566,1000.0,-7.621102582973235
2yzt_A,0,R1,M4_BUDGET_MATCHED_PCA_QR,10,951,500,10741.884765625,0.15030207764332854,0.8579398077618298,10.0,-0.6967700146990701
2yzt_A,0,R1,M4_BUDGET_MATCHED_PCA_QR,20,951,500,11750.181640625,0.15719800477020346,0.8446051974005249,100.0,-0.8560388898307085
2yzt_A,0,R1,M5_DEVELOPMENT_TUNED_PCA_QR,10,951,500,10741.884765625,0.15030207764332854,0.8579398077618298,10.0,-0.6967700146990701
2yzt_A,0,R1,M6_POOLED_ERROR_GREEDY,5,951,500,8732.806640625,0.13551945969139384,0.8845096352070413,0.01,-0.37941941989500405
2yzt_A,0,R1,M6_POOLED_ERROR_GREEDY,10,951,500,7574.43798828125,0.12621179592520299,0.8998289275868314,10.0,-0.19644545972425487
2yzt_A,0,R1,M6_POOLED_ERROR_GREEDY,20,951,500,6027.7333984375,0.11259050243032555,0.9202839181367212,1e-06,0.04786939068659879
2yzt_A,0,R1,M7_MEAN_TRANSFER,5,951,500,7210.70751953125,0.12314411995186685,0.9046392212588376,1e-06,-0.1389912078612645
2yzt_A,0,R1,M7_MEAN_TRANSFER,10,951,500,6815.77880859375,0.119724348741537,0.9098621081004178,10.0,-0.07660893423951642
2yzt_A,0,R1,M7_MEAN_TRANSFER,20,951,500,6281.8603515625,0.11493938741489469,0.9169231183700577,1e-06,0.007727925441207373
2yzt_A,0,R1,M8_ROBUST_TRANSFER,5,951,500,8021.4912109375,0.12988299523811492,0.8939167000646676,10.0,-0.2670612333736919
2yzt_A,0,R1,M8_ROBUST_TRANSFER,10,951,500,7085.42333984375,0.12206963364033108,0.9062960901453632,10.0,-0.11920152997436406
2yzt_A,0,R1,M8_ROBUST_TRANSFER,20,951,500,6374.14501953125,0.11578057694151962,0.9157026642357675,1e-06,-0.006849205187388074
2yzt_A,0,R1,M10_INFORMATION_IMBALANCE,5,951,500,9122.4462890625,0.1385097664150444,0.8793566956095344,10.0,-0.44096624211770274
2yzt_A,0,R1,M10_INFORMATION_IMBALANCE,10,951,500,8101.0498046875,0.13052550749412284,0.8928645468002339,1.0,-0.27962817476544966
2yzt_A,0,R1,M10_INFORMATION_IMBALANCE,20,951,500,6116.67236328125,0.11341809501173504,0.9191077105419796,0.01,0.033820741685245514
2yzt_A,0,R1,M2_UNIFORM_RANDOM_SEED_1,10,951,500,84437.1953125,0.4213971935937217,-0.11667220975329085,1e-06,0.0
2yzt_A,0,R1,M2_UNIFORM_RANDOM_SEED_2,10,951,500,60371.9765625,0.356321835416133,0.2015875441419286,100.0,0.0
2yzt_A,0,R1,M2_UNIFORM_RANDOM_SEED_3,10,951,500,78847.7578125,0.40721091766660306,-0.042752540805228056,1000.0,0.0
2yzt_A,0,R1,M2_UNIFORM_RANDOM_SEED_4,10,951,500,23335.234375,0.22152912033562808,0.6913942056198943,10.0,0.0
2yzt_A,0,R1,M2_UNIFORM_RANDOM_SEED_5,10,951,500,13163.36328125,0.16638270203284908,0.8259160325179262,100.0,0.0
2yzt_A,0,R1,M2_UNIFORM_RANDOM_SEED_6,10,951,500,16760.763671875,0.18774640967736314,0.7783408255407247,1e-06,0.0
2yzt_A,0,R1,M2_UNIFORM_RANDOM_SEED_7,10,951,500,14254.91015625,0.17314381467420922,0.8114804504685174,1e-06,0.0
2yzt_A,0,R1,M2_UNIFORM_RANDOM_SEED_8,10,951,500,75511.0,0.39850139884205504,0.0013756980130540386,1000.0,0.0
2yzt_A,0,R1,M2_UNIFORM_RANDOM_SEED_9,10,951,500,16984.640625,0.18899613393806003,0.7753800785496185,1e-06,0.0
2yzt_A,0,R1,M2_UNIFORM_RANDOM_SEED_10,10,951,500,59391.06640625,0.35341526262672696,0.2145599682933379,1000.0,0.0
2yzt_A,0,R1,M2_UNIFORM_RANDOM_SEED_11,10,951,500,69456.6640625,0.38219209461626935,0.08144359539993029,1000.0,0.0
2yzt_A,0,R1,M2_UNIFORM_RANDOM_SEED_12,10,951,500,40722.19921875,0.29264448998020254,0.4614535925865426,1e-06,0.0
2yzt_A,0,R1,M2_UNIFORM_RANDOM_SEED_13,10,951,500,70429.2734375,0.3848587309270346,0.06858094812714444,1000.0,0.0
2yzt_A,0,R1,M2_UNIFORM_RANDOM_SEED_14,10,951,500,13194.9248046875,0.1665820487908701,0.8254986349955464,1e-06,0.0
2yzt_A,0,R1,M2_UNIFORM_RANDOM_SEED_15,10,951,500,61929.01953125,0.36088750145890813,0.1809958297184453,1000.0,0.0
2yzt_A,0,R1,M2_UNIFORM_RANDOM_SEED_16,10,951,500,59353.56640625,0.3533036703803204,0.21505590148617748,1000.0,0.0
2yzt_A,0,R1,M2_UNIFORM_RANDOM_SEED_17,10,951,500,14854.24609375,0.17674618427755995,0.8035543015333737,1e-06,0.0
2yzt_A,0,R1,M2_UNIFORM_RANDOM_SEED_18,10,951,500,12971.6279296875,0.16516650573144748,0.8284517105200758,100.0,0.0
2yzt_A,0,R1,M2_UNIFORM_RANDOM_SEED_19,10,951,500,61303.80859375,0.35906119145450355,0.18926417255664818,100.0,0.0
2yzt_A,0,R1,M2_UNIFORM_RANDOM_SEED_20,10,951,500,60178.80078125,0.3557513066445223,0.2041422716612512,1000.0,0.0
2yzt_A,0,R1,M2_UNIFORM_RANDOM_MEAN_20SEEDS,10,951,500,0.0,0.0,0.3999525505585809,0.0,0.0
2yzt_A,1,R2,M1_DEVELOPMENT_CONSTANT_MEAN,0,951,500,17796.884765625,0.19346247236537217,0.0,0.0,0.0
2yzt_A,1,R2,M3_MEAN_WITHIN_RUN_VARIANCE,5,951,500,18888.708984375,0.19930852592280268,-0.061349176169240405,1000.0,-0.42215367258589853
2yzt_A,1,R2,M3_MEAN_WITHIN_RUN_VARIANCE,10,951,500,18047.20703125,0.19481829562357336,-0.014065510280119486,1000.0,-0.35879597597916435
2yzt_A,1,R2,M3_MEAN_WITHIN_RUN_VARIANCE,20,951,500,9871.4384765625,0.14408373599785976,0.4453277297367594,100.0,0.25676749561009626
2yzt_A,1,R2,M3b_POOLED_DEVELOPMENT_VARIANCE,5,951,500,12170.0576171875,0.1599819759642073,0.3161692185199635,100.0,0.08370168918466825
2yzt_A,1,R2,M3b_POOLED_DEVELOPMENT_VARIANCE,10,951,500,6880.283203125,0.12028954905227111,0.6133995756148071,1e-06,0.48197518243044424
2yzt_A,1,R2,M3b_POOLED_DEVELOPMENT_VARIANCE,20,951,500,5071.35888671875,0.10327302829757301,0.7150423260303302,10.0,0.6181712751403879
2yzt_A,1,R2,M4_BUDGET_MATCHED_PCA_QR,5,951,500,15033.849609375,0.17781149773380991,0.1552538656420842,1000.0,-0.13191666263495994
2yzt_A,1,R2,M4_BUDGET_MATCHED_PCA_QR,10,951,500,17397.02734375,0.19127678451370192,0.022467832271821586,1000.0,-0.30984316341882656
2yzt_A,1,R2,M4_BUDGET_MATCHED_PCA_QR,20,951,500,17417.861328125,0.19139128295899974,0.021297178831662156,1000.0,-0.3114117792208919
2yzt_A,1,R2,M5_DEVELOPMENT_TUNED_PCA_QR,10,951,500,14848.5048828125,0.1767120245097527,0.16566831339535038,1000.0,-0.11796183471139288
2yzt_A,1,R2,M6_POOLED_ERROR_GREEDY,5,951,500,5575.59326171875,0.10828549387834396,0.6867095935526814,10.0,0.5802068611169892
2yzt_A,1,R2,M6_POOLED_ERROR_GREEDY,10,951,500,5909.91748046875,0.11148474576984269,0.6679240463542326,1e-06,0.5550351876096558
2yzt_A,1,R2,M6_POOLED_ERROR_GREEDY,20,951,500,4288.2158203125,0.094964887199783,0.7590468288812396,1.0,0.6771350608057365
2yzt_A,1,R2,M7_MEAN_TRANSFER,5,951,500,6796.783203125,0.11955739619316745,0.6180914079832045,1.0,0.4882619981021322
2yzt_A,1,R2,M7_MEAN_TRANSFER,10,951,500,5519.244140625,0.10773691659755966,0.689875828645836,1.0,0.5844494543813967
2yzt_A,1,R2,M7_MEAN_TRANSFER,20,951,500,4472.4404296875,0.09698331433328829,0.748695320075,1.0,0.6632645678556843
2yzt_A,1,R2,M8_ROBUST_TRANSFER,5,951,500,7726.84814453125,0.1274752663132028,0.5658314223927665,10.0,0.41823628733182816
2yzt_A,1,R2,M8_ROBUST_TRANSFER,10,951,500,5475.017578125,0.10730439204087515,0.6923609019090748,1e-06,0.5877793255937307
2yzt_A,1,R2,M8_ROBUST_TRANSFER,20,951,500,4635.62939453125,0.09873681034551184,0.7395257959142911,1.0,0.6509778739439931
2yzt_A,1,R2,M10_INFORMATION_IMBALANCE,5,951,500,7110.96044921875,0.12228941597778054,0.6004379113049214,1.0,0.4646072144562644
2yzt_A,1,R2,M10_INFORMATION_IMBALANCE,10,951,500,6719.44970703125,0.11887529104172571,0.622436746906965,1.0,0.4940845302600797
2yzt_A,1,R2,M10_INFORMATION_IMBALANCE,20,951,500,5481.53515625,0.10736824176714567,0.6919946817412852,1.0,0.5872886092787881
2yzt_A,1,R2,M2_UNIFORM_RANDOM_SEED_1,10,951,500,14630.2041015625,0.1754082160977056,0.17793454898235894,1000.0,0.0
2yzt_A,1,R2,M2_UNIFORM_RANDOM_SEED_2,10,951,500,15559.5595703125,0.18089367804224654,0.12571442838321534,1000.0,0.0
2yzt_A,1,R2,M2_UNIFORM_RANDOM_SEED_3,10,951,500,18564.638671875,0.1975913779046033,-0.043139791955776996,1000.0,0.0
2yzt_A,1,R2,M2_UNIFORM_RANDOM_SEED_4,10,951,500,18332.78125,0.1963536223380094,-0.030111814029952777,1000.0,0.0
2yzt_A,1,R2,M2_UNIFORM_RANDOM_SEED_5,10,951,500,17356.265625,0.1910525696892299,0.0247582173188009,1000.0,0.0
2yzt_A,1,R2,M2_UNIFORM_RANDOM_SEED_6,10,951,500,13709.1357421875,0.1697969080816408,0.22968902014430415,1000.0,0.0
2yzt_A,1,R2,M2_UNIFORM_RANDOM_SEED_7,10,951,500,18574.55859375,0.19764416183687766,-0.04369718848925119,1000.0,0.0
2yzt_A,1,R2,M2_UNIFORM_RANDOM_SEED_8,10,951,500,19871.724609375,0.20442900710799553,-0.11658443997780954,100.0,0.0
2yzt_A,1,R2,M2_UNIFORM_RANDOM_SEED_9,10,951,500,17522.208984375,0.1919637243617142,0.015433924805791865,1000.0,0.0
2yzt_A,1,R2,M2_UNIFORM_RANDOM_SEED_10,10,951,500,17194.466796875,0.19015996806095722,0.033849630240545325,1000.0,0.0
2yzt_A,1,R2,M2_UNIFORM_RANDOM_SEED_11,10,951,500,15683.115234375,0.18161047993852553,0.11877188390480475,1000.0,0.0
2yzt_A,1,R2,M2_UNIFORM_RANDOM_SEED_12,10,951,500,16473.494140625,0.18613052496886162,0.07436080204082418,1000.0,0.0
2yzt_A,1,R2,M2_UNIFORM_RANDOM_SEED_13,10,951,500,19003.041015625,0.19991081615990214,-0.0677734483244905,1000.0,0.0
2yzt_A,1,R2,M2_UNIFORM_RANDOM_SEED_14,10,951,500,17472.55859375,0.19169156018336075,0.018223760851755477,1000.0,0.0
2yzt_A,1,R2,M2_UNIFORM_RANDOM_SEED_15,10,951,500,18638.119140625,0.19798203372919435,-0.04726863077884613,1e-06,0.0
2yzt_A,1,R2,M2_UNIFORM_RANDOM_SEED_16,10,951,500,24296.75,0.2260470438553706,-0.36522488738757275,10.0,0.0
2yzt_A,1,R2,M2_UNIFORM_RANDOM_SEED_17,10,951,500,18223.58203125,0.1957679586945207,-0.023975952603186634,1000.0,0.0
2yzt_A,1,R2,M2_UNIFORM_RANDOM_SEED_18,10,951,500,18017.86328125,0.19465984936089709,-0.012416696435087582,1000.0,0.0
2yzt_A,1,R2,M2_UNIFORM_RANDOM_SEED_19,10,951,500,15573.9208984375,0.1809771403754063,0.12490747096824462,100.0,0.0
2yzt_A,1,R2,M2_UNIFORM_RANDOM_SEED_20,10,951,500,15051.4677734375,0.17791565584872815,0.15426390788854927,1000.0,0.0
2yzt_A,1,R2,M2_UNIFORM_RANDOM_MEAN_20SEEDS,10,951,500,0.0,0.0,0.017385737277361035,0.0,0.0
2yzt_A,2,R3,M1_DEVELOPMENT_CONSTANT_MEAN,0,951,500,17724.8125,0.19307034126758546,0.0,0.0,0.0
2yzt_A,2,R3,M3_MEAN_WITHIN_RUN_VARIANCE,5,951,500,11780.4814453125,0.15740055492423594,0.3353677820110932,1.0,-0.48036380497707865
2yzt_A,2,R3,M3_MEAN_WITHIN_RUN_VARIANCE,10,951,500,10321.916015625,0.14733465141336505,0.4176572521923716,1e-06,-0.2970769436273353
2yzt_A,2,R3,M3_MEAN_WITHIN_RUN_VARIANCE,20,951,500,7379.7822265625,0.12457947962469346,0.5836468099979901,1.0,0.0726387077190902
2yzt_A,2,R3,M3b_POOLED_DEVELOPMENT_VARIANCE,5,951,500,9734.341796875,0.14307970466202552,0.4508070651311544,10.0,-0.22324094547962892
2yzt_A,2,R3,M3b_POOLED_DEVELOPMENT_VARIANCE,10,951,500,10237.828125,0.14673329041955735,0.4224013300563828,10.0,-0.28651025581444856
2yzt_A,2,R3,M3b_POOLED_DEVELOPMENT_VARIANCE,20,951,500,6494.736328125,0.11687066132570066,0.6335794058117681,1e-06,0.1838557169620889
2yzt_A,2,R3,M4_BUDGET_MATCHED_PCA_QR,5,951,500,14682.54296875,0.17572169330776571,0.17163902474285697,1000.0,-0.8450438784576877
2yzt_A,2,R3,M4_BUDGET_MATCHED_PCA_QR,10,951,500,16132.5390625,0.18419426414880763,0.08983302009541705,1000.0,-1.0272538963173363
2yzt_A,2,R3,M4_BUDGET_MATCHED_PCA_QR,20,951,500,14470.373046875,0.1744474409885548,0.1836092456901871,1000.0,-0.8183820926633947
2yzt_A,2,R3,M5_DEVELOPMENT_TUNED_PCA_QR,10,951,500,16132.5390625,0.18419426414880763,0.08983302009541705,1000.0,-1.0272538963173363
2yzt_A,2,R3,M6_POOLED_ERROR_GREEDY,5,951,500,11186.01171875,0.15337775417515714,0.36890662630422744,100.0,-0.4056613006318157
2yzt_A,2,R3,M6_POOLED_ERROR_GREEDY,10,951,500,8782.126953125,0.13590160782612765,0.5045292042934164,100.0,-0.10358332403239179
2yzt_A,2,R3,M6_POOLED_ERROR_GREEDY,20,951,500,7523.78662109375,0.12578908975819428,0.5755223576501162,1.0,0.054542767038624596
2yzt_A,2,R3,M7_MEAN_TRANSFER,5,951,500,10028.4482421875,0.1452250745425658,0.43421414233930544,10.0,-0.2601990730801216
2yzt_A,2,R3,M7_MEAN_TRANSFER,10,951,500,8521.6171875,0.13387076640473752,0.5192266667136818,0.01,-0.07084703649910384
2yzt_A,2,R3,M7_MEAN_TRANSFER,20,951,500,6835.32861328125,0.1198959294014055,0.6143638408992338,1.0,0.14105606623980305
2yzt_A,2,R3,M8_ROBUST_TRANSFER,5,951,500,13610.962890625,0.16918784718585375,0.23209552199071215,100.0,-0.7103865328173729
2yzt_A,2,R3,M8_ROBUST_TRANSFER,10,951,500,9263.408203125,0.13957580472343903,0.4773762372310003,100.0,-0.164062290517893
2yzt_A,2,R3,M8_ROBUST_TRANSFER,20,951,500,8110.16357421875,0.1305989081667231,0.5424400921466024,10.0,-0.019142779813485777
2yzt_A,2,R3,M10_INFORMATION_IMBALANCE,5,951,500,10063.8291015625,0.14548102959403425,0.4322180219642662,10.0,-0.26464511748423836
2yzt_A,2,R3,M10_INFORMATION_IMBALANCE,10,951,500,9193.3896484375,0.13904730412077204,0.48132655008691916,1.0,-0.15526358950407082
2yzt_A,2,R3,M10_INFORMATION_IMBALANCE,20,951,500,8214.330078125,0.13143493493031713,0.5365632173471511,10.0,-0.03223259475777862
2yzt_A,2,R3,M2_UNIFORM_RANDOM_SEED_1,10,951,500,14969.7412109375,0.17743197455950005,0.15543584955059464,1000.0,0.0
2yzt_A,2,R3,M2_UNIFORM_RANDOM_SEED_2,10,951,500,17274.49609375,0.19060199112142875,0.025405989837692267,1000.0,0.0
2yzt_A,2,R3,M2_UNIFORM_RANDOM_SEED_3,10,951,500,15877.82421875,0.1827343674312079,0.10420354411365429,1000.0,0.0
2yzt_A,2,R3,M2_UNIFORM_RANDOM_SEED_4,10,951,500,14048.81640625,0.17188762380750797,0.2073926645909513,1000.0,0.0
2yzt_A,2,R3,M2_UNIFORM_RANDOM_SEED_5,10,951,500,15400.9521484375,0.17996934046888796,0.13110775369626615,100.0,0.0
2yzt_A,2,R3,M2_UNIFORM_RANDOM_SEED_6,10,951,500,16781.314453125,0.18786147464385233,0.05323035416453625,1000.0,0.0
2yzt_A,2,R3,M2_UNIFORM_RANDOM_SEED_7,10,951,500,14636.8876953125,0.17544827785575426,0.1742148078964164,100.0,0.0
2yzt_A,2,R3,M2_UNIFORM_RANDOM_SEED_8,10,951,500,17364.751953125,0.19109927145939973,0.02031392698089185,1000.0,0.0
2yzt_A,2,R3,M2_UNIFORM_RANDOM_SEED_9,10,951,500,15082.0078125,0.17809606342525086,0.14910198274311792,1000.0,0.0
2yzt_A,2,R3,M2_UNIFORM_RANDOM_SEED_10,10,951,500,17238.927734375,0.19040566431133338,0.027412688603899227,1000.0,0.0
2yzt_A,2,R3,M2_UNIFORM_RANDOM_SEED_11,10,951,500,18615.326171875,0.19786093838805124,-0.05024107712705006,1000.0,0.0
2yzt_A,2,R3,M2_UNIFORM_RANDOM_SEED_12,10,951,500,14679.0068359375,0.17570053169208746,0.17183852658878618,1000.0,0.0
2yzt_A,2,R3,M2_UNIFORM_RANDOM_SEED_13,10,951,500,16774.794921875,0.18782497906012915,0.05359817364076491,1000.0,0.0
2yzt_A,2,R3,M2_UNIFORM_RANDOM_SEED_14,10,951,500,17791.884765625,0.19343529400451742,-0.003784088865538049,1000.0,0.0
2yzt_A,2,R3,M2_UNIFORM_RANDOM_SEED_15,10,951,500,21814.162109375,0.21418744362858744,-0.23071327887812632,1000.0,0.0
2yzt_A,2,R3,M2_UNIFORM_RANDOM_SEED_16,10,951,500,25665.564453125,0.23232724868116128,-0.4480020284065065,1000.0,0.0
2yzt_A,2,R3,M2_UNIFORM_RANDOM_SEED_17,10,951,500,17257.72265625,0.19050943192246297,0.026352315080907074,1000.0,0.0
2yzt_A,2,R3,M2_UNIFORM_RANDOM_SEED_18,10,951,500,19920.03125,0.2046773319148696,-0.12385004072680594,1000.0,0.0
2yzt_A,2,R3,M2_UNIFORM_RANDOM_SEED_19,10,951,500,17367.427734375,0.1911139943921524,0.02016296452360211,1000.0,0.0
2yzt_A,2,R3,M2_UNIFORM_RANDOM_SEED_20,10,951,500,14860.6171875,0.17678408407349197,0.16159241811443703,1000.0,0.0
2yzt_A,2,R3,M2_UNIFORM_RANDOM_MEAN_20SEEDS,10,951,500,0.0,0.0,0.031238672306124537,0.0,0.0
6l34_A,0,R1,M1_DEVELOPMENT_CONSTANT_MEAN,0,951,500,3025.469970703125,0.07976661502245891,0.0,0.0,0.0
6l34_A,0,R1,M3_MEAN_WITHIN_RUN_VARIANCE,5,951,500,3467.208984375,0.08539152094540232,-0.14600674207624476,10.0,-1.1604354007332893
6l34_A,0,R1,M3_MEAN_WITHIN_RUN_VARIANCE,10,951,500,3519.415771484375,0.08603200162036367,-0.16326250320258717,0.01,-1.1929657130213362
6l34_A,0,R1,M3_MEAN_WITHIN_RUN_VARIANCE,20,951,500,4076.96533203125,0.09259621797709632,-0.3475477765471773,100.0,-1.5403776555079496
6l34_A,0,R1,M3b_POOLED_DEVELOPMENT_VARIANCE,5,951,500,3433.693115234375,0.08497779898394883,-0.1349288370019346,1.0,-1.1395514936760391
6l34_A,0,R1,M3b_POOLED_DEVELOPMENT_VARIANCE,10,951,500,3519.41552734375,0.08603199863635888,-0.16326242250747947,0.01,-1.1929655608960816
6l34_A,0,R1,M3b_POOLED_DEVELOPMENT_VARIANCE,20,951,500,4626.59130859375,0.09864050981114092,-0.529214090172748,10.0,-1.8828523728611284
6l34_A,0,R1,M4_BUDGET_MATCHED_PCA_QR,5,951,500,2751.952880859375,0.07607557370490713,0.09040482718134002,1e-06,-0.7147557161254519
6l34_A,0,R1,M4_BUDGET_MATCHED_PCA_QR,10,951,500,2621.763427734375,0.07425427974487268,0.13343597751027347,10.0,-0.6336340114341905
6l34_A,0,R1,M4_BUDGET_MATCHED_PCA_QR,20,951,500,2164.545166015625,0.06746958914614168,0.28455903149731787,100.0,-0.34873900714387807
6l34_A,0,R1,M5_DEVELOPMENT_TUNED_PCA_QR,10,951,500,2621.763427734375,0.07425427974487268,0.13343597751027347,10.0,-0.6336340114341905
6l34_A,0,R1,M6_POOLED_ERROR_GREEDY,5,951,500,2764.677490234375,0.07625125177279202,0.08619899817023846,1.0,-0.7226844843878035
6l34_A,0,R1,M6_POOLED_ERROR_GREEDY,10,951,500,2710.10107421875,0.07549487728832802,0.10423798601150314,1.0,-0.6886776443799874
6l34_A,0,R1,M6_POOLED_ERROR_GREEDY,20,951,500,2650.860107421875,0.07466518476384341,0.1238187345796693,1.0,-0.6517642992604964
6l34_A,0,R1,M7_MEAN_TRANSFER,5,951,500,2769.78466796875,0.07632164859394953,0.08451093721315406,10.0,-0.7258667925858107
6l34_A,0,R1,M7_MEAN_TRANSFER,10,951,500,2717.0029296875,0.07559094813489013,0.10195673531802951,1.0,-0.6929782253235153
6l34_A,0,R1,M7_MEAN_TRANSFER,20,951,500,2654.97998046875,0.07472318323283225,0.12245700463795128,1.0,-0.6543314129294753
6l34_A,0,R1,M8_ROBUST_TRANSFER,5,951,500,2776.563720703125,0.07641499019846013,0.0822702761588322,1.0,-0.7300908545263463
6l34_A,0,R1,M8_ROBUST_TRANSFER,10,951,500,2717.080078125,0.07559202131778536,0.10193123566400975,1.0,-0.693026296903924
6l34_A,0,R1,M8_ROBUST_TRANSFER,20,951,500,2652.65283203125,0.07469042779548005,0.12322619040414129,1.0,-0.6528813550039816
6l34_A,0,R1,M10_INFORMATION_IMBALANCE,5,951,500,2885.2451171875,0.07789616855181374,0.0463481227291892,1e-06,-0.7978107806756203
6l34_A,0,R1,M10_INFORMATION_IMBALANCE,10,951,500,2775.355224609375,0.07639835862124078,0.08266971694173608,1.0,-0.7293378345167791
6l34_A,0,R1,M10_INFORMATION_IMBALANCE,20,951,500,2690.6982421875,0.07522414095287358,0.1106511489974642,0.01,-0.6765876419071912
6l34_A,0,R1,M2_UNIFORM_RANDOM_SEED_1,10,951,500,2999.890625,0.07942869912036665,0.008454668514584651,100.0,0.0
6l34_A,0,R1,M2_UNIFORM_RANDOM_SEED_2,10,951,500,2508.713623046875,0.0726357262926642,0.17080200850122962,100.0,0.0
6l34_A,0,R1,M2_UNIFORM_RANDOM_SEED_3,10,951,500,2897.240966796875,0.07805793322677657,0.0423831686144448,0.01,0.0
6l34_A,0,R1,M2_UNIFORM_RANDOM_SEED_4,10,951,500,3974.238525390625,0.09142220754481509,-0.3135937767932975,10.0,0.0
6l34_A,0,R1,M2_UNIFORM_RANDOM_SEED_5,10,951,500,2393.18505859375,0.07094354412773801,0.20898733692023086,100.0,0.0
6l34_A,0,R1,M2_UNIFORM_RANDOM_SEED_6,10,951,500,2893.10009765625,0.07800213129898786,0.04375183833542129,0.0001,0.0
6l34_A,0,R1,M2_UNIFORM_RANDOM_SEED_7,10,951,500,2913.376708984375,0.07827499730380966,0.037049867559154515,10.0,0.0
6l34_A,0,R1,M2_UNIFORM_RANDOM_SEED_8,10,951,500,2888.245361328125,0.07793665849109366,0.045356460551187916,100.0,0.0
6l34_A,0,R1,M2_UNIFORM_RANDOM_SEED_9,10,951,500,2892.61376953125,0.07799557497129259,0.04391258298987477,1e-06,0.0
6l34_A,0,R1,M2_UNIFORM_RANDOM_SEED_10,10,951,500,2828.991943359375,0.07713306599874478,0.0649413245698447,10.0,0.0
6l34_A,0,R1,M2_UNIFORM_RANDOM_SEED_11,10,951,500,2756.919921875,0.07614419772553938,0.08876308521605103,10.0,0.0
6l34_A,0,R1,M2_UNIFORM_RANDOM_SEED_12,10,951,500,3182.848388671875,0.08181495867524675,-0.052017841688303035,1e-06,0.0
6l34_A,0,R1,M2_UNIFORM_RANDOM_SEED_13,10,951,500,2789.43310546875,0.07659187737103225,0.07801659494888968,10.0,0.0
6l34_A,0,R1,M2_UNIFORM_RANDOM_SEED_14,10,951,500,2495.412353515625,0.07244291205402893,0.17519843935661794,1000.0,0.0
6l34_A,0,R1,M2_UNIFORM_RANDOM_SEED_15,10,951,500,2789.012939453125,0.07658610872294715,0.0781554712291681,1.0,0.0
6l34_A,0,R1,M2_UNIFORM_RANDOM_SEED_16,10,951,500,3013.3359375,0.07960649722623722,0.004010627545678491,10.0,0.0
6l34_A,0,R1,M2_UNIFORM_RANDOM_SEED_17,10,951,500,2827.97021484375,0.07711913591841417,0.06527903359539067,10.0,0.0
6l34_A,0,R1,M2_UNIFORM_RANDOM_SEED_18,10,951,500,2763.0859375,0.07622930068458025,0.08672504957705673,100.0,0.0
6l34_A,0,R1,M2_UNIFORM_RANDOM_SEED_19,10,951,500,2793.521240234375,0.07664798254796903,0.07666535537116725,10.0,0.0
6l34_A,0,R1,M2_UNIFORM_RANDOM_SEED_20,10,951,500,3762.12060546875,0.08894900541069319,-0.24348304293181466,100.0,0.0
6l34_A,0,R1,M2_UNIFORM_RANDOM_MEAN_20SEEDS,10,951,500,0.0,0.0,0.03546791259912889,0.0,0.0
6l34_A,1,R2,M1_DEVELOPMENT_CONSTANT_MEAN,0,951,500,1814.9222412109375,0.061780831733953614,0.0,0.0,0.0
6l34_A,1,R2,M3_MEAN_WITHIN_RUN_VARIANCE,5,951,500,1425.934326171875,0.054761394795813156,0.21432759277858937,10.0,-0.016900057029084925
6l34_A,1,R2,M3_MEAN_WITHIN_RUN_VARIANCE,10,951,500,1415.4622802734375,0.05455994070664476,0.22009756223549037,100.0,-0.009431954272963505
6l34_A,1,R2,M3_MEAN_WITHIN_RUN_VARIANCE,20,951,500,1396.875,0.054200527311856296,0.23033892676967327,100.0,0.0038234993781296467
6l34_A,1,R2,M3b_POOLED_DEVELOPMENT_VARIANCE,5,951,500,1501.946533203125,0.056202026547262425,0.17244579459172393,1000.0,-0.07110789552926278
6l34_A,1,R2,M3b_POOLED_DEVELOPMENT_VARIANCE,10,951,500,1433.8944091796875,0.0549140310662846,0.20994168421068204,100.0,-0.022576762271416806
6l34_A,1,R2,M3b_POOLED_DEVELOPMENT_VARIANCE,20,951,500,1416.3909912109375,0.0545778366639114,0.21958585384577978,100.0,-0.01009426121653978
6l34_A,1,R2,M4_BUDGET_MATCHED_PCA_QR,5,951,500,1262.656005859375,0.05153084496570829,0.3042919541186977,100.0,0.0995413036913253
6l34_A,1,R2,M4_BUDGET_MATCHED_PCA_QR,10,951,500,940.8670043945312,0.04448246631485513,0.4815937658206372,10.0,0.3290240000083572
6l34_A,1,R2,M4_BUDGET_MATCHED_PCA_QR,20,951,500,715.6701049804688,0.03879548427819319,0.6056745084004451,10.0,0.4896223779657235
6l34_A,1,R2,M5_DEVELOPMENT_TUNED_PCA_QR,10,951,500,940.8670043945312,0.04448246631485513,0.4815937658206372,10.0,0.3290240000083572
6l34_A,1,R2,M6_POOLED_ERROR_GREEDY,5,951,500,1313.6048583984375,0.05256021249715845,0.2762197583065681,100.0,0.06320730842828237
6l34_A,1,R2,M6_POOLED_ERROR_GREEDY,10,951,500,1118.1365966796875,0.048492231573579625,0.3839203844162197,10.0,0.20260481281602238
6l34_A,1,R2,M6_POOLED_ERROR_GREEDY,20,951,500,1037.1802978515625,0.04670376243468332,0.42852631683022213,10.0,0.2603385130181879
6l34_A,1,R2,M7_MEAN_TRANSFER,5,951,500,1365.0196533203125,0.05357894915423165,0.24789083392930633,1000.0,0.02654102799126079
6l34_A,1,R2,M7_MEAN_TRANSFER,10,951,500,1081.171875,0.04768393740490954,0.4042874948302857,100.0,0.22896607426699866
6l34_A,1,R2,M7_MEAN_TRANSFER,20,951,500,1021.5634155273438,0.04635081822595189,0.4371310283542811,10.0,0.27147563780341477
6l34_A,1,R2,M8_ROBUST_TRANSFER,5,951,500,1382.4697265625,0.053920331591262236,0.23827605658736106,1000.0,0.014096569540792636
6l34_A,1,R2,M8_ROBUST_TRANSFER,10,951,500,1100.2403564453125,0.04810259707449128,0.39378099432446256,100.0,0.21536745369009347
6l34_A,1,R2,M8_ROBUST_TRANSFER,20,951,500,1028.6995849609375,0.04651242916915253,0.4331990861081867,10.0,0.2663865036330687
6l34_A,1,R2,M10_INFORMATION_IMBALANCE,5,951,500,1453.92333984375,0.05529622626362872,0.19890598790961134,1000.0,-0.03686032383571125
6l34_A,1,R2,M10_INFORMATION_IMBALANCE,10,951,500,1441.1051025390625,0.05505193232256322,0.20596868019120196,1000.0,-0.02771904291771632
6l34_A,1,R2,M10_INFORMATION_IMBALANCE,20,951,500,1402.248779296875,0.054304681974261755,0.2273780399752674,100.0,-8.792455481243522e-06
6l34_A,1,R2,M2_UNIFORM_RANDOM_SEED_1,10,951,500,1255.140625,0.05137725922536146,0.3084328372313321,100.0,0.0
6l34_A,1,R2,M2_UNIFORM_RANDOM_SEED_2,10,951,500,1101.7908935546875,0.048136479944860866,0.3929266673047328,100.0,0.0
6l34_A,1,R2,M2_UNIFORM_RANDOM_SEED_3,10,951,500,1151.0733642578125,0.04920126190446994,0.3657726275425427,100.0,0.0
6l34_A,1,R2,M2_UNIFORM_RANDOM_SEED_4,10,951,500,1128.30517578125,0.048712232009879536,0.3783176214599522,100.0,0.0
6l34_A,1,R2,M2_UNIFORM_RANDOM_SEED_5,10,951,500,1136.021728515625,0.04887852124552848,0.3740658950999146,100.0,0.0
6l34_A,1,R2,M2_UNIFORM_RANDOM_SEED_6,10,951,500,1488.4898681640625,0.05594968951112507,0.17986025276161444,1000.0,0.0
6l34_A,1,R2,M2_UNIFORM_RANDOM_SEED_7,10,951,500,1464.909423828125,0.05550474679311749,0.1928527897422646,1e-06,0.0
6l34_A,1,R2,M2_UNIFORM_RANDOM_SEED_8,10,951,500,1507.846435546875,0.05631230393289794,0.16919502042091783,100.0,0.0
6l34_A,1,R2,M2_UNIFORM_RANDOM_SEED_9,10,951,500,1572.230224609375,0.05750198139702086,0.13372033858576526,1000.0,0.0
6l34_A,1,R2,M2_UNIFORM_RANDOM_SEED_10,10,951,500,1530.219970703125,0.0567285485836007,0.15686747566543446,100.0,0.0
6l34_A,1,R2,M2_UNIFORM_RANDOM_SEED_11,10,951,500,964.7667236328125,0.04504389081966786,0.4684253122662111,10.0,0.0
6l34_A,1,R2,M2_UNIFORM_RANDOM_SEED_12,10,951,500,1252.3494873046875,0.05132010195814195,0.30997072002979853,100.0,0.0
6l34_A,1,R2,M2_UNIFORM_RANDOM_SEED_13,10,951,500,1374.7686767578125,0.05376994021359646,0.24251924102238642,1000.0,0.0
6l34_A,1,R2,M2_UNIFORM_RANDOM_SEED_14,10,951,500,990.530029296875,0.045641358494802185,0.45423004534013445,100.0,0.0
6l34_A,1,R2,M2_UNIFORM_RANDOM_SEED_15,10,951,500,1535.5330810546875,0.05682694746380472,0.1539400167193049,100.0,0.0
6l34_A,1,R2,M2_UNIFORM_RANDOM_SEED_16,10,951,500,1248.8438720703125,0.05124822321703325,0.31190227123060155,100.0,0.0
6l34_A,1,R2,M2_UNIFORM_RANDOM_SEED_17,10,951,500,1353.862548828125,0.05335953382781777,0.2540382623087962,100.0,0.0
6l34_A,1,R2,M2_UNIFORM_RANDOM_SEED_18,10,951,500,1499.6776123046875,0.05615955960685532,0.1736959423098563,100.0,0.0
6l34_A,1,R2,M2_UNIFORM_RANDOM_SEED_19,10,951,500,1098.858642578125,0.04807238326483894,0.3945423017985864,100.0,0.0
6l34_A,1,R2,M2_UNIFORM_RANDOM_SEED_20,10,951,500,1275.7978515625,0.051798319797898694,0.29705095755988276,100.0,0.0
6l34_A,1,R2,M2_UNIFORM_RANDOM_MEAN_20SEEDS,10,951,500,0.0,0.0,0.28561632982000146,0.0,0.0
6l34_A,2,R3,M1_DEVELOPMENT_CONSTANT_MEAN,0,951,500,1738.322998046875,0.06046303974911622,0.0,0.0,0.0
6l34_A,2,R3,M3_MEAN_WITHIN_RUN_VARIANCE,5,951,500,1399.72607421875,0.054255811770446645,0.19478366460580787,100.0,-0.01728827128643018
6l34_A,2,R3,M3_MEAN_WITHIN_RUN_VARIANCE,10,951,500,1357.0531005859375,0.0534223711412277,0.21933202166071575,100.0,0.013725450881891033
6l34_A,2,R3,M3_MEAN_WITHIN_RUN_VARIANCE,20,951,500,1104.9163818359375,0.04820470680135172,0.36437797631545643,10.0,0.19697253862952913
6l34_A,2,R3,M3b_POOLED_DEVELOPMENT_VARIANCE,5,951,500,1466.7115478515625,0.05553887712632781,0.15624912660103252,1000.0,-0.06597175152470514
6l34_A,2,R3,M3b_POOLED_DEVELOPMENT_VARIANCE,10,951,500,1439.980712890625,0.055030451619518916,0.17162649604904157,100.0,-0.04654440399698778
6l34_A,2,R3,M3b_POOLED_DEVELOPMENT_VARIANCE,20,951,500,1409.0390625,0.054436006333023354,0.18942620900537366,100.0,-0.02405673400470265
6l34_A,2,R3,M4_BUDGET_MATCHED_PCA_QR,5,951,500,1144.672607421875,0.049064274834447835,0.3415075284006521,10.0,0.1680786409276055
6l34_A,2,R3,M4_BUDGET_MATCHED_PCA_QR,10,951,500,940.3350830078125,0.044469890403367456,0.4590561799709586,100.0,0.316586388835461
6l34_A,2,R3,M4_BUDGET_MATCHED_PCA_QR,20,951,500,765.759765625,0.04013017109643607,0.5594836135255741,10.0,0.443463658681823
6l34_A,2,R3,M5_DEVELOPMENT_TUNED_PCA_QR,10,951,500,940.3350830078125,0.044469890403367456,0.4590561799709586,100.0,0.316586388835461
6l34_A,2,R3,M6_POOLED_ERROR_GREEDY,5,951,500,1059.48876953125,0.04720336051616932,0.3905109863232218,100.0,0.22998826795063876
6l34_A,2,R3,M6_POOLED_ERROR_GREEDY,10,951,500,985.020263671875,0.04551424278003431,0.4333502664472525,10.0,0.2841102415183955
6l34_A,2,R3,M6_POOLED_ERROR_GREEDY,20,951,500,852.53271484375,0.04234286755640883,0.5095659921650758,10.0,0.38039910260113663
6l34_A,2,R3,M7_MEAN_TRANSFER,5,951,500,1161.67578125,0.049427336362744434,0.3317261621947001,1000.0,0.15572113067714433
6l34_A,2,R3,M7_MEAN_TRANSFER,10,951,500,954.702880859375,0.0448083400880884,0.4507908588150481,10.0,0.3061442083918575
6l34_A,2,R3,M7_MEAN_TRANSFER,20,951,500,869.8638916015625,0.04277109718205518,0.4995959366706221,0.01,0.3678032074699016
6l34_A,2,R3,M8_ROBUST_TRANSFER,5,951,500,1226.6435546875,0.05079066861412874,0.29435234069518834,10.0,0.1085040678911624
6l34_A,2,R3,M8_ROBUST_TRANSFER,10,951,500,945.4015502929688,0.04458952997713059,0.45614160811587245,10.0,0.31290419855482166
6l34_A,2,R3,M8_ROBUST_TRANSFER,20,951,500,848.6548461914062,0.04224645646054813,0.5117968023520784,1.0,0.383217447111737
6l34_A,2,R3,M10_INFORMATION_IMBALANCE,5,951,500,1415.3360595703125,0.05455750802168189,0.18580375387051795,1000.0,-0.02863324463913486
6l34_A,2,R3,M10_INFORMATION_IMBALANCE,10,951,500,1365.2337646484375,0.053583151075468904,0.21462595491035252,100.0,0.0077799350017495605
6l34_A,2,R3,M10_INFORMATION_IMBALANCE,20,951,500,1334.8487548828125,0.05298351537942486,0.23210545083818912,100.0,0.02986305156778646
6l34_A,2,R3,M2_UNIFORM_RANDOM_SEED_1,10,951,500,1217.1617431640625,0.05059398482062442,0.2998069147496598,100.0,0.0
6l34_A,2,R3,M2_UNIFORM_RANDOM_SEED_2,10,951,500,1485.5450439453125,0.05589431675511529,0.14541483624480367,10.0,0.0
6l34_A,2,R3,M2_UNIFORM_RANDOM_SEED_3,10,951,500,1322.2816162109375,0.05273351484820565,0.2393349120407361,100.0,0.0
6l34_A,2,R3,M2_UNIFORM_RANDOM_SEED_4,10,951,500,1493.943115234375,0.05605208474703413,0.14058370227344263,100.0,0.0
6l34_A,2,R3,M2_UNIFORM_RANDOM_SEED_5,10,951,500,1507.7440185546875,0.05631039145872531,0.13264449688076307,1000.0,0.0
6l34_A,2,R3,M2_UNIFORM_RANDOM_SEED_6,10,951,500,1553.6629638671875,0.05716143802965107,0.1062288391669245,1000.0,0.0
6l34_A,2,R3,M2_UNIFORM_RANDOM_SEED_7,10,951,500,1423.9658203125,0.05472358262096714,0.18083933658334894,100.0,0.0
6l34_A,2,R3,M2_UNIFORM_RANDOM_SEED_8,10,951,500,1485.9637451171875,0.055902193112422005,0.14517397124310638,100.0,0.0
6l34_A,2,R3,M2_UNIFORM_RANDOM_SEED_9,10,951,500,1173.407470703125,0.04967629115217222,0.3249773074270267,100.0,0.0
6l34_A,2,R3,M2_UNIFORM_RANDOM_SEED_10,10,951,500,1494.5511474609375,0.056063490136729094,0.1402339213482373,100.0,0.0
6l34_A,2,R3,M2_UNIFORM_RANDOM_SEED_11,10,951,500,1579.2105712890625,0.05762948792615675,0.09153214157356615,1000.0,0.0
6l34_A,2,R3,M2_UNIFORM_RANDOM_SEED_12,10,951,500,1489.029296875,0.055959826676195694,0.14341046022630632,1000.0,0.0
6l34_A,2,R3,M2_UNIFORM_RANDOM_SEED_13,10,951,500,1304.4718017578125,0.05237717697872217,0.24958031204587638,100.0,0.0
6l34_A,2,R3,M2_UNIFORM_RANDOM_SEED_14,10,951,500,1558.06787109375,0.05724241203175259,0.10369484103682336,100.0,0.0
6l34_A,2,R3,M2_UNIFORM_RANDOM_SEED_15,10,951,500,1527.798583984375,0.0566836478048428,0.12110776552978852,1000.0,0.0
6l34_A,2,R3,M2_UNIFORM_RANDOM_SEED_16,10,951,500,1427.222900390625,0.05478613232605878,0.17896564562845474,1000.0,0.0
6l34_A,2,R3,M2_UNIFORM_RANDOM_SEED_17,10,951,500,1343.6787109375,0.053158468148883455,0.2270258677776138,100.0,0.0
6l34_A,2,R3,M2_UNIFORM_RANDOM_SEED_18,10,951,500,1400.7115478515625,0.054274907744036614,0.19421675406391226,100.0,0.0
6l34_A,2,R3,M2_UNIFORM_RANDOM_SEED_19,10,951,500,1086.5269775390625,0.04780188209404567,0.37495679527921455,100.0,0.0
6l34_A,2,R3,M2_UNIFORM_RANDOM_SEED_20,10,951,500,1405.5430908203125,0.054368433711758216,0.1914373264349971,100.0,0.0
6l34_A,2,R3,M2_UNIFORM_RANDOM_MEAN_20SEEDS,10,951,500,0.0,0.0,0.1865583073777301,0.0,0.0
4zmk_A,0,R1,M1_DEVELOPMENT_CONSTANT_MEAN,0,951,500,3635.183837890625,0.08743552634889767,0.0,0.0,0.0
4zmk_A,0,R1,M3_MEAN_WITHIN_RUN_VARIANCE,5,951,500,2914.462158203125,0.07828957757111188,0.19826278720080093,10.0,-0.06130526736539976
4zmk_A,0,R1,M3_MEAN_WITHIN_RUN_VARIANCE,10,951,500,2470.806884765625,0.07208487351756522,0.3203075841690165,1.0,0.1002523899431289
4zmk_A,0,R1,M3_MEAN_WITHIN_RUN_VARIANCE,20,951,500,1713.1767578125,0.060024123398191714,0.5287234884916855,1.0,0.3761444073388228
4zmk_A,0,R1,M3b_POOLED_DEVELOPMENT_VARIANCE,5,951,500,3125.153076171875,0.08107003990036415,0.14030398033864055,100.0,-0.1380286450894559
4zmk_A,0,R1,M3b_POOLED_DEVELOPMENT_VARIANCE,10,951,500,2579.246826171875,0.07364973554672676,0.2904769218855998,1.0,0.060763841195525914
4zmk_A,0,R1,M3b_POOLED_DEVELOPMENT_VARIANCE,20,951,500,1550.407958984375,0.0571015285389221,0.573499435482739,1.0,0.4354168817035383
4zmk_A,0,R1,M4_BUDGET_MATCHED_PCA_QR,5,951,500,3694.114013671875,0.08814138834851618,-0.016211057929726325,100.0,-0.3452165264604037
4zmk_A,0,R1,M4_BUDGET_MATCHED_PCA_QR,10,951,500,3067.790771484375,0.08032257221820292,0.15608373378318308,100.0,-0.11714008562001421
4zmk_A,0,R1,M4_BUDGET_MATCHED_PCA_QR,20,951,500,2980.61279296875,0.07917307629775117,0.18006545861562273,100.0,-0.08539410890987442
4zmk_A,0,R1,M5_DEVELOPMENT_TUNED_PCA_QR,10,951,500,3067.790771484375,0.08032257221820292,0.15608373378318308,100.0,-0.11714008562001421
4zmk_A,0,R1,M6_POOLED_ERROR_GREEDY,5,951,500,2851.861328125,0.07744420776773314,0.21548360267252964,0.0001,-0.0385090919145159
4zmk_A,0,R1,M6_POOLED_ERROR_GREEDY,10,951,500,2408.238037109375,0.07116630952329815,0.3375196016202596,1e-06,0.12303691895259194
4zmk_A,0,R1,M6_POOLED_ERROR_GREEDY,20,951,500,1969.3402099609375,0.06435541771764758,0.45825567625111374,1e-06,0.2828621458737236
4zmk_A,0,R1,M7_MEAN_TRANSFER,5,951,500,2576.383056640625,0.07360883708663193,0.29126471410160826,100.0,0.06180668667543088
4zmk_A,0,R1,M7_MEAN_TRANSFER,10,951,500,2437.518310546875,0.07159763594759747,0.32946491312492054,1e-06,0.1123744684755279
4zmk_A,0,R1,M7_MEAN_TRANSFER,20,951,500,2073.542724609375,0.06603607217104882,0.4295906845215889,0.0001,0.24491666171026127
4zmk_A,0,R1,M8_ROBUST_TRANSFER,5,951,500,3048.229248046875,0.0800660774435489,0.16146489861826085,100.0,-0.11001673086878627
4zmk_A,0,R1,M8_ROBUST_TRANSFER,10,951,500,2310.21044921875,0.06970284606201985,0.3644859373716606,10.0,0.15873379533255083
4zmk_A,0,R1,M8_ROBUST_TRANSFER,20,951,500,1967.4971923828125,0.0643252969877413,0.4587626705766592,1.0,0.2835332831736215
4zmk_A,0,R1,M10_INFORMATION_IMBALANCE,5,951,500,3345.235107421875,0.08387606785004299,0.07976177915585081,100.0,-0.21817180919288304
4zmk_A,0,R1,M10_INFORMATION_IMBALANCE,10,951,500,2334.239013671875,0.07006439900350345,0.3578759375684407,100.0,0.1499837616601104
4zmk_A,0,R1,M10_INFORMATION_IMBALANCE,20,951,500,1641.4840087890625,0.058754761469605926,0.5484453931382022,1e-06,0.40225141715410584
4zmk_A,0,R1,M2_UNIFORM_RANDOM_SEED_1,10,951,500,3167.181396484375,0.08161335064910176,0.1287424411739837,100.0,0.0
4zmk_A,0,R1,M2_UNIFORM_RANDOM_SEED_2,10,951,500,3049.75,0.08008604730982721,0.16104655610218943,1000.0,0.0
4zmk_A,0,R1,M2_UNIFORM_RANDOM_SEED_3,10,951,500,3485.214111328125,0.08561295183086957,0.04125505978523558,100.0,0.0
4zmk_A,0,R1,M2_UNIFORM_RANDOM_SEED_4,10,951,500,3076.205322265625,0.08043265396530486,0.15376898130944494,100.0,0.0
4zmk_A,0,R1,M2_UNIFORM_RANDOM_SEED_5,10,951,500,3178.55029296875,0.0817596988457616,0.12561497995293802,1000.0,0.0
4zmk_A,0,R1,M2_UNIFORM_RANDOM_SEED_6,10,951,500,3504.7177734375,0.08585216762851242,0.035889811979586184,10.0,0.0
4zmk_A,0,R1,M2_UNIFORM_RANDOM_SEED_7,10,951,500,3461.923583984375,0.08532641086518483,0.0476620335126674,1000.0,0.0
4zmk_A,0,R1,M2_UNIFORM_RANDOM_SEED_8,10,951,500,3021.38916015625,0.07971280151820441,0.1688483182986804,1e-06,0.0
4zmk_A,0,R1,M2_UNIFORM_RANDOM_SEED_9,10,951,500,3265.60107421875,0.08287171079754911,0.10166824572105593,1000.0,0.0
4zmk_A,0,R1,M2_UNIFORM_RANDOM_SEED_10,10,951,500,3800.60302734375,0.08940277399846089,-0.04550504096351626,100.0,0.0
4zmk_A,0,R1,M2_UNIFORM_RANDOM_SEED_11,10,951,500,3173.183349609375,0.08169064455751104,0.1270913683829903,1000.0,0.0
4zmk_A,0,R1,M2_UNIFORM_RANDOM_SEED_12,10,951,500,3209.03515625,0.0821508340155028,0.11722892173945865,100.0,0.0
4zmk_A,0,R1,M2_UNIFORM_RANDOM_SEED_13,10,951,500,3331.227783203125,0.08370027875035871,0.08361504348673476,1000.0,0.0
4zmk_A,0,R1,M2_UNIFORM_RANDOM_SEED_14,10,951,500,3138.3603515625,0.08124116519547595,0.13667080084082217,1000.0,0.0
4zmk_A,0,R1,M2_UNIFORM_RANDOM_SEED_15,10,951,500,3212.86669921875,0.082199862856742,0.11617490545318099,1000.0,0.0
4zmk_A,0,R1,M2_UNIFORM_RANDOM_SEED_16,10,951,500,3459.68505859375,0.0852988198136774,0.04827782778620382,1000.0,0.0
4zmk_A,0,R1,M2_UNIFORM_RANDOM_SEED_17,10,951,500,3462.3095703125,0.08533116745631965,0.04755585282268371,1000.0,0.0
4zmk_A,0,R1,M2_UNIFORM_RANDOM_SEED_18,10,951,500,3255.39013671875,0.08274204701546017,0.10447716487215031,100.0,0.0
4zmk_A,0,R1,M2_UNIFORM_RANDOM_SEED_19,10,951,500,3403.694091796875,0.08460577339204324,0.06368034091724939,1000.0,0.0
4zmk_A,0,R1,M2_UNIFORM_RANDOM_SEED_20,10,951,500,3042.35595703125,0.07998890508015917,0.16308057784592622,0.0001,0.0
4zmk_A,0,R1,M2_UNIFORM_RANDOM_MEAN_20SEEDS,10,951,500,0.0,0.0,0.09634220955098327,0.0,0.0
4zmk_A,1,R2,M1_DEVELOPMENT_CONSTANT_MEAN,0,951,500,3887.158935546875,0.09041508364928849,0.0,0.0,0.0
4zmk_A,1,R2,M3_MEAN_WITHIN_RUN_VARIANCE,5,951,500,2846.03759765625,0.07736509370366976,0.2678360610290179,100.0,-0.0979666551602183
4zmk_A,1,R2,M3_MEAN_WITHIN_RUN_VARIANCE,10,951,500,2669.753662109375,0.07493079403741529,0.3131863897574917,100.0,-0.029958459052662922
4zmk_A,1,R2,M3_MEAN_WITHIN_RUN_VARIANCE,20,951,500,1862.7559814453125,0.06258967877753403,0.5207924316109174,1.0,0.281371421090331
4zmk_A,1,R2,M3b_POOLED_DEVELOPMENT_VARIANCE,5,951,500,2872.94775390625,0.07772998850068089,0.26091322697561325,10.0,-0.1083482658149697
4zmk_A,1,R2,M3b_POOLED_DEVELOPMENT_VARIANCE,10,951,500,2431.385498046875,0.07150750915465744,0.37450833928795624,1e-06,0.06200107655147502
4zmk_A,1,R2,M3b_POOLED_DEVELOPMENT_VARIANCE,20,951,500,1856.8782958984375,0.0624908539410755,0.5223045091061609,1e-06,0.2836389606145103
4zmk_A,1,R2,M4_BUDGET_MATCHED_PCA_QR,5,951,500,3406.55322265625,0.08464130070341568,0.12363932652602216,1000.0,-0.3142067591044184
4zmk_A,1,R2,M4_BUDGET_MATCHED_PCA_QR,10,951,500,2712.44921875,0.07552757616114877,0.30220264627065163,1000.0,-0.04642988499359757
4zmk_A,1,R2,M4_BUDGET_MATCHED_PCA_QR,20,951,500,2491.198974609375,0.07238172810036896,0.35912088599513514,100.0,0.03892576551239568
4zmk_A,1,R2,M5_DEVELOPMENT_TUNED_PCA_QR,10,951,500,2712.44921875,0.07552757616114877,0.30220264627065163,1000.0,-0.04642988499359757
4zmk_A,1,R2,M6_POOLED_ERROR_GREEDY,5,951,500,2749.53515625,0.07604214831387442,0.2926620182400197,100.0,-0.0607371881662222
4zmk_A,1,R2,M6_POOLED_ERROR_GREEDY,10,951,500,2391.641357421875,0.07092065970891402,0.38473280946887733,100.0,0.07733388212656123
4zmk_A,1,R2,M6_POOLED_ERROR_GREEDY,20,951,500,1836.8934326171875,0.06215366176758387,0.5274457610108604,1e-06,0.29134887755616223
4zmk_A,1,R2,M7_MEAN_TRANSFER,5,951,500,2924.74560546875,0.07842757521489366,0.24758785170247366,100.0,-0.12833124631789716
4zmk_A,1,R2,M7_MEAN_TRANSFER,10,951,500,2520.67919921875,0.07280874214069995,0.35153688310300035,100.0,0.027552653774735147
4zmk_A,1,R2,M7_MEAN_TRANSFER,20,951,500,2105.18798828125,0.06653806715890857,0.45842502887392844,10.0,0.1878441044207838
4zmk_A,1,R2,M8_ROBUST_TRANSFER,5,951,500,2973.198486328125,0.0790745430410884,0.23512299455030317,100.0,-0.14702377784799903
4zmk_A,1,R2,M8_ROBUST_TRANSFER,10,951,500,2575.19140625,0.07359181202811556,0.3375132200794093,100.0,0.006522507978772296
4zmk_A,1,R2,M8_ROBUST_TRANSFER,20,951,500,2260.90234375,0.06895498072261612,0.4183663747127131,10.0,0.12777140187628888
4zmk_A,1,R2,M10_INFORMATION_IMBALANCE,5,951,500,3594.293212890625,0.08694237322877238,0.07534184413662193,1000.0,-0.3866345616349267
4zmk_A,1,R2,M10_INFORMATION_IMBALANCE,10,951,500,3124.63037109375,0.08106325983350525,0.19616603722580916,1000.0,-0.20544435533356853
4zmk_A,1,R2,M10_INFORMATION_IMBALANCE,20,951,500,2396.313720703125,0.07098990198925482,0.38353080992146427,10.0,0.07553134125786987
4zmk_A,1,R2,M2_UNIFORM_RANDOM_SEED_1,10,951,500,3532.10986328125,0.08618701529359392,0.09133896456324697,100.0,0.0
4zmk_A,1,R2,M2_UNIFORM_RANDOM_SEED_2,10,951,500,2939.61669921875,0.07862670792547664,0.24376215432385395,100.0,0.0
4zmk_A,1,R2,M2_UNIFORM_RANDOM_SEED_3,10,951,500,3768.671630859375,0.08902641570742117,0.03048172370930602,1000.0,0.0
4zmk_A,1,R2,M2_UNIFORM_RANDOM_SEED_4,10,951,500,3378.030029296875,0.0842862034942117,0.13097712614582657,1000.0,0.0
4zmk_A,1,R2,M2_UNIFORM_RANDOM_SEED_5,10,951,500,3435.0185546875,0.0849941985363222,0.1163164121550807,100.0,0.0
4zmk_A,1,R2,M2_UNIFORM_RANDOM_SEED_6,10,951,500,3371.42626953125,0.08420377703115091,0.1326759915318636,1000.0,0.0
4zmk_A,1,R2,M2_UNIFORM_RANDOM_SEED_7,10,951,500,3508.552001953125,0.08589911675085198,0.0973993962869657,1000.0,0.0
4zmk_A,1,R2,M2_UNIFORM_RANDOM_SEED_8,10,951,500,3204.17138671875,0.08208855451122832,0.1757035305612059,100.0,0.0
4zmk_A,1,R2,M2_UNIFORM_RANDOM_SEED_9,10,951,500,3664.465576171875,0.08778697062016894,0.05728949164865316,100.0,0.0
4zmk_A,1,R2,M2_UNIFORM_RANDOM_SEED_10,10,951,500,3331.149169921875,0.08369929112765581,0.14303756930041156,1000.0,0.0
4zmk_A,1,R2,M2_UNIFORM_RANDOM_SEED_11,10,951,500,3579.93994140625,0.08676860390346841,0.07903432795896292,1000.0,0.0
4zmk_A,1,R2,M2_UNIFORM_RANDOM_SEED_12,10,951,500,3371.1357421875,0.08420014888911734,0.13275073181096386,100.0,0.0
4zmk_A,1,R2,M2_UNIFORM_RANDOM_SEED_13,10,951,500,3327.906494140625,0.08365854306552134,0.14387177130630247,1000.0,0.0
4zmk_A,1,R2,M2_UNIFORM_RANDOM_SEED_14,10,951,500,3546.994384765625,0.08636842298848355,0.08750981280197978,100.0,0.0
4zmk_A,1,R2,M2_UNIFORM_RANDOM_SEED_15,10,951,500,3572.42919921875,0.0866775355057083,0.08096652119109882,1000.0,0.0
4zmk_A,1,R2,M2_UNIFORM_RANDOM_SEED_16,10,951,500,3070.99560546875,0.08036451662273458,0.20996397204512585,100.0,0.0
4zmk_A,1,R2,M2_UNIFORM_RANDOM_SEED_17,10,951,500,3258.212890625,0.08277791212200664,0.1618009593511489,1000.0,0.0
4zmk_A,1,R2,M2_UNIFORM_RANDOM_SEED_18,10,951,500,3073.778564453125,0.08040092183730471,0.20924803553969362,1000.0,0.0
4zmk_A,1,R2,M2_UNIFORM_RANDOM_SEED_19,10,951,500,3497.539306640625,0.08576420008411792,0.1002324925135677,1000.0,0.0
4zmk_A,1,R2,M2_UNIFORM_RANDOM_SEED_20,10,951,500,3678.81640625,0.08795869891922325,0.0535976358958844,100.0,0.0
4zmk_A,1,R2,M2_UNIFORM_RANDOM_MEAN_20SEEDS,10,951,500,0.0,0.0,0.12389793103205711,0.0,0.0
4zmk_A,2,R3,M1_DEVELOPMENT_CONSTANT_MEAN,0,951,500,3456.65869140625,0.0852615039853438,0.0,0.0,0.0
4zmk_A,2,R3,M3_MEAN_WITHIN_RUN_VARIANCE,5,951,500,2997.98828125,0.07940351076010742,0.13269184235532727,1000.0,-0.5042423710116051
4zmk_A,2,R3,M3_MEAN_WITHIN_RUN_VARIANCE,10,951,500,3849.89599609375,0.08998067319175565,-0.11376225997236711,10.0,-0.9316875644682432
4zmk_A,2,R3,M3_MEAN_WITHIN_RUN_VARIANCE,20,951,500,2677.368408203125,0.07503757780236586,0.22544611799265935,10.0,-0.34337116246092236
4zmk_A,2,R3,M3b_POOLED_DEVELOPMENT_VARIANCE,5,951,500,2997.98828125,0.07940351076010742,0.13269184235532727,1000.0,-0.5042423710116051
4zmk_A,2,R3,M3b_POOLED_DEVELOPMENT_VARIANCE,10,951,500,3880.663330078125,0.09033950836695669,-0.12266314858508065,10.0,-0.9471250922637373
4zmk_A,2,R3,M3b_POOLED_DEVELOPMENT_VARIANCE,20,951,500,2677.368408203125,0.07503757780236586,0.22544611799265935,10.0,-0.34337116246092236
4zmk_A,2,R3,M4_BUDGET_MATCHED_PCA_QR,5,951,500,2861.7275390625,0.0775780538939842,0.17211162728412677,100.0,-0.43587346403960536
4zmk_A,2,R3,M4_BUDGET_MATCHED_PCA_QR,10,951,500,2426.676025390625,0.07143822234460598,0.29797060050398083,100.0,-0.21758611297460728
4zmk_A,2,R3,M4_BUDGET_MATCHED_PCA_QR,20,951,500,2484.74560546875,0.07228791606179266,0.2811712618181875,100.0,-0.24672255869278303
4zmk_A,2,R3,M5_DEVELOPMENT_TUNED_PCA_QR,10,951,500,2426.676025390625,0.07143822234460598,0.29797060050398083,100.0,-0.21758611297460728
4zmk_A,2,R3,M6_POOLED_ERROR_GREEDY,5,951,500,2756.625,0.07614012484877722,0.2025174464423214,1000.0,-0.38313820368268514
4zmk_A,2,R3,M6_POOLED_ERROR_GREEDY,10,951,500,2604.590576171875,0.07401069317931712,0.24650050563358739,1000.0,-0.3068548427353075
4zmk_A,2,R3,M6_POOLED_ERROR_GREEDY,20,951,500,2215.35107421875,0.06825681501075716,0.3591062144126549,1.0,-0.11155369530546544
4zmk_A,2,R3,M7_MEAN_TRANSFER,5,951,500,2739.6044921875,0.07590470105913019,0.20744142341893623,1000.0,-0.3745981539473935
4zmk_A,2,R3,M7_MEAN_TRANSFER,10,951,500,2515.134521484375,0.07272862023171042,0.27237984828025963,100.0,-0.2619702150514518
4zmk_A,2,R3,M7_MEAN_TRANSFER,20,951,500,2245.680419921875,0.06872246290953962,0.35033203437037075,1.0,-0.1267714622250471
4zmk_A,2,R3,M8_ROBUST_TRANSFER,5,951,500,2780.145263671875,0.07646425889851965,0.19571311145537296,1000.0,-0.3949395097164259
4zmk_A,2,R3,M8_ROBUST_TRANSFER,10,951,500,2631.8828125,0.07439744368396489,0.23860495135280824,100.0,-0.32054873825224073
4zmk_A,2,R3,M8_ROBUST_TRANSFER,20,951,500,2170.17041015625,0.06755720262108109,0.37217683205125074,10.0,-0.0888842707255546
4zmk_A,2,R3,M10_INFORMATION_IMBALANCE,5,951,500,3386.053466796875,0.08438624168110449,0.02042585945349762,100.0,-0.6989543044987832
4zmk_A,2,R3,M10_INFORMATION_IMBALANCE,10,951,500,3292.75244140625,0.0832155100781916,0.047417539489072014,1e-06,-0.6521404605190828
4zmk_A,2,R3,M10_INFORMATION_IMBALANCE,20,951,500,2725.7578125,0.07571263693180413,0.21144722234896218,1e-06,-0.36765057432740944
4zmk_A,2,R3,M2_UNIFORM_RANDOM_SEED_1,10,951,500,3071.576904296875,0.0803721222325881,0.11140289553803606,1000.0,0.0
4zmk_A,2,R3,M2_UNIFORM_RANDOM_SEED_2,10,951,500,3027.353759765625,0.07979144423833667,0.12419650592288412,100.0,0.0
4zmk_A,2,R3,M2_UNIFORM_RANDOM_SEED_3,10,951,500,3082.58154296875,0.08051596941703282,0.10821928973419026,100.0,0.0
4zmk_A,2,R3,M2_UNIFORM_RANDOM_SEED_4,10,951,500,3085.075927734375,0.08054853906560511,0.10749767241865194,1000.0,0.0
4zmk_A,2,R3,M2_UNIFORM_RANDOM_SEED_5,10,951,500,2753.127197265625,0.07609180350057271,0.2035293492787429,1000.0,0.0
4zmk_A,2,R3,M2_UNIFORM_RANDOM_SEED_6,10,951,500,3046.3935546875,0.080041965264095,0.11868835582139714,1000.0,0.0
4zmk_A,2,R3,M2_UNIFORM_RANDOM_SEED_7,10,951,500,3351.913330078125,0.08395974863159113,0.03030248881341313,1000.0,0.0
4zmk_A,2,R3,M2_UNIFORM_RANDOM_SEED_8,10,951,500,2976.0234375,0.07911210001690748,0.13904619947036667,100.0,0.0
4zmk_A,2,R3,M2_UNIFORM_RANDOM_SEED_9,10,951,500,3182.841064453125,0.08181486454085424,0.07921453964600988,100.0,0.0
4zmk_A,2,R3,M2_UNIFORM_RANDOM_SEED_10,10,951,500,3035.602294921875,0.07990007290816133,0.12181023180887995,100.0,0.0
4zmk_A,2,R3,M2_UNIFORM_RANDOM_SEED_11,10,951,500,3185.6650390625,0.08185115159854112,0.0783975730717873,100.0,0.0
4zmk_A,2,R3,M2_UNIFORM_RANDOM_SEED_12,10,951,500,2646.219482421875,0.07459980128724525,0.23445739985820502,100.0,0.0
4zmk_A,2,R3,M2_UNIFORM_RANDOM_SEED_13,10,951,500,2891.7392578125,0.07798378404346747,0.16342933567558193,1000.0,0.0
4zmk_A,2,R3,M2_UNIFORM_RANDOM_SEED_14,10,951,500,2916.12451171875,0.07831190182764544,0.15637476185639776,100.0,0.0
4zmk_A,2,R3,M2_UNIFORM_RANDOM_SEED_15,10,951,500,2996.622802734375,0.07938542594348107,0.13308687080260206,1000.0,0.0
4zmk_A,2,R3,M2_UNIFORM_RANDOM_SEED_16,10,951,500,3138.899658203125,0.08124814527629093,0.09192664407195295,1000.0,0.0
4zmk_A,2,R3,M2_UNIFORM_RANDOM_SEED_17,10,951,500,2985.798583984375,0.07924192063072294,0.1362182817159533,1000.0,0.0
4zmk_A,2,R3,M2_UNIFORM_RANDOM_SEED_18,10,951,500,2742.338134765625,0.07594256137581136,0.2066505896045011,1000.0,0.0
4zmk_A,2,R3,M2_UNIFORM_RANDOM_SEED_19,10,951,500,2910.5849609375,0.07823748474226408,0.15797733569309802,1000.0,0.0
4zmk_A,2,R3,M2_UNIFORM_RANDOM_SEED_20,10,951,500,2593.176025390625,0.07384834013343824,0.2498026976636042,1000.0,0.0
4zmk_A,2,R3,M2_UNIFORM_RANDOM_MEAN_20SEEDS,10,951,500,0.0,0.0,0.13761145092331278,0.0,0.0
6jv8_A,0,R1,M1_DEVELOPMENT_CONSTANT_MEAN,0,951,500,8015.19384765625,0.12983200216363283,0.0,0.0,0.0
6jv8_A,0,R1,M3_MEAN_WITHIN_RUN_VARIANCE,5,951,500,6712.28759765625,0.11881192090979771,0.1625545526114739,10.0,-0.25549740448165537
6jv8_A,0,R1,M3_MEAN_WITHIN_RUN_VARIANCE,10,951,500,6552.390625,0.11738825032517475,0.18250378599189998,100.0,-0.22558953309895524
6jv8_A,0,R1,M3_MEAN_WITHIN_RUN_VARIANCE,20,951,500,6080.2392578125,0.11307981099517973,0.24141082881102827,10.0,-0.13727615149811978
6jv8_A,0,R1,M3b_POOLED_DEVELOPMENT_VARIANCE,5,951,500,6712.28271484375,0.11881187769528778,0.16255516180603524,10.0,-0.2554964911777584
6jv8_A,0,R1,M3b_POOLED_DEVELOPMENT_VARIANCE,10,951,500,6269.17626953125,0.11482328826475544,0.21783847169654658,100.0,-0.1726158064774801
6jv8_A,0,R1,M3b_POOLED_DEVELOPMENT_VARIANCE,20,951,500,5689.2822265625,0.10938391881917926,0.29018781894762,10.0,-0.06414973507793853
6jv8_A,0,R1,M4_BUDGET_MATCHED_PCA_QR,5,951,500,6591.02783203125,0.1177338408033458,0.17768329034754982,0.0001,-0.23281641550505072
6jv8_A,0,R1,M4_BUDGET_MATCHED_PCA_QR,10,951,500,7038.9033203125,0.12166824383097577,0.12180498012898722,1e-06,-0.3165891241214702
6jv8_A,0,R1,M4_BUDGET_MATCHED_PCA_QR,20,951,500,6701.7099609375,0.11871826842357545,0.16387425078968365,0.0001,-0.2535189142497145
6jv8_A,0,R1,M5_DEVELOPMENT_TUNED_PCA_QR,10,951,500,6661.33544921875,0.11836011855338831,0.1689114978589552,0.0001,-0.24596707831708775
6jv8_A,0,R1,M6_POOLED_ERROR_GREEDY,5,951,500,7726.26904296875,0.1274704893001352,0.03604713874412224,1e-06,-0.44515719695343736
6jv8_A,0,R1,M6_POOLED_ERROR_GREEDY,10,951,500,6441.146484375,0.11638749670304478,0.1963829438437752,1e-06,-0.20478191307575355
6jv8_A,0,R1,M6_POOLED_ERROR_GREEDY,20,951,500,6105.51318359375,0.11331458851226062,0.23825757684212667,1e-06,-0.14200350379907012
6jv8_A,0,R1,M7_MEAN_TRANSFER,5,951,500,7046.494140625,0.12173383024936787,0.1208579262639432,1000.0,-0.31800894635965293
6jv8_A,0,R1,M7_MEAN_TRANSFER,10,951,500,7535.07470703125,0.12588341632160124,0.05990112650430701,10.0,-0.4093953215825219
6jv8_A,0,R1,M7_MEAN_TRANSFER,20,951,500,7058.74951171875,0.12183964493658404,0.11932890883446035,10.0,-0.3203012478105822
6jv8_A,0,R1,M8_ROBUST_TRANSFER,5,951,500,7046.494140625,0.12173383024936787,0.1208579262639432,1000.0,-0.31800894635965293
6jv8_A,0,R1,M8_ROBUST_TRANSFER,10,951,500,6744.8369140625,0.11909964471533768,0.15849360074619023,100.0,-0.26158557958904605
6jv8_A,0,R1,M8_ROBUST_TRANSFER,20,951,500,6535.70556640625,0.11723869587973042,0.18458546472742166,10.0,-0.222468682352722
6jv8_A,0,R1,M10_INFORMATION_IMBALANCE,5,951,500,6494.6982421875,0.11687031865318838,0.1897016634118417,100.0,-0.21479848223505194
6jv8_A,0,R1,M10_INFORMATION_IMBALANCE,10,951,500,8045.03369140625,0.13007345406330403,-0.0037229098032014463,1.0,-0.5047804152573627
6jv8_A,0,R1,M10_INFORMATION_IMBALANCE,20,951,500,6516.24462890625,0.11706401880264299,0.18701347057105955,1.0,-0.21882861834107836
6jv8_A,0,R1,M2_UNIFORM_RANDOM_SEED_1,10,951,500,9307.623046875,0.1399085103407683,-0.1612474038412275,1000.0,0.0
6jv8_A,0,R1,M2_UNIFORM_RANDOM_SEED_2,10,951,500,6792.62548828125,0.11952082289163019,0.15253135265499473,100.0,0.0
6jv8_A,0,R1,M2_UNIFORM_RANDOM_SEED_3,10,951,500,9462.9111328125,0.14107079706691472,-0.18062161847521407,1000.0,0.0
6jv8_A,0,R1,M2_UNIFORM_RANDOM_SEED_4,10,951,500,8357.892578125,0.13257850939248778,-0.042756137528596305,1000.0,0.0
6jv8_A,0,R1,M2_UNIFORM_RANDOM_SEED_5,10,951,500,10121.1318359375,0.14589462105961012,-0.26274323844295466,1000.0,0.0
6jv8_A,0,R1,M2_UNIFORM_RANDOM_SEED_6,10,951,500,8976.5966796875,0.13739805841315414,-0.11994754591149115,100.0,0.0
6jv8_A,0,R1,M2_UNIFORM_RANDOM_SEED_7,10,951,500,11139.1064453125,0.15305584395128247,-0.38974885162256223,100.0,0.0
6jv8_A,0,R1,M2_UNIFORM_RANDOM_SEED_8,10,951,500,7828.412109375,0.128310317430627,0.02330345863511052,1000.0,0.0
6jv8_A,0,R1,M2_UNIFORM_RANDOM_SEED_9,10,951,500,15116.2294921875,0.1782980024880987,-0.8859468379055719,1000.0,0.0
6jv8_A,0,R1,M2_UNIFORM_RANDOM_SEED_10,10,951,500,10077.4541015625,0.14557947664458204,-0.25729387125294334,100.0,0.0
6jv8_A,0,R1,M2_UNIFORM_RANDOM_SEED_11,10,951,500,8955.931640625,0.13723981513123484,-0.11736931268902917,100.0,0.0
6jv8_A,0,R1,M2_UNIFORM_RANDOM_SEED_12,10,951,500,9189.4140625,0.139017236088004,-0.1464992908670708,1000.0,0.0
6jv8_A,0,R1,M2_UNIFORM_RANDOM_SEED_13,10,951,500,11686.8125,0.15677354454495926,-0.4580823274058905,1000.0,0.0
6jv8_A,0,R1,M2_UNIFORM_RANDOM_SEED_14,10,951,500,8364.1455078125,0.13262809420668364,-0.043536272083835925,1000.0,0.0
6jv8_A,0,R1,M2_UNIFORM_RANDOM_SEED_15,10,951,500,8248.173828125,0.13170541825984627,-0.02906729205768066,1000.0,0.0
6jv8_A,0,R1,M2_UNIFORM_RANDOM_SEED_16,10,951,500,9196.201171875,0.13906856422640484,-0.14734607130732003,1000.0,0.0
6jv8_A,0,R1,M2_UNIFORM_RANDOM_SEED_17,10,951,500,6766.41015625,0.11928996171441018,0.15580205733532082,10.0,0.0
6jv8_A,0,R1,M2_UNIFORM_RANDOM_SEED_18,10,951,500,8778.623046875,0.135874494007205,-0.09524775242235561,10.0,0.0
6jv8_A,0,R1,M2_UNIFORM_RANDOM_SEED_19,10,951,500,8150.89453125,0.13092644511315676,-0.016930430651210138,1000.0,0.0
6jv8_A,0,R1,M2_UNIFORM_RANDOM_SEED_20,10,951,500,9663.8876953125,0.14256098143821738,-0.20569606661956774,100.0,0.0
6jv8_A,0,R1,M2_UNIFORM_RANDOM_MEAN_20SEEDS,10,951,500,0.0,0.0,-0.16142217262295477,0.0,0.0
6jv8_A,1,R2,M1_DEVELOPMENT_CONSTANT_MEAN,0,951,500,6422.7734375,0.1162213834162915,0.0,0.0,0.0
6jv8_A,1,R2,M3_MEAN_WITHIN_RUN_VARIANCE,5,951,500,2044.6090087890625,0.06557372792100159,0.6816625981462447,100.0,-0.6025192832604012
6jv8_A,1,R2,M3_MEAN_WITHIN_RUN_VARIANCE,10,951,500,1718.11083984375,0.060110498318376934,0.7324970502910177,100.0,-0.3466172455431962
6jv8_A,1,R2,M3_MEAN_WITHIN_RUN_VARIANCE,20,951,500,1541.9952392578125,0.056946397569344005,0.759917541189493,100.0,-0.20858173615790587
6jv8_A,1,R2,M3b_POOLED_DEVELOPMENT_VARIANCE,5,951,500,1830.7763671875,0.06205008606122193,0.7149554806809266,100.0,-0.43492199200129433
6jv8_A,1,R2,M3b_POOLED_DEVELOPMENT_VARIANCE,10,951,500,1602.8385009765625,0.05805900948599967,0.7504444899740303,100.0,-0.25626933791532114
6jv8_A,1,R2,M3b_POOLED_DEVELOPMENT_VARIANCE,20,951,500,1285.2314453125,0.05198947247054456,0.7998946315296522,1e-06,-0.007335957981393193
6jv8_A,1,R2,M4_BUDGET_MATCHED_PCA_QR,5,951,500,6380.37255859375,0.11583712193996755,0.006601646363343372,1000.0,-4.000794780605823
6jv8_A,1,R2,M4_BUDGET_MATCHED_PCA_QR,10,951,500,5816.103515625,0.11059635226741452,0.09445606758178604,100.0,-3.558533194934797
6jv8_A,1,R2,M4_BUDGET_MATCHED_PCA_QR,20,951,500,1727.6795654296875,0.06027765349524763,0.7310072381905208,100.0,-0.35411700085180353
6jv8_A,1,R2,M5_DEVELOPMENT_TUNED_PCA_QR,10,951,500,5816.103515625,0.11059635226741452,0.09445606758178604,100.0,-3.558533194934797
6jv8_A,1,R2,M6_POOLED_ERROR_GREEDY,5,951,500,1847.4033203125,0.06233121597047959,0.712366730931804,100.0,-0.44795382981974363
6jv8_A,1,R2,M6_POOLED_ERROR_GREEDY,10,951,500,1523.08056640625,0.05659605732137527,0.7628624797017449,100.0,-0.19375683425690982
6jv8_A,1,R2,M6_POOLED_ERROR_GREEDY,20,951,500,1228.3905029296875,0.0508268230047939,0.8087445377167428,1e-06,0.03721471447265157
6jv8_A,1,R2,M7_MEAN_TRANSFER,5,951,500,1664.12451171875,0.059158567358774776,0.7409025045157915,0.0001,-0.30430395655696874
6jv8_A,1,R2,M7_MEAN_TRANSFER,10,951,500,1322.6939697265625,0.05274173668043631,0.7940618671049671,10.0,-0.03669825537668081
6jv8_A,1,R2,M7_MEAN_TRANSFER,20,951,500,1279.8355712890625,0.05188022222409193,0.8007347474197649,10.0,-0.003106791360571126
6jv8_A,1,R2,M8_ROBUST_TRANSFER,5,951,500,1723.044921875,0.06019674930131897,0.7317288335573491,10.0,-0.35048446982239945
6jv8_A,1,R2,M8_ROBUST_TRANSFER,10,951,500,1332.3382568359375,0.05293366792974192,0.7925602903790832,1.0,-0.04425723413478888
6jv8_A,1,R2,M8_ROBUST_TRANSFER,20,951,500,1280.0284423828125,0.051884131248998745,0.80070471816595,100.0,-0.003257959454612269
6jv8_A,1,R2,M10_INFORMATION_IMBALANCE,5,951,500,2537.896484375,0.07305697594139363,0.6048597215717996,1.0,-0.989147087607938
6jv8_A,1,R2,M10_INFORMATION_IMBALANCE,10,951,500,2468.783447265625,0.07205535095313347,0.615620343565073,10.0,-0.9349778189524798
6jv8_A,1,R2,M10_INFORMATION_IMBALANCE,20,951,500,1560.8399658203125,0.05729331189086927,0.7569834930332131,10.0,-0.2233518157058101
6jv8_A,1,R2,M2_UNIFORM_RANDOM_SEED_1,10,951,500,6873.427734375,0.12022960626072446,-0.07016506206552608,100.0,0.0
6jv8_A,1,R2,M2_UNIFORM_RANDOM_SEED_2,10,951,500,6426.4365234375,0.11625452083234866,-0.0005703277522002281,1000.0,0.0
6jv8_A,1,R2,M2_UNIFORM_RANDOM_SEED_3,10,951,500,6169.70947265625,0.11390875268515868,0.03940104182504878,1000.0,0.0
6jv8_A,1,R2,M2_UNIFORM_RANDOM_SEED_4,10,951,500,6390.0244140625,0.1159247046508915,0.005098891274335049,1e-06,0.0
6jv8_A,1,R2,M2_UNIFORM_RANDOM_SEED_5,10,951,500,6453.67529296875,0.11650063558825959,-0.004811294648559006,100.0,0.0
6jv8_A,1,R2,M2_UNIFORM_RANDOM_SEED_6,10,951,500,4484.03564453125,0.09710895205355986,0.30185367922979145,1000.0,0.0
6jv8_A,1,R2,M2_UNIFORM_RANDOM_SEED_7,10,951,500,6240.705078125,0.1145622590791147,0.028347311507514128,100.0,0.0
6jv8_A,1,R2,M2_UNIFORM_RANDOM_SEED_8,10,951,500,3259.771240234375,0.08279770541218757,0.49246672454583607,100.0,0.0
6jv8_A,1,R2,M2_UNIFORM_RANDOM_SEED_9,10,951,500,6330.36767578125,0.11538230401346576,0.014387205561265715,100.0,0.0
6jv8_A,1,R2,M2_UNIFORM_RANDOM_SEED_10,10,951,500,6630.140625,0.11808265497921387,-0.03228623732689462,1000.0,0.0
6jv8_A,1,R2,M2_UNIFORM_RANDOM_SEED_11,10,951,500,5261.78515625,0.10519407887214065,0.1807612073736643,100.0,0.0
6jv8_A,1,R2,M2_UNIFORM_RANDOM_SEED_12,10,951,500,6266.57568359375,0.11479947023910557,0.02431936225467235,1000.0,0.0
6jv8_A,1,R2,M2_UNIFORM_RANDOM_SEED_13,10,951,500,6518.28271484375,0.117082324428915,-0.014870410465689154,1000.0,0.0
6jv8_A,1,R2,M2_UNIFORM_RANDOM_SEED_14,10,951,500,6239.25244140625,0.11454892508661506,0.028573481203967854,100.0,0.0
6jv8_A,1,R2,M2_UNIFORM_RANDOM_SEED_15,10,951,500,5915.60205078125,0.11153834978012968,0.07896454571440736,100.0,0.0
6jv8_A,1,R2,M2_UNIFORM_RANDOM_SEED_16,10,951,500,5626.974609375,0.10878329696212341,0.12390267784920606,1000.0,0.0
6jv8_A,1,R2,M2_UNIFORM_RANDOM_SEED_17,10,951,500,4174.9609375,0.09370245026181732,0.34997536840952903,100.0,0.0
6jv8_A,1,R2,M2_UNIFORM_RANDOM_SEED_18,10,951,500,6432.40283203125,0.11630847370590214,-0.0014992580113488696,1000.0,0.0
6jv8_A,1,R2,M2_UNIFORM_RANDOM_SEED_19,10,951,500,6044.0693359375,0.11274296661621432,0.05896270594746478,100.0,0.0
6jv8_A,1,R2,M2_UNIFORM_RANDOM_SEED_20,10,951,500,4061.255615234375,0.09241764589534729,0.36767882990822454,1000.0,0.0
6jv8_A,1,R2,M2_UNIFORM_RANDOM_MEAN_20SEEDS,10,951,500,0.0,0.0,0.09852452211673549,0.0,0.0
6jv8_A,2,R3,M1_DEVELOPMENT_CONSTANT_MEAN,0,951,500,36336.28515625,0.27643625573208663,0.0,0.0,0.0
6jv8_A,2,R3,M3_MEAN_WITHIN_RUN_VARIANCE,5,951,500,12000.4013671875,0.15886295085692087,0.6697405550516664,1.0,0.038125224110970746
6jv8_A,2,R3,M3_MEAN_WITHIN_RUN_VARIANCE,10,951,500,10744.7060546875,0.1503218142992972,0.7042981689381815,1.0,0.13877366163726623
6jv8_A,2,R3,M3_MEAN_WITHIN_RUN_VARIANCE,20,951,500,11020.9658203125,0.15224203031541048,0.696695306828391,100.0,0.11663046058781823
6jv8_A,2,R3,M3b_POOLED_DEVELOPMENT_VARIANCE,5,951,500,12829.412109375,0.16425860013063845,0.6469255991853013,1e-06,-0.028322930200894936
6jv8_A,2,R3,M3b_POOLED_DEVELOPMENT_VARIANCE,10,951,500,11494.640625,0.15547925044394828,0.6836594446688266,10.0,0.07866374325377545
6jv8_A,2,R3,M3b_POOLED_DEVELOPMENT_VARIANCE,20,951,500,9343.6201171875,0.14017879612721418,0.7428570345865322,10.0,0.2510756739532036
6jv8_A,2,R3,M4_BUDGET_MATCHED_PCA_QR,5,951,500,39027.28515625,0.286489632407294,-0.07405820348526015,1000.0,-2.1281754680196334
6jv8_A,2,R3,M4_BUDGET_MATCHED_PCA_QR,10,951,500,14826.98046875,0.17658389705686556,0.5919511197968542,100.0,-0.18843512638547644
6jv8_A,2,R3,M4_BUDGET_MATCHED_PCA_QR,20,951,500,12676.490234375,0.16327671437194846,0.6511341162184108,1000.0,-0.0160656989847503
6jv8_A,2,R3,M5_DEVELOPMENT_TUNED_PCA_QR,10,951,500,14826.98046875,0.17658389705686556,0.5919511197968542,100.0,-0.18843512638547644
6jv8_A,2,R3,M6_POOLED_ERROR_GREEDY,5,951,500,11809.9052734375,0.15759700014650901,0.6749831408837306,1.0,0.05339416236369687
6jv8_A,2,R3,M6_POOLED_ERROR_GREEDY,10,951,500,12160.2685546875,0.1599176217656546,0.6653408981573924,1.0,0.025311301439264966
6jv8_A,2,R3,M6_POOLED_ERROR_GREEDY,20,951,500,11815.9423828125,0.15763727603126856,0.6748169954082357,1.0,0.05291026661309528
6jv8_A,2,R3,M7_MEAN_TRANSFER,5,951,500,12795.033203125,0.1640383710537585,0.6478717307477923,1e-06,-0.025567338805848383
6jv8_A,2,R3,M7_MEAN_TRANSFER,10,951,500,12469.1923828125,0.1619361844346676,0.6568390981853647,10.0,0.0005499598097261638
6jv8_A,2,R3,M7_MEAN_TRANSFER,20,951,500,11516.9619140625,0.1556301387670962,0.6830451471707054,10.0,0.07687461268575524
6jv8_A,2,R3,M8_ROBUST_TRANSFER,5,951,500,15547.83984375,0.18082553910187202,0.5721125652528158,10.0,-0.24621456463589353
6jv8_A,2,R3,M8_ROBUST_TRANSFER,10,951,500,11742.7275390625,0.15714813508200753,0.6768319191527838,1e-06,0.058778696282151155
6jv8_A,2,R3,M8_ROBUST_TRANSFER,20,951,500,15932.69140625,0.18304982230918382,0.561521180887433,1.0,-0.27706178374994783
6jv8_A,2,R3,M10_INFORMATION_IMBALANCE,5,951,500,11954.4990234375,0.15855882901148113,0.671003819679644,1.0,0.04180445993453552
6jv8_A,2,R3,M10_INFORMATION_IMBALANCE,10,951,500,10634.8505859375,0.1495513837254987,0.7073214683282433,10.0,0.1475789674892033
6jv8_A,2,R3,M10_INFORMATION_IMBALANCE,20,951,500,9165.6845703125,0.13883763047072867,0.7477539453772157,1.0,0.26533783977884506
6jv8_A,2,R3,M2_UNIFORM_RANDOM_SEED_1,10,951,500,35485.69140625,0.27318155645864767,0.02340893534774824,100.0,0.0
6jv8_A,2,R3,M2_UNIFORM_RANDOM_SEED_2,10,951,500,34186.84765625,0.26813546985041586,0.05915402443472639,1000.0,0.0
6jv8_A,2,R3,M2_UNIFORM_RANDOM_SEED_3,10,951,500,37468.82421875,0.2807112201241254,-0.03116826768696801,1000.0,0.0
6jv8_A,2,R3,M2_UNIFORM_RANDOM_SEED_4,10,951,500,16730.05859375,0.18757435872194106,0.539577077794031,100.0,0.0
6jv8_A,2,R3,M2_UNIFORM_RANDOM_SEED_5,10,951,500,34688.2890625,0.27009477272119575,0.04535400596575667,1000.0,0.0
6jv8_A,2,R3,M2_UNIFORM_RANDOM_SEED_6,10,951,500,19897.587890625,0.20456199721804624,0.45240445452628975,1000.0,0.0
6jv8_A,2,R3,M2_UNIFORM_RANDOM_SEED_7,10,951,500,20005.421875,0.2051155550032987,0.44943678780110574,100.0,0.0
6jv8_A,2,R3,M2_UNIFORM_RANDOM_SEED_8,10,951,500,16089.1787109375,0.18394656284650757,0.5572145407338072,1000.0,0.0
6jv8_A,2,R3,M2_UNIFORM_RANDOM_SEED_9,10,951,500,38275.75390625,0.2837178212876193,-0.05337553747335688,1000.0,0.0
6jv8_A,2,R3,M2_UNIFORM_RANDOM_SEED_10,10,951,500,38722.12890625,0.28536739617865875,-0.06566008990023642,1000.0,0.0
6jv8_A,2,R3,M2_UNIFORM_RANDOM_SEED_11,10,951,500,37038.89453125,0.27909608690005533,-0.019336301770494835,1000.0,0.0
6jv8_A,2,R3,M2_UNIFORM_RANDOM_SEED_12,10,951,500,33156.18359375,0.26406266818945734,0.08751862081732398,1000.0,0.0
6jv8_A,2,R3,M2_UNIFORM_RANDOM_SEED_13,10,951,500,24459.591796875,0.22680328565188845,0.3268549139876,1000.0,0.0
6jv8_A,2,R3,M2_UNIFORM_RANDOM_SEED_14,10,951,500,19438.201171875,0.20218678921395888,0.4650470985603341,1000.0,0.0
6jv8_A,2,R3,M2_UNIFORM_RANDOM_SEED_15,10,951,500,23946.259765625,0.22441071220209502,0.34098217077905835,1000.0,0.0
6jv8_A,2,R3,M2_UNIFORM_RANDOM_SEED_16,10,951,500,15735.76171875,0.18191504770639214,0.5669408237224993,100.0,0.0
6jv8_A,2,R3,M2_UNIFORM_RANDOM_SEED_17,10,951,500,20238.04296875,0.20630464018288205,0.44303489248490313,1e-06,0.0
6jv8_A,2,R3,M2_UNIFORM_RANDOM_SEED_18,10,951,500,16901.529296875,0.188533157330445,0.534858084028222,100.0,0.0
6jv8_A,2,R3,M2_UNIFORM_RANDOM_SEED_19,10,951,500,36677.9765625,0.27773296058890157,-0.0094035866567177,1000.0,0.0
6jv8_A,2,R3,M2_UNIFORM_RANDOM_SEED_20,10,951,500,40295.2734375,0.29110642641209883,-0.10895412847587238,1000.0,0.0
6jv8_A,2,R3,M2_UNIFORM_RANDOM_MEAN_20SEEDS,10,951,500,0.0,0.0,0.23019442595098796,0.0,0.0
1vcc_A,0,R1,M1_DEVELOPMENT_CONSTANT_MEAN,0,951,500,1558.06494140625,0.05724235821430954,0.0,0.0,0.0
1vcc_A,0,R1,M3_MEAN_WITHIN_RUN_VARIANCE,5,951,500,1515.0364990234375,0.05644640496140712,0.02761659109277992,1.0,-0.0709514288120523
1vcc_A,0,R1,M3_MEAN_WITHIN_RUN_VARIANCE,10,951,500,1484.1036376953125,0.055867193387002356,0.047469974931970915,10.0,-0.04908555821556582
1vcc_A,0,R1,M3_MEAN_WITHIN_RUN_VARIANCE,20,951,500,999.3538818359375,0.04584419923207463,0.3585929217212481,1e-06,0.2935751261894112
1vcc_A,0,R1,M3b_POOLED_DEVELOPMENT_VARIANCE,5,951,500,1515.0364990234375,0.05644640496140712,0.02761659109277992,1.0,-0.0709514288120523
1vcc_A,0,R1,M3b_POOLED_DEVELOPMENT_VARIANCE,10,951,500,1314.573974609375,0.05257959715548785,0.1562778035279514,1.0,0.07075184175792615
1vcc_A,0,R1,M3b_POOLED_DEVELOPMENT_VARIANCE,20,951,500,985.8251953125,0.04553283548013674,0.36727592726479563,1e-06,0.30313830580360845
1vcc_A,0,R1,M4_BUDGET_MATCHED_PCA_QR,5,951,500,1245.1279296875,0.0511719217190811,0.20084978706747936,10.0,0.11984197330417445
1vcc_A,0,R1,M4_BUDGET_MATCHED_PCA_QR,10,951,500,1134.0872802734375,0.04883688768638531,0.2721180933255236,10.0,0.1983345655439399
1vcc_A,0,R1,M4_BUDGET_MATCHED_PCA_QR,20,951,500,898.15087890625,0.04346096738969895,0.4235472122903855,100.0,0.3651136671139902
1vcc_A,0,R1,M5_DEVELOPMENT_TUNED_PCA_QR,10,951,500,1134.0872802734375,0.04883688768638531,0.2721180933255236,10.0,0.1983345655439399
1vcc_A,0,R1,M6_POOLED_ERROR_GREEDY,5,951,500,1130.0118408203125,0.04874905894791921,0.27473379909286266,10.0,0.2012154187168994
1vcc_A,0,R1,M6_POOLED_ERROR_GREEDY,10,951,500,988.15869140625,0.0455866928442019,0.3657782386693229,1e-06,0.3014888003446048
1vcc_A,0,R1,M6_POOLED_ERROR_GREEDY,20,951,500,827.3689575195312,0.041713280949981064,0.4689765904283941,1.0,0.41514810515692224
1vcc_A,0,R1,M7_MEAN_TRANSFER,5,951,500,1132.1845703125,0.048795902551440465,0.2733392940023197,10.0,0.19967955621089373
1vcc_A,0,R1,M7_MEAN_TRANSFER,10,951,500,1049.0682373046875,0.046970654133692634,0.32668516605101294,1e-06,0.25843296291080586
1vcc_A,0,R1,M7_MEAN_TRANSFER,20,951,500,884.9887084960938,0.043141337387470814,0.43199497981301305,0.01,0.3744177632305594
1vcc_A,0,R1,M8_ROBUST_TRANSFER,5,951,500,1140.3017578125,0.04897051104784456,0.268129506345668,100.0,0.19394166570022697
1vcc_A,0,R1,M8_ROBUST_TRANSFER,10,951,500,1053.62939453125,0.04707265330119395,0.32375771604212833,1e-06,0.2552087647796242
1vcc_A,0,R1,M8_ROBUST_TRANSFER,20,951,500,889.5455322265625,0.043252262566142854,0.4290703111362658,1e-06,0.37119662836804235
1vcc_A,0,R1,M10_INFORMATION_IMBALANCE,5,951,500,1197.1434326171875,0.05017620754512372,0.23164728195687945,10.0,0.15376133150538174
1vcc_A,0,R1,M10_INFORMATION_IMBALANCE,10,951,500,1092.574951171875,0.04793473812574503,0.29876160990712075,0.01,0.22767886727745656
1vcc_A,0,R1,M10_INFORMATION_IMBALANCE,20,951,500,931.8660888671875,0.044269181596885414,0.40190805652419037,0.01,0.3412810054562424
1vcc_A,0,R1,M2_UNIFORM_RANDOM_SEED_1,10,951,500,1453.729248046875,0.05529253524986221,0.06696491948866112,0.01,0.0
1vcc_A,0,R1,M2_UNIFORM_RANDOM_SEED_2,10,951,500,1278.656494140625,0.05185631880982342,0.17933042445165448,100.0,0.0
1vcc_A,0,R1,M2_UNIFORM_RANDOM_SEED_3,10,951,500,1353.8331298828125,0.053358954082947545,0.13108042296305422,1000.0,0.0
1vcc_A,0,R1,M2_UNIFORM_RANDOM_SEED_4,10,951,500,1381.2996826171875,0.053897509206540926,0.11345179144427764,1e-06,0.0
1vcc_A,0,R1,M2_UNIFORM_RANDOM_SEED_5,10,951,500,1442.5771484375,0.055080042099869976,0.07412257981012982,1e-06,0.0
1vcc_A,0,R1,M2_UNIFORM_RANDOM_SEED_6,10,951,500,1417.179443359375,0.05459302527564644,0.09042337986227789,1e-06,0.0
1vcc_A,0,R1,M2_UNIFORM_RANDOM_SEED_7,10,951,500,1203.15283203125,0.050301986715969846,0.22779031858240129,100.0,0.0
1vcc_A,0,R1,M2_UNIFORM_RANDOM_SEED_8,10,951,500,1320.502197265625,0.052698020667403554,0.15247294116393506,1e-06,0.0
1vcc_A,0,R1,M2_UNIFORM_RANDOM_SEED_9,10,951,500,1334.58203125,0.05297822164795663,0.1434361971809358,100.0,0.0
1vcc_A,0,R1,M2_UNIFORM_RANDOM_SEED_10,10,951,500,1431.7398681640625,0.05487275919536044,0.08107818222786745,1e-06,0.0
1vcc_A,0,R1,M2_UNIFORM_RANDOM_SEED_11,10,951,500,1226.4595947265625,0.05078685992833957,0.21283153087341355,10.0,0.0
1vcc_A,0,R1,M2_UNIFORM_RANDOM_SEED_12,10,951,500,1437.9002685546875,0.05499068401275547,0.07712430313919161,100.0,0.0
1vcc_A,0,R1,M2_UNIFORM_RANDOM_SEED_13,10,951,500,1485.233642578125,0.055888458138116444,0.046744713196864685,1e-06,0.0
1vcc_A,0,R1,M2_UNIFORM_RANDOM_SEED_14,10,951,500,1337.6590576171875,0.05303926005801714,0.1414612946685858,100.0,0.0
1vcc_A,0,R1,M2_UNIFORM_RANDOM_SEED_15,10,951,500,1411.77197265625,0.0544887716012438,0.09389401228549665,1000.0,0.0
1vcc_A,0,R1,M2_UNIFORM_RANDOM_SEED_16,10,951,500,1360.185546875,0.05348399225663391,0.12700330343910549,100.0,0.0
1vcc_A,0,R1,M2_UNIFORM_RANDOM_SEED_17,10,951,500,1375.4093017578125,0.053782466814097415,0.11723236611920651,1e-06,0.0
1vcc_A,0,R1,M2_UNIFORM_RANDOM_SEED_18,10,951,500,1267.3941650390625,0.05162744004695996,0.18655883246101357,100.0,0.0
1vcc_A,0,R1,M2_UNIFORM_RANDOM_SEED_19,10,951,500,1284.529541015625,0.05197527400928162,0.17556097510527535,100.0,0.0
1vcc_A,0,R1,M2_UNIFORM_RANDOM_SEED_20,10,951,500,1306.0906982421875,0.05240966788270632,0.16172255498967847,0.0001,0.0
1vcc_A,0,R1,M2_UNIFORM_RANDOM_MEAN_20SEEDS,10,951,500,0.0,0.0,0.13001425217265133,0.0,0.0
1vcc_A,1,R2,M1_DEVELOPMENT_CONSTANT_MEAN,0,951,500,2086.464111328125,0.06624150619246137,0.0,0.0,0.0
1vcc_A,1,R2,M3_MEAN_WITHIN_RUN_VARIANCE,5,951,500,1842.74365234375,0.06225255795814141,0.11681028092509882,10.0,-0.017629214573850804
1vcc_A,1,R2,M3_MEAN_WITHIN_RUN_VARIANCE,10,951,500,1427.61767578125,0.054793708830534214,0.31577175565578774,1.0,0.21161825614254592
1vcc_A,1,R2,M3_MEAN_WITHIN_RUN_VARIANCE,20,951,500,1163.6741943359375,0.04946983263970579,0.44227452175287674,1.0,0.3573773243523093
1vcc_A,1,R2,M3b_POOLED_DEVELOPMENT_VARIANCE,5,951,500,1842.74365234375,0.06225255795814141,0.11681028092509882,10.0,-0.017629214573850804
1vcc_A,1,R2,M3b_POOLED_DEVELOPMENT_VARIANCE,10,951,500,1427.61767578125,0.054793708830534214,0.31577175565578774,1.0,0.21161825614254592
1vcc_A,1,R2,M3b_POOLED_DEVELOPMENT_VARIANCE,20,951,500,1160.619384765625,0.04940485731079858,0.4437386301234578,1.0,0.35906429988998423
1vcc_A,1,R2,M4_BUDGET_MATCHED_PCA_QR,5,951,500,1588.706787109375,0.05780249899286299,0.23856500647015966,10.0,0.1226590644347132
1vcc_A,1,R2,M4_BUDGET_MATCHED_PCA_QR,10,951,500,1421.3878173828125,0.05467402333195808,0.3187576006385092,100.0,0.2150586076536446
1vcc_A,1,R2,M4_BUDGET_MATCHED_PCA_QR,20,951,500,1270.40869140625,0.05168880211163286,0.3911188385610047,100.0,0.29843470241818926
1vcc_A,1,R2,M5_DEVELOPMENT_TUNED_PCA_QR,10,951,500,1421.3878173828125,0.05467402333195808,0.3187576006385092,100.0,0.2150586076536446
1vcc_A,1,R2,M6_POOLED_ERROR_GREEDY,5,951,500,1512.843994140625,0.056405546597310605,0.2749245070035573,10.0,0.164553222814246
1vcc_A,1,R2,M6_POOLED_ERROR_GREEDY,10,951,500,1318.0946044921875,0.05264995817350968,0.3682639460052044,10.0,0.27210082889315534
1vcc_A,1,R2,M6_POOLED_ERROR_GREEDY,20,951,500,1177.8489990234375,0.049770218566937294,0.4354808248900647,10.0,0.3495494882110577
1vcc_A,1,R2,M7_MEAN_TRANSFER,5,951,500,1520.466064453125,0.05654746039835868,0.2712714030411564,100.0,0.1603440418922708
1vcc_A,1,R2,M7_MEAN_TRANSFER,10,951,500,1327.0963134765625,0.052829434357618034,0.3639496091635106,10.0,0.26712976195612315
1vcc_A,1,R2,M7_MEAN_TRANSFER,20,951,500,1181.8846435546875,0.04985540909568576,0.4335466221835148,10.0,0.3473208603878595
1vcc_A,1,R2,M8_ROBUST_TRANSFER,5,951,500,1497.2103271484375,0.05611334344534293,0.2824174070286797,100.0,0.17318669510537787
1vcc_A,1,R2,M8_ROBUST_TRANSFER,10,951,500,1299.754150390625,0.052282379577454394,0.37705415428244526,10.0,0.2822290862221455
1vcc_A,1,R2,M8_ROBUST_TRANSFER,20,951,500,1177.0303955078125,0.04975292044242835,0.43587316497930007,10.0,0.35000155046702763
1vcc_A,1,R2,M10_INFORMATION_IMBALANCE,5,951,500,1650.29296875,0.05891220309495799,0.2090479966609553,10.0,0.08864896347908624
1vcc_A,1,R2,M10_INFORMATION_IMBALANCE,10,951,500,1262.5289306640625,0.051528251837839927,0.3948954483284124,10.0,0.3027861892486572
1vcc_A,1,R2,M10_INFORMATION_IMBALANCE,20,951,500,1151.55029296875,0.049211453724127635,0.44808526218275657,1.0,0.3640725780356796
1vcc_A,1,R2,M2_UNIFORM_RANDOM_SEED_1,10,951,500,1519.6964111328125,0.05653314654725827,0.2716402822929651,10.0,0.0
1vcc_A,1,R2,M2_UNIFORM_RANDOM_SEED_2,10,951,500,1697.012451171875,0.05974027999590579,0.1866562947533026,10.0,0.0
1vcc_A,1,R2,M2_UNIFORM_RANDOM_SEED_3,10,951,500,1694.5323486328125,0.05969661025367174,0.18784495768097875,100.0,0.0
1vcc_A,1,R2,M2_UNIFORM_RANDOM_SEED_4,10,951,500,1911.9892578125,0.0634114177641961,0.08362226436982145,100.0,0.0
1vcc_A,1,R2,M2_UNIFORM_RANDOM_SEED_5,10,951,500,1872.6282958984375,0.06275531734184761,0.10248717639987193,10.0,0.0
1vcc_A,1,R2,M2_UNIFORM_RANDOM_SEED_6,10,951,500,1864.53271484375,0.06261952129824154,0.10636722447294145,100.0,0.0
1vcc_A,1,R2,M2_UNIFORM_RANDOM_SEED_7,10,951,500,1913.2305908203125,0.06343199892427775,0.08302731859477896,100.0,0.0
1vcc_A,1,R2,M2_UNIFORM_RANDOM_SEED_8,10,951,500,1634.07421875,0.0586219996306336,0.21682131512444713,1.0,0.0
1vcc_A,1,R2,M2_UNIFORM_RANDOM_SEED_9,10,951,500,1607.1318359375,0.0581367154051723,0.2297342536534257,100.0,0.0
1vcc_A,1,R2,M2_UNIFORM_RANDOM_SEED_10,10,951,500,1935.9464111328125,0.06380745238841888,0.0721400858888972,10.0,0.0
1vcc_A,1,R2,M2_UNIFORM_RANDOM_SEED_11,10,951,500,1144.88232421875,0.04906876918997064,0.45128108458573835,10.0,0.0
1vcc_A,1,R2,M2_UNIFORM_RANDOM_SEED_12,10,951,500,1798.4952392578125,0.061500604653791334,0.13801764933642102,100.0,0.0
1vcc_A,1,R2,M2_UNIFORM_RANDOM_SEED_13,10,951,500,1699.4810791015625,0.05978371601472301,0.18547313137355192,100.0,0.0
1vcc_A,1,R2,M2_UNIFORM_RANDOM_SEED_14,10,951,500,1545.7220458984375,0.05701517214457919,0.2591667225397334,10.0,0.0
1vcc_A,1,R2,M2_UNIFORM_RANDOM_SEED_15,10,951,500,1600.0467529296875,0.05800842523616716,0.2331299904740809,100.0,0.0
1vcc_A,1,R2,M2_UNIFORM_RANDOM_SEED_16,10,951,500,1632.066162109375,0.05858596929587558,0.21778373601140255,0.01,0.0
1vcc_A,1,R2,M2_UNIFORM_RANDOM_SEED_17,10,951,500,1879.1571044921875,0.0628646185211779,0.09935805064194347,100.0,0.0
1vcc_A,1,R2,M2_UNIFORM_RANDOM_SEED_18,10,951,500,1848.0291748046875,0.062341773212561166,0.11427703703547687,100.0,0.0
1vcc_A,1,R2,M2_UNIFORM_RANDOM_SEED_19,10,951,500,1942.7364501953125,0.06391925193573365,0.06888575765692107,100.0,0.0
1vcc_A,1,R2,M2_UNIFORM_RANDOM_SEED_20,10,951,500,1541.329345703125,0.056934100406265446,0.2612720547960914,100.0,0.0
1vcc_A,1,R2,M2_UNIFORM_RANDOM_MEAN_20SEEDS,10,951,500,0.0,0.0,0.17844931938413958,0.0,0.0
1vcc_A,2,R3,M1_DEVELOPMENT_CONSTANT_MEAN,0,951,500,1556.9482421875,0.0572218411123687,0.0,0.0,0.0
1vcc_A,2,R3,M3_MEAN_WITHIN_RUN_VARIANCE,5,951,500,1268.7906494140625,0.05165587518820727,0.18507846630057423,1.0,0.12508362853744082
1vcc_A,2,R3,M3_MEAN_WITHIN_RUN_VARIANCE,10,951,500,1167.33251953125,0.04954753253277857,0.25024320789806276,10.0,0.19504582355632816
1vcc_A,2,R3,M3_MEAN_WITHIN_RUN_VARIANCE,20,951,500,874.3812255859375,0.04288201173895763,0.4384005826953895,10.0,0.3970554168901531
1vcc_A,2,R3,M3b_POOLED_DEVELOPMENT_VARIANCE,5,951,500,1285.219482421875,0.05198923051185985,0.17452652079419684,10.0,0.11375484473122532
1vcc_A,2,R3,M3b_POOLED_DEVELOPMENT_VARIANCE,10,951,500,1065.508056640625,0.047337259133727196,0.3156432386322653,1.0,0.2652606297889648
1vcc_A,2,R3,M3b_POOLED_DEVELOPMENT_VARIANCE,20,951,500,884.81591796875,0.04313712559456168,0.4316985664689851,1.0,0.38985999564306684
1vcc_A,2,R3,M4_BUDGET_MATCHED_PCA_QR,5,951,500,1288.5157470703125,0.05205585746751118,0.17240938898523817,10.0,0.11148184886155765
1vcc_A,2,R3,M4_BUDGET_MATCHED_PCA_QR,10,951,500,1165.48046875,0.0495082117003064,0.2514327469791101,10.0,0.19632293696352732
1vcc_A,2,R3,M4_BUDGET_MATCHED_PCA_QR,20,951,500,896.582275390625,0.04342299892605443,0.4241412456133198,100.0,0.3817463019098788
1vcc_A,2,R3,M5_DEVELOPMENT_TUNED_PCA_QR,10,951,500,1165.48046875,0.0495082117003064,0.2514327469791101,10.0,0.19632293696352732
1vcc_A,2,R3,M6_POOLED_ERROR_GREEDY,5,951,500,1181.02978515625,0.049837375599420856,0.24144569925014814,100.0,0.18560063892707657
1vcc_A,2,R3,M6_POOLED_ERROR_GREEDY,10,951,500,1064.57177734375,0.047316456552238054,0.31624459407331673,1e-06,0.26590625724963035
1vcc_A,2,R3,M6_POOLED_ERROR_GREEDY,20,951,500,889.8876953125,0.043260580243109976,0.4284410546222045,10.0,0.3863626645171565
1vcc_A,2,R3,M7_MEAN_TRANSFER,5,951,500,1197.324951171875,0.05018001141991487,0.23097960566136555,10.0,0.17436402748975666
1vcc_A,2,R3,M7_MEAN_TRANSFER,10,951,500,1116.8792724609375,0.04846495958952808,0.2826484258129667,1e-06,0.22983672611826544
1vcc_A,2,R3,M7_MEAN_TRANSFER,20,951,500,970.1897583007812,0.04517031115784216,0.3768644762797816,1e-06,0.33098899857541075
1vcc_A,2,R3,M8_ROBUST_TRANSFER,5,951,500,1199.1778564453125,0.05021882413464579,0.22978951775527423,10.0,0.17308632485280195
1vcc_A,2,R3,M8_ROBUST_TRANSFER,10,951,500,1096.595947265625,0.04802286406174894,0.29567604268918,1e-06,0.24382344117584664
1vcc_A,2,R3,M8_ROBUST_TRANSFER,20,951,500,979.1494140625,0.04537840465424328,0.37110984968466076,1e-06,0.32481071414983065
1vcc_A,2,R3,M10_INFORMATION_IMBALANCE,5,951,500,1321.8231201171875,0.0527243714832252,0.1510166591921922,100.0,0.08851417804637673
1vcc_A,2,R3,M10_INFORMATION_IMBALANCE,10,951,500,1277.29833984375,0.051828771304146086,0.1796141289519323,0.0001,0.11921700456467876
1vcc_A,2,R3,M10_INFORMATION_IMBALANCE,20,951,500,1127.7557373046875,0.04870037013323368,0.27566266703882236,1e-06,0.22233667308758753
1vcc_A,2,R3,M2_UNIFORM_RANDOM_SEED_1,10,951,500,1378.799560546875,0.05384871046176603,0.11442171089151143,100.0,0.0
1vcc_A,2,R3,M2_UNIFORM_RANDOM_SEED_2,10,951,500,1290.9075927734375,0.05210415018403524,0.17087314928354813,100.0,0.0
1vcc_A,2,R3,M2_UNIFORM_RANDOM_SEED_3,10,951,500,1319.7491455078125,0.05268299229541109,0.15234873597752008,100.0,0.0
1vcc_A,2,R3,M2_UNIFORM_RANDOM_SEED_4,10,951,500,1267.3231201171875,0.05162599301534629,0.18602103411182858,100.0,0.0
1vcc_A,2,R3,M2_UNIFORM_RANDOM_SEED_5,10,951,500,1236.89306640625,0.05100242394203114,0.20556571317462358,100.0,0.0
1vcc_A,2,R3,M2_UNIFORM_RANDOM_SEED_6,10,951,500,1356.696533203125,0.053415352283055016,0.12861808990067836,1000.0,0.0
1vcc_A,2,R3,M2_UNIFORM_RANDOM_SEED_7,10,951,500,1204.1044921875,0.050321876514244045,0.22662522776239324,100.0,0.0
1vcc_A,2,R3,M2_UNIFORM_RANDOM_SEED_8,10,951,500,1353.4310302734375,0.053351029469684626,0.13071546400805356,100.0,0.0
1vcc_A,2,R3,M2_UNIFORM_RANDOM_SEED_9,10,951,500,1388.2100830078125,0.054032160906390896,0.10837750068211116,100.0,0.0
1vcc_A,2,R3,M2_UNIFORM_RANDOM_SEED_10,10,951,500,1288.467529296875,0.0520548834627194,0.1724403583984344,100.0,0.0
1vcc_A,2,R3,M2_UNIFORM_RANDOM_SEED_11,10,951,500,1289.755859375,0.0520809016256728,0.17161288703926136,100.0,0.0
1vcc_A,2,R3,M2_UNIFORM_RANDOM_SEED_12,10,951,500,1381.9105224609375,0.05390942519679922,0.11242359571351956,0.0001,0.0
1vcc_A,2,R3,M2_UNIFORM_RANDOM_SEED_13,10,951,500,1379.2957763671875,0.0538583993894085,0.11410300034811194,1000.0,0.0
1vcc_A,2,R3,M2_UNIFORM_RANDOM_SEED_14,10,951,500,1436.74658203125,0.054968618942218536,0.07720337574444192,100.0,0.0
1vcc_A,2,R3,M2_UNIFORM_RANDOM_SEED_15,10,951,500,1369.12158203125,0.05365939201365381,0.12063770333967883,1000.0,0.0
1vcc_A,2,R3,M2_UNIFORM_RANDOM_SEED_16,10,951,500,1356.0108642578125,0.05340185262557826,0.12905848279668697,100.0,0.0
1vcc_A,2,R3,M2_UNIFORM_RANDOM_SEED_17,10,951,500,1362.228515625,0.053524143075399495,0.1250649965659233,100.0,0.0
1vcc_A,2,R3,M2_UNIFORM_RANDOM_SEED_18,10,951,500,1339.778564453125,0.053081263503495256,0.1394841985429479,1000.0,0.0
1vcc_A,2,R3,M2_UNIFORM_RANDOM_SEED_19,10,951,500,1465.1492919921875,0.05550929085452086,0.058960823300288845,1000.0,0.0
1vcc_A,2,R3,M2_UNIFORM_RANDOM_SEED_20,10,951,500,1391.089111328125,0.05408816091399389,0.10652835230177227,100.0,0.0
1vcc_A,2,R3,M2_UNIFORM_RANDOM_MEAN_20SEEDS,10,951,500,0.0,0.0,0.13755421999416675,0.0,0.0
3mx7_A,0,R1,M1_DEVELOPMENT_CONSTANT_MEAN,0,951,500,1587.9893798828125,0.057789446674691464,0.0,0.0,0.0
3mx7_A,0,R1,M3_MEAN_WITHIN_RUN_VARIANCE,5,951,500,1301.095703125,0.052309354478746684,0.18066473264385696,100.0,-0.012041676620689001
3mx7_A,0,R1,M3_MEAN_WITHIN_RUN_VARIANCE,10,951,500,1248.356689453125,0.05123822609909076,0.21387592053968973,10.0,0.028980732177995794
3mx7_A,0,R1,M3_MEAN_WITHIN_RUN_VARIANCE,20,951,500,1002.6336669921875,0.04591936577857078,0.3686143750746129,10.0,0.2201134359740199
3mx7_A,0,R1,M3b_POOLED_DEVELOPMENT_VARIANCE,5,951,500,1292.982177734375,0.05214600100777419,0.1857740397295402,10.0,-0.005730668276021644
3mx7_A,0,R1,M3b_POOLED_DEVELOPMENT_VARIANCE,10,951,500,1248.356689453125,0.05123822609909076,0.21387592053968973,10.0,0.028980732177995794
3mx7_A,0,R1,M3b_POOLED_DEVELOPMENT_VARIANCE,20,951,500,1002.6336669921875,0.04591936577857078,0.3686143750746129,10.0,0.2201134359740199
3mx7_A,0,R1,M4_BUDGET_MATCHED_PCA_QR,5,951,500,1303.6107177734375,0.05235988699457861,0.17908095967893756,1e-06,-0.013997950579181628
3mx7_A,0,R1,M4_BUDGET_MATCHED_PCA_QR,10,951,500,1246.5379638671875,0.05120088811719851,0.21502122138929092,1000.0,0.03039540604624713
3mx7_A,0,R1,M4_BUDGET_MATCHED_PCA_QR,20,951,500,1106.236572265625,0.048233496488684316,0.3033728145289857,10.0,0.13952715957338924
3mx7_A,0,R1,M5_DEVELOPMENT_TUNED_PCA_QR,10,951,500,1309.916259765625,0.052486366158508,0.1751101887959151,1e-06,-0.01890264073721415
3mx7_A,0,R1,M6_POOLED_ERROR_GREEDY,5,951,500,1238.4866943359375,0.05103526943456401,0.2200913242711151,0.0001,0.03665798941790899
3mx7_A,0,R1,M6_POOLED_ERROR_GREEDY,10,951,500,1092.611328125,0.04793553610541959,0.311953000462994,100.0,0.15012539219480592
3mx7_A,0,R1,M6_POOLED_ERROR_GREEDY,20,951,500,984.4788818359375,0.045501733407453164,0.380046935887828,100.0,0.23423491770982918
3mx7_A,0,R1,M7_MEAN_TRANSFER,5,951,500,1248.5723876953125,0.051242652525459995,0.21374008950396617,10.0,0.028812953889171045
3mx7_A,0,R1,M7_MEAN_TRANSFER,10,951,500,1121.365234375,0.048562192162458585,0.2938458855072743,1.0,0.1277595113293548
3mx7_A,0,R1,M7_MEAN_TRANSFER,20,951,500,977.2240600585938,0.04533376770509859,0.38461549400871364,100.0,0.23987799375526742
3mx7_A,0,R1,M8_ROBUST_TRANSFER,5,951,500,1248.5723876953125,0.051242652525459995,0.21374008950396617,10.0,0.028812953889171045
3mx7_A,0,R1,M8_ROBUST_TRANSFER,10,951,500,1099.26416015625,0.04808125264871659,0.3077635316192282,100.0,0.14495056664814487
3mx7_A,0,R1,M8_ROBUST_TRANSFER,20,951,500,941.087158203125,0.044487670244597675,0.4073718816226758,10.0,0.2679866491399915
3mx7_A,0,R1,M10_INFORMATION_IMBALANCE,5,951,500,1316.888916015625,0.05262587265992821,0.17071931796369677,100.0,-0.024326237713824694
3mx7_A,0,R1,M10_INFORMATION_IMBALANCE,10,951,500,1141.218994140625,0.04899020254720791,0.28134343428364583,10.0,0.11231650258513393
3mx7_A,0,R1,M10_INFORMATION_IMBALANCE,20,951,500,895.9645385742188,0.043408037328099065,0.4357868195312884,100.0,0.3030847372460965
3mx7_A,0,R1,M2_UNIFORM_RANDOM_SEED_1,10,951,500,1531.19921875,0.05674669709719314,0.03576230537322822,100.0,0.0
3mx7_A,0,R1,M2_UNIFORM_RANDOM_SEED_2,10,951,500,1373.3922119140625,0.053743015332042475,0.13513765941217215,1000.0,0.0
3mx7_A,0,R1,M2_UNIFORM_RANDOM_SEED_3,10,951,500,1568.296875,0.05743000814872087,0.012400904648534716,1000.0,0.0
3mx7_A,0,R1,M2_UNIFORM_RANDOM_SEED_4,10,951,500,1565.772216796875,0.057383763862160264,0.013990750421502884,1000.0,0.0
3mx7_A,0,R1,M2_UNIFORM_RANDOM_SEED_5,10,951,500,1366.29736328125,0.05360401924917703,0.13960547810333757,1000.0,0.0
3mx7_A,0,R1,M2_UNIFORM_RANDOM_SEED_6,10,951,500,1351.0333251953125,0.05330375083610245,0.14921765705069545,10.0,0.0
3mx7_A,0,R1,M2_UNIFORM_RANDOM_SEED_7,10,951,500,1384.2330322265625,0.05395470765251806,0.1283109007135088,1000.0,0.0
3mx7_A,0,R1,M2_UNIFORM_RANDOM_SEED_8,10,951,500,1388.4449462890625,0.05403673140838479,0.12565854414497135,1000.0,0.0
3mx7_A,0,R1,M2_UNIFORM_RANDOM_SEED_9,10,951,500,1409.183837890625,0.05443880284586063,0.11259870138765204,1000.0,0.0
3mx7_A,0,R1,M2_UNIFORM_RANDOM_SEED_10,10,951,500,1489.9747314453125,0.05597758924119703,0.06172248358785193,100.0,0.0
3mx7_A,0,R1,M2_UNIFORM_RANDOM_SEED_11,10,951,500,1332.2523193359375,0.052931960758000586,0.16104456603214024,1e-06,0.0
3mx7_A,0,R1,M2_UNIFORM_RANDOM_SEED_12,10,951,500,1479.4168701171875,0.05577890993104906,0.06837105533642629,100.0,0.0
3mx7_A,0,R1,M2_UNIFORM_RANDOM_SEED_13,10,951,500,1480.18994140625,0.055793481700136344,0.06788423136968191,100.0,0.0
3mx7_A,0,R1,M2_UNIFORM_RANDOM_SEED_14,10,951,500,1373.7442626953125,0.053749903043373536,0.13491596348289836,1000.0,0.0
3mx7_A,0,R1,M2_UNIFORM_RANDOM_SEED_15,10,951,500,1342.9688720703125,0.05314442501068899,0.1542960619992192,1e-06,0.0
3mx7_A,0,R1,M2_UNIFORM_RANDOM_SEED_16,10,951,500,1409.8232421875,0.0544511520000012,0.1121960511527228,1e-06,0.0
3mx7_A,0,R1,M2_UNIFORM_RANDOM_SEED_17,10,951,500,1390.9720458984375,0.054085885004073804,0.12406716095224402,1000.0,0.0
3mx7_A,0,R1,M2_UNIFORM_RANDOM_SEED_18,10,951,500,1484.306396484375,0.055871009554999046,0.06529198791372826,1000.0,0.0
3mx7_A,0,R1,M2_UNIFORM_RANDOM_SEED_19,10,951,500,1472.07470703125,0.055640325855124705,0.07299461464919654,100.0,0.0
3mx7_A,0,R1,M2_UNIFORM_RANDOM_SEED_20,10,951,500,1302.0594482421875,0.05232872413497682,0.18005783619392057,100.0,0.0
3mx7_A,0,R1,M2_UNIFORM_RANDOM_MEAN_20SEEDS,10,951,500,0.0,0.0,0.10277624569628166,0.0,0.0
3mx7_A,1,R2,M1_DEVELOPMENT_CONSTANT_MEAN,0,951,500,2426.626953125,0.07143750002874903,0.0,0.0,0.0
3mx7_A,1,R2,M3_MEAN_WITHIN_RUN_VARIANCE,5,951,500,2287.51220703125,0.06935957918009944,0.05732844346536192,1.0,-0.19465874515855064
3mx7_A,1,R2,M3_MEAN_WITHIN_RUN_VARIANCE,10,951,500,2242.41943359375,0.0686725483213026,0.07591093443268171,10.0,-0.17110893590945553
3mx7_A,1,R2,M3_MEAN_WITHIN_RUN_VARIANCE,20,951,500,1785.6365966796875,0.0612803558405519,0.26414870057379347,10.0,0.0674469979475838
3mx7_A,1,R2,M3b_POOLED_DEVELOPMENT_VARIANCE,5,951,500,2287.51220703125,0.06935957918009944,0.05732844346536192,1.0,-0.19465874515855064
3mx7_A,1,R2,M3b_POOLED_DEVELOPMENT_VARIANCE,10,951,500,2242.41943359375,0.0686725483213026,0.07591093443268171,10.0,-0.17110893590945553
3mx7_A,1,R2,M3b_POOLED_DEVELOPMENT_VARIANCE,20,951,500,1785.63671875,0.06128035793518641,0.26414865026927004,10.0,0.06744693419606984
3mx7_A,1,R2,M4_BUDGET_MATCHED_PCA_QR,5,951,500,1822.186767578125,0.06190435225179445,0.24908657046295457,100.0,0.048358583395459176
3mx7_A,1,R2,M4_BUDGET_MATCHED_PCA_QR,10,951,500,1496.584228515625,0.056101609569132425,0.3832656368592914,100.0,0.21840529157966182
3mx7_A,1,R2,M4_BUDGET_MATCHED_PCA_QR,20,951,500,1867.7716064453125,0.06267388608288475,0.23030130196155452,100.0,0.024551791793675615
3mx7_A,1,R2,M5_DEVELOPMENT_TUNED_PCA_QR,10,951,500,1496.584228515625,0.056101609569132425,0.3832656368592914,100.0,0.21840529157966182
3mx7_A,1,R2,M6_POOLED_ERROR_GREEDY,5,951,500,2165.3564453125,0.06748223188369852,0.10766818009502321,100.0,-0.13086260515971593
3mx7_A,1,R2,M6_POOLED_ERROR_GREEDY,10,951,500,2113.371826171875,0.06666727380646578,0.12909076384803042,10.0,-0.10371351293664843
3mx7_A,1,R2,M6_POOLED_ERROR_GREEDY,20,951,500,1919.43115234375,0.06353470370478968,0.2090126791545298,1.0,-0.0024275301477720834
3mx7_A,1,R2,M7_MEAN_TRANSFER,5,951,500,2167.645751953125,0.06751789499837677,0.10672476906199369,100.0,-0.1320582010521294
3mx7_A,1,R2,M7_MEAN_TRANSFER,10,951,500,2100.360107421875,0.06646172664920968,0.1344528236130238,10.0,-0.09691811156285435
3mx7_A,1,R2,M7_MEAN_TRANSFER,20,951,500,1996.049072265625,0.06479035303990877,0.1774388437847353,10.0,-0.042441422877689705
3mx7_A,1,R2,M8_ROBUST_TRANSFER,5,951,500,2167.645751953125,0.06751789499837677,0.10672476906199369,100.0,-0.1320582010521294
3mx7_A,1,R2,M8_ROBUST_TRANSFER,10,951,500,2124.24951171875,0.06683862436559154,0.12460812776222141,10.0,-0.10939441034375963
3mx7_A,1,R2,M8_ROBUST_TRANSFER,20,951,500,1971.2474365234375,0.06438657298949953,0.1876594653393785,10.0,-0.029488709033117733
3mx7_A,1,R2,M10_INFORMATION_IMBALANCE,5,951,500,2262.49169921875,0.06897921324251047,0.06763926103057472,10.0,-0.18159172484948582
3mx7_A,1,R2,M10_INFORMATION_IMBALANCE,10,951,500,2306.513916015625,0.06964705849589523,0.04949794073402747,10.0,-0.2045824333213353
3mx7_A,1,R2,M10_INFORMATION_IMBALANCE,20,951,500,1470.0091552734375,0.05560127609897797,0.39421708253080845,10.0,0.23228418741874068
3mx7_A,1,R2,M2_UNIFORM_RANDOM_SEED_1,10,951,500,2212.251708984375,0.0682090512846283,0.08834289253424532,100.0,0.0
3mx7_A,1,R2,M2_UNIFORM_RANDOM_SEED_2,10,951,500,1789.222900390625,0.0613418632411003,0.262670803978967,100.0,0.0
3mx7_A,1,R2,M2_UNIFORM_RANDOM_SEED_3,10,951,500,2358.567626953125,0.07042857576164019,0.02804688462074012,1000.0,0.0
3mx7_A,1,R2,M2_UNIFORM_RANDOM_SEED_4,10,951,500,2225.196044921875,0.06840831276501566,0.08300860086620365,100.0,0.0
3mx7_A,1,R2,M2_UNIFORM_RANDOM_SEED_5,10,951,500,2336.8017578125,0.07010285005122789,0.03701648298137605,1000.0,0.0
3mx7_A,1,R2,M2_UNIFORM_RANDOM_SEED_6,10,951,500,2320.59716796875,0.06985936252218297,0.043694307862073845,100.0,0.0
3mx7_A,1,R2,M2_UNIFORM_RANDOM_SEED_7,10,951,500,2511.667236328125,0.0726784722511816,-0.03504464627066417,1000.0,0.0
3mx7_A,1,R2,M2_UNIFORM_RANDOM_SEED_8,10,951,500,2341.160400390625,0.070168198110384,0.03522030966659773,1000.0,0.0
3mx7_A,1,R2,M2_UNIFORM_RANDOM_SEED_9,10,951,500,2098.873046875,0.06643819494365563,0.13506563331785293,1000.0,0.0
3mx7_A,1,R2,M2_UNIFORM_RANDOM_SEED_10,10,951,500,2357.212890625,0.07040834614136114,0.028605164222135104,1000.0,0.0
3mx7_A,1,R2,M2_UNIFORM_RANDOM_SEED_11,10,951,500,1870.4134521484375,0.06271819455954142,0.22921261146476313,100.0,0.0
3mx7_A,1,R2,M2_UNIFORM_RANDOM_SEED_12,10,951,500,1897.516845703125,0.06317097201206213,0.21804344781569707,100.0,0.0
3mx7_A,1,R2,M2_UNIFORM_RANDOM_SEED_13,10,951,500,2334.52099609375,0.07006863086068814,0.0379563726977632,1000.0,0.0
3mx7_A,1,R2,M2_UNIFORM_RANDOM_SEED_14,10,951,500,2354.76220703125,0.07037173649731271,0.029615077835183024,100.0,0.0
3mx7_A,1,R2,M2_UNIFORM_RANDOM_SEED_15,10,951,500,2278.550048828125,0.06922357519237622,0.06102170096898585,100.0,0.0
3mx7_A,1,R2,M2_UNIFORM_RANDOM_SEED_16,10,951,500,1759.6644287109375,0.060833060576619774,0.2748516922039257,100.0,0.0
3mx7_A,1,R2,M2_UNIFORM_RANDOM_SEED_17,10,951,500,2144.68896484375,0.06715941398760307,0.11618513835353694,100.0,0.0
3mx7_A,1,R2,M2_UNIFORM_RANDOM_SEED_18,10,951,500,2295.2255859375,0.06947641931683245,0.05414980123676694,100.0,0.0
3mx7_A,1,R2,M2_UNIFORM_RANDOM_SEED_19,10,951,500,2311.636962890625,0.06972436287194216,0.047386760493322355,100.0,0.0
3mx7_A,1,R2,M2_UNIFORM_RANDOM_SEED_20,10,951,500,2007.808349609375,0.06498092172671102,0.1725929084304747,100.0,0.0
3mx7_A,1,R2,M2_UNIFORM_RANDOM_MEAN_20SEEDS,10,951,500,0.0,0.0,0.09738209726399734,0.0,0.0
3mx7_A,2,R3,M1_DEVELOPMENT_CONSTANT_MEAN,0,951,500,1817.5103759765625,0.06182486672093293,0.0,0.0,0.0
3mx7_A,2,R3,M3_MEAN_WITHIN_RUN_VARIANCE,5,951,500,1596.5904541015625,0.057945738679633874,0.12155084493330504,100.0,0.00888589517306515
3mx7_A,2,R3,M3_MEAN_WITHIN_RUN_VARIANCE,10,951,500,1725.86328125,0.06024596065712186,0.05042452353391369,100.0,-0.07136268831841575
3mx7_A,2,R3,M3_MEAN_WITHIN_RUN_VARIANCE,20,951,500,1119.723876953125,0.0485266385797197,0.38392435512150036,1.0,0.3049099566461855
3mx7_A,2,R3,M3b_POOLED_DEVELOPMENT_VARIANCE,5,951,500,1596.5904541015625,0.057945738679633874,0.12155084493330504,100.0,0.00888589517306515
3mx7_A,2,R3,M3b_POOLED_DEVELOPMENT_VARIANCE,10,951,500,1725.86328125,0.06024596065712186,0.05042452353391369,100.0,-0.07136268831841575
3mx7_A,2,R3,M3b_POOLED_DEVELOPMENT_VARIANCE,20,951,500,1119.723876953125,0.0485266385797197,0.38392435512150036,1.0,0.3049099566461855
3mx7_A,2,R3,M4_BUDGET_MATCHED_PCA_QR,5,951,500,1615.061767578125,0.05827996839611899,0.11138786940330958,100.0,-0.0025805264595273325
3mx7_A,2,R3,M4_BUDGET_MATCHED_PCA_QR,10,951,500,1337.2020263671875,0.05303019845518191,0.2642671843627311,100.0,0.16990622990949444
3mx7_A,2,R3,M4_BUDGET_MATCHED_PCA_QR,20,951,500,1291.0927734375,0.0521078872195847,0.28963664224266905,1000.0,0.19852943182345184
3mx7_A,2,R3,M5_DEVELOPMENT_TUNED_PCA_QR,10,951,500,1337.2020263671875,0.05303019845518191,0.2642671843627311,100.0,0.16990622990949444
3mx7_A,2,R3,M6_POOLED_ERROR_GREEDY,5,951,500,1499.892333984375,0.056163579885368964,0.17475445873123496,1e-06,0.06891310535222439
3mx7_A,2,R3,M6_POOLED_ERROR_GREEDY,10,951,500,1319.7296142578125,0.05268260246053081,0.2738805611776981,1e-06,0.1807525643858553
3mx7_A,2,R3,M6_POOLED_ERROR_GREEDY,20,951,500,1125.3350830078125,0.048648075969095365,0.38083705167121196,100.0,0.3014266930129825
3mx7_A,2,R3,M7_MEAN_TRANSFER,5,951,500,1495.076171875,0.05607333661020603,0.17740432646956206,10.0,0.0719028302284267
3mx7_A,2,R3,M7_MEAN_TRANSFER,10,951,500,1266.7197265625,0.05161370155641197,0.30304677029319205,100.0,0.21365946750252263
3mx7_A,2,R3,M7_MEAN_TRANSFER,20,951,500,1087.7977294921875,0.04782982736633218,0.4014902231808689,100.0,0.3247287241829899
3mx7_A,2,R3,M8_ROBUST_TRANSFER,5,951,500,1500.0552978515625,0.056166630899555134,0.17466479549225622,1.0,0.06881194241032418
3mx7_A,2,R3,M8_ROBUST_TRANSFER,10,951,500,1274.4102783203125,0.05177014389376263,0.29881540421162,100.0,0.2088854101971639
3mx7_A,2,R3,M8_ROBUST_TRANSFER,20,951,500,1101.4801025390625,0.0481296903440727,0.3939621379343,100.0,0.3162351290475407
3mx7_A,2,R3,M10_INFORMATION_IMBALANCE,5,951,500,1730.2254638671875,0.06032204954351047,0.04802443675870416,0.0001,-0.07407059672950433
3mx7_A,2,R3,M10_INFORMATION_IMBALANCE,10,951,500,1581.344970703125,0.057668419660021765,0.1299389584758458,1000.0,0.01834982099842597
3mx7_A,2,R3,M10_INFORMATION_IMBALANCE,20,951,500,1032.58642578125,0.04660021765565778,0.43186765840253694,1.0,0.35900219845638237
3mx7_A,2,R3,M2_UNIFORM_RANDOM_SEED_1,10,951,500,1514.4124755859375,0.0564347790014086,0.16676543055649307,100.0,0.0
3mx7_A,2,R3,M2_UNIFORM_RANDOM_SEED_2,10,951,500,1691.91943359375,0.0596505673595569,0.06910053666974614,1e-06,0.0
3mx7_A,2,R3,M2_UNIFORM_RANDOM_SEED_3,10,951,500,1823.8603515625,0.06193277369490801,-0.0034937768003253655,100.0,0.0
3mx7_A,2,R3,M2_UNIFORM_RANDOM_SEED_4,10,951,500,1612.6834716796875,0.058237041841416363,0.11269641538459985,1000.0,0.0
3mx7_A,2,R3,M2_UNIFORM_RANDOM_SEED_5,10,951,500,1767.2625732421875,0.060964256188202906,0.02764650116914824,0.0001,0.0
3mx7_A,2,R3,M2_UNIFORM_RANDOM_SEED_6,10,951,500,1671.4659423828125,0.059288915350636295,0.08035411270501236,0.0001,0.0
3mx7_A,2,R3,M2_UNIFORM_RANDOM_SEED_7,10,951,500,1726.1507568359375,0.06025097800753297,0.05026635355054676,100.0,0.0
3mx7_A,2,R3,M2_UNIFORM_RANDOM_SEED_8,10,951,500,1647.68115234375,0.058865566288951364,0.0934405799700384,1000.0,0.0
3mx7_A,2,R3,M2_UNIFORM_RANDOM_SEED_9,10,951,500,1575.5218505859375,0.05756214308631732,0.13314285771854406,0.01,0.0
3mx7_A,2,R3,M2_UNIFORM_RANDOM_SEED_10,10,951,500,1764.192138671875,0.06091127364399378,0.029335864053067207,100.0,0.0
3mx7_A,2,R3,M2_UNIFORM_RANDOM_SEED_11,10,951,500,1700.7298583984375,0.059805676529131616,0.06425301286952922,1000.0,0.0
3mx7_A,2,R3,M2_UNIFORM_RANDOM_SEED_12,10,951,500,1646.4632568359375,0.05884380681155476,0.09411066995902018,1e-06,0.0
3mx7_A,2,R3,M2_UNIFORM_RANDOM_SEED_13,10,951,500,1763.1524658203125,0.0608933228978703,0.02990789536870897,100.0,0.0
3mx7_A,2,R3,M2_UNIFORM_RANDOM_SEED_14,10,951,500,1735.2999267578125,0.06041044203924602,0.04523245110750895,1000.0,0.0
3mx7_A,2,R3,M2_UNIFORM_RANDOM_SEED_15,10,951,500,1546.525146484375,0.05702998171925703,0.14909693670749202,1000.0,0.0
3mx7_A,2,R3,M2_UNIFORM_RANDOM_SEED_16,10,951,500,1778.1102294921875,0.06115107267893001,0.02167808613648492,1e-06,0.0
3mx7_A,2,R3,M2_UNIFORM_RANDOM_SEED_17,10,951,500,1829.102783203125,0.062021718376505865,-0.006378179392969807,1e-06,0.0
3mx7_A,2,R3,M2_UNIFORM_RANDOM_SEED_18,10,951,500,1699.9295654296875,0.05979160383734521,0.06469333661091092,1000.0,0.0
3mx7_A,2,R3,M2_UNIFORM_RANDOM_SEED_19,10,951,500,1620.1287841796875,0.05837131917805262,0.10859998072408272,1e-06,0.0
3mx7_A,2,R3,M2_UNIFORM_RANDOM_SEED_20,10,951,500,1675.17626953125,0.059354683764793255,0.07831267888571769,1000.0,0.0
3mx7_A,2,R3,M2_UNIFORM_RANDOM_MEAN_20SEEDS,10,951,500,0.0,0.0,0.07043808719766784,0.0,0.0
