protein_id,fold,test_replicate,method_id,achieved_k,n_frames,n_targets,SSE_nm2,RMSE_nm,skill,tuned_lambda,centered_skill
1bxy_A,0,R1,M1_DEVELOPMENT_CONSTANT_MEAN,0,951,500,1460.4393310546875,0.0554199972081029,0.0,0.0,0.0
1bxy_A,0,R1,M3_MEAN_WITHIN_RUN_VARIANCE,5,951,500,1125.3897705078125,0.0486492580211674,0.2294169661295767,1e-06,0.1681584881608305
1bxy_A,0,R1,M3_MEAN_WITHIN_RUN_VARIANCE,10,951,500,936.971923828125,0.044390294688363,0.3584314638037921,1.0,0.3074291573519933
1bxy_A,0,R1,M3_MEAN_WITHIN_RUN_VARIANCE,20,951,500,774.6378173828125,0.0403621309378479,0.46958576031817,1.0,0.4274198059853078
1bxy_A,0,R1,M3b_POOLED_DEVELOPMENT_VARIANCE,5,951,500,1115.3438720703125,0.0484316351686691,0.2362956486081191,1e-06,0.1755840002483111
1bxy_A,0,R1,M3b_POOLED_DEVELOPMENT_VARIANCE,10,951,500,967.43115234375,0.0451060475483471,0.3375752543961556,1e-06,0.2849149570616713
1bxy_A,0,R1,M3b_POOLED_DEVELOPMENT_VARIANCE,20,951,500,782.2315063476562,0.0405594812223944,0.4643861681109676,1.0,0.4218068655850217
1bxy_A,0,R1,M4_BUDGET_MATCHED_PCA_QR,5,951,500,1097.0272216796875,0.0480323064624247,0.2488375255633208,100.0,0.1891229096573523
1bxy_A,0,R1,M4_BUDGET_MATCHED_PCA_QR,10,951,500,880.8134765625,0.0430394501878955,0.3968845827190906,100.0,0.348939155843359
1bxy_A,0,R1,M4_BUDGET_MATCHED_PCA_QR,20,951,500,730.93505859375,0.0392070472268396,0.4995101521499769,1e-06,0.4597230753905666
1bxy_A,0,R1,M5_DEVELOPMENT_TUNED_PCA_QR,10,951,500,880.8134765625,0.0430394501878955,0.3968845827190906,100.0,0.348939155843359
1bxy_A,0,R1,M6_POOLED_ERROR_GREEDY,5,951,500,1112.6595458984375,0.0483733192421995,0.2381336750942563,100.0,0.1775681429867637
1bxy_A,0,R1,M6_POOLED_ERROR_GREEDY,10,951,500,981.2649536132812,0.0454274002469106,0.3281028983897333,10.0,0.2746895840717099
1bxy_A,0,R1,M6_POOLED_ERROR_GREEDY,20,951,500,881.1356811523438,0.0430473214573528,0.3966639610314981,1.0,0.3487009955542209
1bxy_A,0,R1,M7_MEAN_TRANSFER,5,951,500,1099.9742431640625,0.0480967794756429,0.2468196249071896,10.0,0.1869445934230765
1bxy_A,0,R1,M7_MEAN_TRANSFER,10,951,500,986.93017578125,0.0455583464954222,0.3242237765066781,10.0,0.2705020864627869
1bxy_A,0,R1,M7_MEAN_TRANSFER,20,951,500,888.8157958984375,0.0432345179865317,0.391405190891045,1.0,0.3430241727956435
1bxy_A,0,R1,M8_ROBUST_TRANSFER,5,951,500,1112.5850830078125,0.0483717005631256,0.2381846617316616,10.0,0.1776231828717321
1bxy_A,0,R1,M8_ROBUST_TRANSFER,10,951,500,1015.1788940429688,0.0462057505728446,0.304881159760443,10.0,0.2496218038068111
1bxy_A,0,R1,M8_ROBUST_TRANSFER,20,951,500,897.135009765625,0.0434363817949861,0.3857088133077464,1.0,0.3368749544341936
1bxy_A,0,R1,M10_INFORMATION_IMBALANCE,5,951,500,1157.7066650390625,0.0493428245276246,0.207288765495654,10.0,0.1442711780845254
1bxy_A,0,R1,M10_INFORMATION_IMBALANCE,10,951,500,1086.9219970703125,0.0478105707697553,0.2557568301824845,0.01,0.1965922731941684
1bxy_A,0,R1,M10_INFORMATION_IMBALANCE,20,951,500,987.2445068359376,0.0455656009412772,0.3240085460291063,10.0,0.2702697459647644
1bxy_A,0,R1,M2_UNIFORM_RANDOM_SEED_1,10,951,500,1177.9385986328125,0.0497721115546385,0.1934354453586655,100.0,0.0
1bxy_A,0,R1,M2_UNIFORM_RANDOM_SEED_2,10,951,500,1151.4620361328125,0.0492095678618922,0.2115646219269789,100.0,0.0
1bxy_A,0,R1,M2_UNIFORM_RANDOM_SEED_3,10,951,500,1135.520263671875,0.0488677320304508,0.2224803594875558,10.0,0.0
1bxy_A,0,R1,M2_UNIFORM_RANDOM_SEED_4,10,951,500,1073.861083984375,0.0475224466080823,0.2646999699680347,100.0,0.0
1bxy_A,0,R1,M2_UNIFORM_RANDOM_SEED_5,10,951,500,1241.1207275390625,0.0510895119203835,0.15017303276627,100.0,0.0
1bxy_A,0,R1,M2_UNIFORM_RANDOM_SEED_6,10,951,500,1149.5673828125,0.049169065677361,0.2128619393026649,100.0,0.0
1bxy_A,0,R1,M2_UNIFORM_RANDOM_SEED_7,10,951,500,1204.828369140625,0.0503370003568195,0.1750233347450781,100.0,0.0
1bxy_A,0,R1,M2_UNIFORM_RANDOM_SEED_8,10,951,500,1266.90234375,0.0516174218779369,0.132519703618856,100.0,0.0
1bxy_A,0,R1,M2_UNIFORM_RANDOM_SEED_9,10,951,500,1266.4759521484375,0.0516087349071245,0.1328116648064902,1e-06,0.0
1bxy_A,0,R1,M2_UNIFORM_RANDOM_SEED_10,10,951,500,1204.1363525390625,0.0503225422629735,0.1754971761343419,10.0,0.0
1bxy_A,0,R1,M2_UNIFORM_RANDOM_SEED_11,10,951,500,1089.1785888671875,0.0478601755262465,0.2542116843151479,10.0,0.0
1bxy_A,0,R1,M2_UNIFORM_RANDOM_SEED_12,10,951,500,1073.91748046875,0.0475236944714095,0.264661353859049,1e-06,0.0
1bxy_A,0,R1,M2_UNIFORM_RANDOM_SEED_13,10,951,500,1265.7171630859375,0.0515932723115601,0.1333312270001159,100.0,0.0
1bxy_A,0,R1,M2_UNIFORM_RANDOM_SEED_14,10,951,500,1195.8895263671875,0.0501499229989184,0.1811439880193104,100.0,0.0
1bxy_A,0,R1,M2_UNIFORM_RANDOM_SEED_15,10,951,500,1256.9610595703125,0.0514145040759925,0.1393267540510764,100.0,0.0
1bxy_A,0,R1,M2_UNIFORM_RANDOM_SEED_16,10,951,500,976.5670166015624,0.0453185249040337,0.3313196954944278,100.0,0.0
1bxy_A,0,R1,M2_UNIFORM_RANDOM_SEED_17,10,951,500,1073.7032470703125,0.0475189540371755,0.2648080449224037,100.0,0.0
1bxy_A,0,R1,M2_UNIFORM_RANDOM_SEED_18,10,951,500,1218.1724853515625,0.0506149873140599,0.1658862785680845,100.0,0.0
1bxy_A,0,R1,M2_UNIFORM_RANDOM_SEED_19,10,951,500,1102.45361328125,0.0481509546511765,0.2451219370508944,10.0,0.0
1bxy_A,0,R1,M2_UNIFORM_RANDOM_SEED_20,10,951,500,1240.161865234375,0.0510697727961236,0.1508295902036782,100.0,0.0
1bxy_A,0,R1,M2_UNIFORM_RANDOM_MEAN_20SEEDS,10,951,500,0.0,0.0,0.2000853900799562,0.0,0.0
1bxy_A,1,R2,M1_DEVELOPMENT_CONSTANT_MEAN,0,951,500,1476.087646484375,0.055716113210278,0.0,0.0,0.0
1bxy_A,1,R2,M3_MEAN_WITHIN_RUN_VARIANCE,5,951,500,1061.552734375,0.0472493160171703,0.2808335352556336,10.0,0.0925387687397416
1bxy_A,1,R2,M3_MEAN_WITHIN_RUN_VARIANCE,10,951,500,923.6619262695312,0.0440738775223124,0.3742499447987159,0.01,0.2104138007102753
1bxy_A,1,R2,M3_MEAN_WITHIN_RUN_VARIANCE,20,951,500,753.6231079101562,0.0398108859640315,0.4894455558211098,1.0,0.3557703435119721
1bxy_A,1,R2,M3b_POOLED_DEVELOPMENT_VARIANCE,5,951,500,1061.5528564453125,0.0472493187338223,0.2808334525570806,10.0,0.0925386643887541
1bxy_A,1,R2,M3b_POOLED_DEVELOPMENT_VARIANCE,10,951,500,955.1277465820312,0.0448183093730911,0.3529329041829755,1.0,0.1835154553725784
1bxy_A,1,R2,M3b_POOLED_DEVELOPMENT_VARIANCE,20,951,500,761.6109008789062,0.0400213113806183,0.4840340933054694,1.0,0.3489420322960045
1bxy_A,1,R2,M4_BUDGET_MATCHED_PCA_QR,5,951,500,1071.001220703125,0.0474591244946466,0.274432501854515,100.0,0.0844617936077298
1bxy_A,1,R2,M4_BUDGET_MATCHED_PCA_QR,10,951,500,908.696044921875,0.0437153599063185,0.3843888287486634,100.0,0.2232072839493676
1bxy_A,1,R2,M4_BUDGET_MATCHED_PCA_QR,20,951,500,718.6394653320312,0.0388758834233975,0.5131458033378791,100.0,0.385675875606527
1bxy_A,1,R2,M5_DEVELOPMENT_TUNED_PCA_QR,10,951,500,908.696044921875,0.0437153599063185,0.3843888287486634,100.0,0.2232072839493676
1bxy_A,1,R2,M6_POOLED_ERROR_GREEDY,5,951,500,1071.0394287109375,0.0474599710400997,0.2744066172074187,10.0,0.0844291317486523
1bxy_A,1,R2,M6_POOLED_ERROR_GREEDY,10,951,500,995.72705078125,0.045760935286313,0.3254282337821935,1.0,0.1488094126260312
1bxy_A,1,R2,M6_POOLED_ERROR_GREEDY,20,951,500,922.6690063476562,0.0440501818405366,0.3749226148290083,1.0,0.2112625916423416
1bxy_A,1,R2,M7_MEAN_TRANSFER,5,951,500,1062.0013427734375,0.0472592986588175,0.2805296180732726,10.0,0.0921552788607961
1bxy_A,1,R2,M7_MEAN_TRANSFER,10,951,500,999.2237548828124,0.0458412144234491,0.3230593337308377,1.0,0.1458202785900052
1bxy_A,1,R2,M7_MEAN_TRANSFER,20,951,500,927.4508056640624,0.0441641809668334,0.3716831057606985,1.0,0.2071749025857444
1bxy_A,1,R2,M8_ROBUST_TRANSFER,5,951,500,1061.87939453125,0.0472565852188148,0.2806122339277429,10.0,0.0922595254972767
1bxy_A,1,R2,M8_ROBUST_TRANSFER,10,951,500,990.6725463867188,0.0456446418074939,0.3288524914179577,10.0,0.1531302217886322
1bxy_A,1,R2,M8_ROBUST_TRANSFER,20,951,500,927.516357421875,0.0441657416903369,0.371638696637725,1.0,0.207118866105474
1bxy_A,1,R2,M10_INFORMATION_IMBALANCE,5,951,500,1095.4984130859375,0.0479988260697214,0.2578364735352225,10.0,0.0635205330916286
1bxy_A,1,R2,M10_INFORMATION_IMBALANCE,10,951,500,1006.1196899414062,0.0459991242531141,0.3183875684227153,1.0,0.1399253347814467
1bxy_A,1,R2,M10_INFORMATION_IMBALANCE,20,951,500,887.962890625,0.0432137691434767,0.3984348471854788,10.0,0.2409308817668876
1bxy_A,1,R2,M2_UNIFORM_RANDOM_SEED_1,10,951,500,1071.72021484375,0.0474750521643735,0.2739454073772071,100.0,0.0
1bxy_A,1,R2,M2_UNIFORM_RANDOM_SEED_2,10,951,500,1031.17138671875,0.0465682766319804,0.3014158819263139,100.0,0.0
1bxy_A,1,R2,M2_UNIFORM_RANDOM_SEED_3,10,951,500,1030.5029296875,0.0465531802383004,0.3018687392026702,100.0,0.0
1bxy_A,1,R2,M2_UNIFORM_RANDOM_SEED_4,10,951,500,1089.822998046875,0.0478743315959166,0.2616813773609403,100.0,0.0
1bxy_A,1,R2,M2_UNIFORM_RANDOM_SEED_5,10,951,500,1173.68212890625,0.0496821046495679,0.2048696215962309,100.0,0.0
1bxy_A,1,R2,M2_UNIFORM_RANDOM_SEED_6,10,951,500,1055.7017822265625,0.0471189242508622,0.284797359600599,100.0,0.0
1bxy_A,1,R2,M2_UNIFORM_RANDOM_SEED_7,10,951,500,1160.836669921875,0.0494094817552517,0.2135719903308851,100.0,0.0
1bxy_A,1,R2,M2_UNIFORM_RANDOM_SEED_8,10,951,500,1255.94921875,0.051393805834247,0.1491364203600529,100.0,0.0
1bxy_A,1,R2,M2_UNIFORM_RANDOM_SEED_9,10,951,500,1077.296142578125,0.0475983931410188,0.2701679028722035,100.0,0.0
1bxy_A,1,R2,M2_UNIFORM_RANDOM_SEED_10,10,951,500,1093.8778076171875,0.047963309838642,0.2589343795251614,100.0,0.0
1bxy_A,1,R2,M2_UNIFORM_RANDOM_SEED_11,10,951,500,1040.9993896484375,0.0467896694191145,0.2947577387238456,1e-06,0.0
1bxy_A,1,R2,M2_UNIFORM_RANDOM_SEED_12,10,951,500,1180.55029296875,0.0498272577097128,0.2002166702089213,100.0,0.0
1bxy_A,1,R2,M2_UNIFORM_RANDOM_SEED_13,10,951,500,1273.43505859375,0.0517503320134175,0.1372903488307665,100.0,0.0
1bxy_A,1,R2,M2_UNIFORM_RANDOM_SEED_14,10,951,500,1029.9058837890625,0.046539692449223,0.3022732178255077,100.0,0.0
1bxy_A,1,R2,M2_UNIFORM_RANDOM_SEED_15,10,951,500,1113.13916015625,0.0483837438298781,0.2458854575421494,100.0,0.0
1bxy_A,1,R2,M2_UNIFORM_RANDOM_SEED_16,10,951,500,998.7703857421876,0.0458308136749463,0.3233664761567667,100.0,0.0
1bxy_A,1,R2,M2_UNIFORM_RANDOM_SEED_17,10,951,500,935.45703125,0.0443543951436541,0.3662591557635516,100.0,0.0
1bxy_A,1,R2,M2_UNIFORM_RANDOM_SEED_18,10,951,500,985.1990356445312,0.0455183727975156,0.3325606118369747,100.0,0.0
1bxy_A,1,R2,M2_UNIFORM_RANDOM_SEED_19,10,951,500,1144.421630859375,0.0490588957164306,0.2246926301530502,100.0,0.0
1bxy_A,1,R2,M2_UNIFORM_RANDOM_SEED_20,10,951,500,1032.7269287109375,0.0466033879686842,0.3003620542651365,100.0,0.0
1bxy_A,1,R2,M2_UNIFORM_RANDOM_MEAN_20SEEDS,10,951,500,0.0,0.0,0.2624026720729467,0.0,0.0
1bxy_A,2,R3,M1_DEVELOPMENT_CONSTANT_MEAN,0,951,500,1465.083984375,0.0555080537041719,0.0,0.0,0.0
1bxy_A,2,R3,M3_MEAN_WITHIN_RUN_VARIANCE,5,951,500,1095.0748291015625,0.047989545590868,0.2525514982209584,10.0,0.0192904820423143
1bxy_A,2,R3,M3_MEAN_WITHIN_RUN_VARIANCE,10,951,500,914.8484497070312,0.0438630995606125,0.3755658655313861,10.0,0.1806947267223617
1bxy_A,2,R3,M3_MEAN_WITHIN_RUN_VARIANCE,20,951,500,735.1378173828125,0.0393196027661566,0.4982282072406792,10.0,0.3416370869290629
1bxy_A,2,R3,M3b_POOLED_DEVELOPMENT_VARIANCE,5,951,500,1095.0748291015625,0.047989545590868,0.2525514982209584,10.0,0.0192904820423143
1bxy_A,2,R3,M3b_POOLED_DEVELOPMENT_VARIANCE,10,951,500,914.8483276367188,0.0438630966342358,0.3755659488510551,10.0,0.1806948360441306
1bxy_A,2,R3,M3b_POOLED_DEVELOPMENT_VARIANCE,20,951,500,735.1378173828125,0.0393196027661566,0.4982282072406792,10.0,0.3416370869290629
1bxy_A,2,R3,M4_BUDGET_MATCHED_PCA_QR,5,951,500,950.7814331054688,0.0447162201334019,0.3510396378327287,100.0,0.1485144428815075
1bxy_A,2,R3,M4_BUDGET_MATCHED_PCA_QR,10,951,500,748.5353393554688,0.0396762751846068,0.4890836652788942,10.0,0.3296387494945234
1bxy_A,2,R3,M4_BUDGET_MATCHED_PCA_QR,20,951,500,639.052734375,0.0366600529655712,0.5638115349082751,10.0,0.4276874215138025
1bxy_A,2,R3,M5_DEVELOPMENT_TUNED_PCA_QR,10,951,500,748.5353393554688,0.0396762751846068,0.4890836652788942,10.0,0.3296387494945234
1bxy_A,2,R3,M6_POOLED_ERROR_GREEDY,5,951,500,987.595947265625,0.0455737104670239,0.3259117171450548,1e-06,0.1155446918869801
1bxy_A,2,R3,M6_POOLED_ERROR_GREEDY,10,951,500,864.8753662109375,0.0426482782620718,0.4096752299289583,10.0,0.2254488177889256
1bxy_A,2,R3,M6_POOLED_ERROR_GREEDY,20,951,500,791.2228393554688,0.0407919199684424,0.4599471103405708,1.0,0.2914093642184822
1bxy_A,2,R3,M7_MEAN_TRANSFER,5,951,500,981.40673828125,0.0454306820701273,0.3301361909980096,1.0,0.1210875242106722
1bxy_A,2,R3,M7_MEAN_TRANSFER,10,951,500,912.8828735351562,0.0438159537067574,0.3769074788401368,10.0,0.1824550258442128
1bxy_A,2,R3,M7_MEAN_TRANSFER,20,951,500,818.614501953125,0.0414920083256542,0.4412508015352149,10.0,0.2668783792042009
1bxy_A,2,R3,M8_ROBUST_TRANSFER,5,951,500,967.4879150390624,0.0451073707966592,0.3396365496058646,10.0,0.13355272025904
1bxy_A,2,R3,M8_ROBUST_TRANSFER,10,951,500,878.9122924804688,0.0429929760355357,0.4000942595414352,10.0,0.2128778529292057
1bxy_A,2,R3,M8_ROBUST_TRANSFER,20,951,500,800.066162109375,0.0410192476712455,0.4539110585863918,10.0,0.2834896033358007
1bxy_A,2,R3,M10_INFORMATION_IMBALANCE,5,951,500,1012.2478637695312,0.0461389996042232,0.3090854349886618,10.0,0.0934673246525289
1bxy_A,2,R3,M10_INFORMATION_IMBALANCE,10,951,500,979.1649169921876,0.0453787638922829,0.3316663567174983,10.0,0.1230952184954067
1bxy_A,2,R3,M10_INFORMATION_IMBALANCE,20,951,500,815.6268920898438,0.0414162246432607,0.4432900087718947,1.0,0.2695539748356593
1bxy_A,2,R3,M2_UNIFORM_RANDOM_SEED_1,10,951,500,1025.9752197265625,0.0464507975441206,0.2997157632814885,100.0,0.0
1bxy_A,2,R3,M2_UNIFORM_RANDOM_SEED_2,10,951,500,1113.134765625,0.0483836483233629,0.2402246031650808,100.0,0.0
1bxy_A,2,R3,M2_UNIFORM_RANDOM_SEED_3,10,951,500,1190.484375,0.0500364614690197,0.1874292616010974,100.0,0.0
1bxy_A,2,R3,M2_UNIFORM_RANDOM_SEED_4,10,951,500,963.7389526367188,0.0450198916810694,0.3421954216175213,10.0,0.0
1bxy_A,2,R3,M2_UNIFORM_RANDOM_SEED_5,10,951,500,1095.568115234375,0.048000353031351,0.2522148034389027,1e-06,0.0
1bxy_A,2,R3,M2_UNIFORM_RANDOM_SEED_6,10,951,500,1171.268310546875,0.0496309897453792,0.200545277241199,100.0,0.0
1bxy_A,2,R3,M2_UNIFORM_RANDOM_SEED_7,10,951,500,958.2789916992188,0.0448921828304585,0.345922143768422,100.0,0.0
1bxy_A,2,R3,M2_UNIFORM_RANDOM_SEED_8,10,951,500,1143.3160400390625,0.0490351928392288,0.2196242316260133,10.0,0.0
1bxy_A,2,R3,M2_UNIFORM_RANDOM_SEED_9,10,951,500,906.9563598632812,0.0436734936555642,0.3809526487656024,10.0,0.0
1bxy_A,2,R3,M2_UNIFORM_RANDOM_SEED_10,10,951,500,1389.077880859375,0.0540490465594349,0.051878325287986,100.0,0.0
1bxy_A,2,R3,M2_UNIFORM_RANDOM_SEED_11,10,951,500,934.5303344726562,0.044332420184756,0.362131902034733,100.0,0.0
1bxy_A,2,R3,M2_UNIFORM_RANDOM_SEED_12,10,951,500,1039.021484375,0.0467451979545345,0.2908109736669853,0.01,0.0
1bxy_A,2,R3,M2_UNIFORM_RANDOM_SEED_13,10,951,500,1068.4090576171875,0.0474016566242113,0.2707523466151551,10.0,0.0
1bxy_A,2,R3,M2_UNIFORM_RANDOM_SEED_14,10,951,500,1013.6439819335938,0.0461708066853505,0.3081325079353653,100.0,0.0
1bxy_A,2,R3,M2_UNIFORM_RANDOM_SEED_15,10,951,500,1082.35546875,0.0477100308382498,0.2612331577621269,100.0,0.0
1bxy_A,2,R3,M2_UNIFORM_RANDOM_SEED_16,10,951,500,1211.4613037109375,0.0504753701733277,0.1731113597370031,100.0,0.0
1bxy_A,2,R3,M2_UNIFORM_RANDOM_SEED_17,10,951,500,1250.702880859375,0.0512863526706819,0.1463268357322732,100.0,0.0
1bxy_A,2,R3,M2_UNIFORM_RANDOM_SEED_18,10,951,500,958.8480834960938,0.0449055108807105,0.3455337074719746,1e-06,0.0
1bxy_A,2,R3,M2_UNIFORM_RANDOM_SEED_19,10,951,500,930.2269287109376,0.0442302295318417,0.3650692119825681,10.0,0.0
1bxy_A,2,R3,M2_UNIFORM_RANDOM_SEED_20,10,951,500,1100.160888671875,0.0481008598743919,0.2490799842159219,10.0,0.0
1bxy_A,2,R3,M2_UNIFORM_RANDOM_MEAN_20SEEDS,10,951,500,0.0,0.0,0.264644223347371,0.0,0.0
4xo1_A,0,R1,M1_DEVELOPMENT_CONSTANT_MEAN,0,951,500,31623.38671875,0.2578866905248161,0.0,0.0,0.0
4xo1_A,0,R1,M3_MEAN_WITHIN_RUN_VARIANCE,5,951,500,23129.73046875,0.2205515048361469,0.2685878121005925,10.0,-0.4849049344245737
4xo1_A,0,R1,M3_MEAN_WITHIN_RUN_VARIANCE,10,951,500,18857.4375,0.1991434734767654,0.4036869716797558,10.0,-0.2106281148492035
4xo1_A,0,R1,M3_MEAN_WITHIN_RUN_VARIANCE,20,951,500,16430.30078125,0.1858863484921117,0.480438293109567,1.0,-0.0548084309551646
4xo1_A,0,R1,M3b_POOLED_DEVELOPMENT_VARIANCE,5,951,500,20273.20703125,0.2064837919118407,0.3589172718420542,1.0,-0.3015190643049887
4xo1_A,0,R1,M3b_POOLED_DEVELOPMENT_VARIANCE,10,951,500,19043.052734375,0.2001211658963015,0.3978174158340835,10.0,-0.2225444222095594
4xo1_A,0,R1,M3b_POOLED_DEVELOPMENT_VARIANCE,20,951,500,14389.9951171875,0.1739622686357926,0.5449571785220764,1.0,0.0761770966277922
4xo1_A,0,R1,M4_BUDGET_MATCHED_PCA_QR,5,951,500,37025.125,0.2790442038785098,-0.170814667299604,100.0,-1.376974988293405
4xo1_A,0,R1,M4_BUDGET_MATCHED_PCA_QR,10,951,500,25617.10546875,0.23210781727614,0.1899316257116376,100.0,-0.6445918540907818
4xo1_A,0,R1,M4_BUDGET_MATCHED_PCA_QR,20,951,500,47203.23828125,0.3150725995194258,-0.4926686600983967,1000.0,-2.0303994047551503
4xo1_A,0,R1,M5_DEVELOPMENT_TUNED_PCA_QR,10,951,500,25617.10546875,0.23210781727614,0.1899316257116376,100.0,-0.6445918540907818
4xo1_A,0,R1,M6_POOLED_ERROR_GREEDY,5,951,500,23129.728515625,0.2205514955242211,0.2685878738626365,10.0,-0.4849048090359553
4xo1_A,0,R1,M6_POOLED_ERROR_GREEDY,10,951,500,17652.8203125,0.1926778491391677,0.4417795769472924,10.0,-0.133292928940828
4xo1_A,0,R1,M6_POOLED_ERROR_GREEDY,20,951,500,12938.4765625,0.1649553141064128,0.590857339931002,1e-06,0.1693630966625249
4xo1_A,0,R1,M7_MEAN_TRANSFER,5,951,500,21567.40625,0.2129725833078031,0.3179918886672455,10.0,-0.3846053245900684
4xo1_A,0,R1,M7_MEAN_TRANSFER,10,951,500,17641.248046875,0.1926146840258185,0.4421455170576266,10.0,-0.13255000137614
4xo1_A,0,R1,M7_MEAN_TRANSFER,20,951,500,13009.5810546875,0.1654079560151741,0.5886088618404076,10.0,0.1647982613112603
4xo1_A,0,R1,M8_ROBUST_TRANSFER,5,951,500,20691.521484375,0.2086031933864136,0.3456892625574896,10.0,-0.3283744224521863
4xo1_A,0,R1,M8_ROBUST_TRANSFER,10,951,500,19141.267578125,0.2006365662336805,0.3947116496926041,10.0,-0.2288497142800896
4xo1_A,0,R1,M8_ROBUST_TRANSFER,20,951,500,12377.3681640625,0.1613388265704259,0.6086008031289145,1e-06,0.2053856794034962
4xo1_A,0,R1,M10_INFORMATION_IMBALANCE,5,951,500,21962.224609375,0.2149131074717037,0.3055068767712582,10.0,-0.4099522576565582
4xo1_A,0,R1,M10_INFORMATION_IMBALANCE,10,951,500,17503.494140625,0.1918611821851811,0.4465015940165919,10.0,-0.1237063421124382
4xo1_A,0,R1,M10_INFORMATION_IMBALANCE,20,951,500,14281.1181640625,0.1733029061949334,0.5484001036614146,1.0,0.0831668851667835
4xo1_A,0,R1,M2_UNIFORM_RANDOM_SEED_1,10,951,500,32966.0234375,0.2633043420164408,-0.0424570818644776,100.0,0.0
4xo1_A,0,R1,M2_UNIFORM_RANDOM_SEED_2,10,951,500,40426.8984375,0.2915814901164834,-0.2783861133232217,1000.0,0.0
4xo1_A,0,R1,M2_UNIFORM_RANDOM_SEED_3,10,951,500,80420.9375,0.4112532140893774,-1.5430842754206706,10.0,0.0
4xo1_A,0,R1,M2_UNIFORM_RANDOM_SEED_4,10,951,500,30230.5390625,0.2521434466566666,0.0440448604900423,1e-06,0.0
4xo1_A,0,R1,M2_UNIFORM_RANDOM_SEED_5,10,951,500,21574.98046875,0.2130099767549888,0.3177523754608529,100.0,0.0
4xo1_A,0,R1,M2_UNIFORM_RANDOM_SEED_6,10,951,500,48527.46484375,0.3194615107870474,-0.5345435729367123,100.0,0.0
4xo1_A,0,R1,M2_UNIFORM_RANDOM_SEED_7,10,951,500,41228.01171875,0.2944563570401681,-0.3037190508853775,1000.0,0.0
4xo1_A,0,R1,M2_UNIFORM_RANDOM_SEED_8,10,951,500,37828.8125,0.2820564876939775,-0.1962290072356705,1000.0,0.0
4xo1_A,0,R1,M2_UNIFORM_RANDOM_SEED_9,10,951,500,33240.71484375,0.2643990660493343,-0.0511434192480422,1000.0,0.0
4xo1_A,0,R1,M2_UNIFORM_RANDOM_SEED_10,10,951,500,38432.7109375,0.2842989456716107,-0.2153255841732044,100.0,0.0
4xo1_A,0,R1,M2_UNIFORM_RANDOM_SEED_11,10,951,500,46953.01953125,0.3142364087282888,-0.4847562011253785,1000.0,0.0
4xo1_A,0,R1,M2_UNIFORM_RANDOM_SEED_12,10,951,500,40125.2265625,0.2904915394917701,-0.2688465950646939,100.0,0.0
4xo1_A,0,R1,M2_UNIFORM_RANDOM_SEED_13,10,951,500,84368.96875,0.4212269114573011,-1.6679295769411162,10.0,0.0
4xo1_A,0,R1,M2_UNIFORM_RANDOM_SEED_14,10,951,500,21786.68359375,0.2140524990084349,0.3110578639942971,100.0,0.0
4xo1_A,0,R1,M2_UNIFORM_RANDOM_SEED_15,10,951,500,32173.048828125,0.2601182648932453,-0.0173815067394125,10.0,0.0
4xo1_A,0,R1,M2_UNIFORM_RANDOM_SEED_16,10,951,500,51085.70703125,0.327773956603075,-0.615440733327923,100.0,0.0
4xo1_A,0,R1,M2_UNIFORM_RANDOM_SEED_17,10,951,500,30820.390625,0.2545914465949022,0.0253924761725122,1000.0,0.0
4xo1_A,0,R1,M2_UNIFORM_RANDOM_SEED_18,10,951,500,27556.828125,0.240735064855754,0.1285933929188828,1000.0,0.0
4xo1_A,0,R1,M2_UNIFORM_RANDOM_SEED_19,10,951,500,54912.15234375,0.3398278538152907,-0.736441224089124,10.0,0.0
4xo1_A,0,R1,M2_UNIFORM_RANDOM_SEED_20,10,951,500,47460.19140625,0.3159289921625646,-0.5007940745989141,1e-06,0.0
4xo1_A,0,R1,M2_UNIFORM_RANDOM_MEAN_20SEEDS,10,951,500,0.0,0.0,-0.3314818523968676,0.0,0.0
4xo1_A,1,R2,M1_DEVELOPMENT_CONSTANT_MEAN,0,951,500,34198.5234375,0.2681812538879414,0.0,0.0,0.0
4xo1_A,1,R2,M3_MEAN_WITHIN_RUN_VARIANCE,5,951,500,21825.62890625,0.2142437309437211,0.3617961621606926,100.0,-0.1069980062643281
4xo1_A,1,R2,M3_MEAN_WITHIN_RUN_VARIANCE,10,951,500,21547.09765625,0.2128722886250309,0.3699407023923502,0.01,-0.0928708743609714
4xo1_A,1,R2,M3_MEAN_WITHIN_RUN_VARIANCE,20,951,500,13225.3544921875,0.1667740211065921,0.6132770317888816,1.0,0.3292087427181493
4xo1_A,1,R2,M3b_POOLED_DEVELOPMENT_VARIANCE,5,951,500,22531.3125,0.2176797274033516,0.3411612480527873,10.0,-0.1427903463013657
4xo1_A,1,R2,M3b_POOLED_DEVELOPMENT_VARIANCE,10,951,500,18623.255859375,0.197903075934941,0.4554368438330328,10.0,0.0554266639906532
4xo1_A,1,R2,M3b_POOLED_DEVELOPMENT_VARIANCE,20,951,500,14038.681640625,0.171825613065122,0.5894945094257771,0.01,0.2879567111900618
4xo1_A,1,R2,M4_BUDGET_MATCHED_PCA_QR,5,951,500,20367.12109375,0.2069614994077855,0.4044444307377123,1000.0,-0.0330223491369361
4xo1_A,1,R2,M4_BUDGET_MATCHED_PCA_QR,10,951,500,18237.142578125,0.195840782656939,0.4667271933112975,100.0,0.0750103669103674
4xo1_A,1,R2,M4_BUDGET_MATCHED_PCA_QR,20,951,500,23954.4453125,0.2244490640672689,0.2995473808605132,1000.0,-0.2149717800118835
4xo1_A,1,R2,M5_DEVELOPMENT_TUNED_PCA_QR,10,951,500,18237.142578125,0.195840782656939,0.4667271933112975,100.0,0.0750103669103674
4xo1_A,1,R2,M6_POOLED_ERROR_GREEDY,5,951,500,17956.580078125,0.1943285242786492,0.474931129382185,100.0,0.0892405240099228
4xo1_A,1,R2,M6_POOLED_ERROR_GREEDY,10,951,500,12845.4873046875,0.164361475556415,0.6243847390615138,10.0,0.3484756431595529
4xo1_A,1,R2,M6_POOLED_ERROR_GREEDY,20,951,500,11378.767578125,0.1546936022413188,0.6672731324520361,10.0,0.4228678093613844
4xo1_A,1,R2,M7_MEAN_TRANSFER,5,951,500,17311.22265625,0.1908044988868932,0.4938020441763407,100.0,0.1219731147825504
4xo1_A,1,R2,M7_MEAN_TRANSFER,10,951,500,16261.2431640625,0.1849275480605233,0.5245045244780533,100.0,0.1752281760439077
4xo1_A,1,R2,M7_MEAN_TRANSFER,20,951,500,11720.84765625,0.1570016620448906,0.6572703591232352,1.0,0.405517474757341
4xo1_A,1,R2,M8_ROBUST_TRANSFER,5,951,500,17876.884765625,0.1938968080383359,0.4772615022898238,100.0,0.0932826779576998
4xo1_A,1,R2,M8_ROBUST_TRANSFER,10,951,500,16443.6015625,0.185961573331821,0.5191721773440967,100.0,0.1659789404611447
4xo1_A,1,R2,M8_ROBUST_TRANSFER,20,951,500,15072.0146484375,0.1780370514518502,0.5592787894488318,100.0,0.2355459612240898
4xo1_A,1,R2,M10_INFORMATION_IMBALANCE,5,951,500,21647.083984375,0.2133656191938987,0.3670169993176332,100.0,-0.0979421905811592
4xo1_A,1,R2,M10_INFORMATION_IMBALANCE,10,951,500,14274.3369140625,0.1732617557100217,0.5826037068486372,1.0,0.2760042529593492
4xo1_A,1,R2,M10_INFORMATION_IMBALANCE,20,951,500,13052.8525390625,0.1656828113695173,0.6183211663241126,10.0,0.3379580584426275
4xo1_A,1,R2,M2_UNIFORM_RANDOM_SEED_1,10,951,500,29303.3671875,0.2482467107866764,0.1431394036337917,1000.0,0.0
4xo1_A,1,R2,M2_UNIFORM_RANDOM_SEED_2,10,951,500,28621.439453125,0.2453411944395224,0.1630796719796244,1000.0,0.0
4xo1_A,1,R2,M2_UNIFORM_RANDOM_SEED_3,10,951,500,27817.70703125,0.2418718931253005,0.1865816346694427,1000.0,0.0
4xo1_A,1,R2,M2_UNIFORM_RANDOM_SEED_4,10,951,500,25065.052734375,0.229593215616098,0.2670720775362423,1000.0,0.0
4xo1_A,1,R2,M2_UNIFORM_RANDOM_SEED_5,10,951,500,44098.7265625,0.3045353861101699,-0.2894921221699311,1000.0,0.0
4xo1_A,1,R2,M2_UNIFORM_RANDOM_SEED_6,10,951,500,36097.90625,0.2755280037713957,-0.0555399070363737,1000.0,0.0
4xo1_A,1,R2,M2_UNIFORM_RANDOM_SEED_7,10,951,500,34287.625,0.2685303892046359,-0.0026054213323811,100.0,0.0
4xo1_A,1,R2,M2_UNIFORM_RANDOM_SEED_8,10,951,500,33753.58984375,0.266430980931075,0.0130103159150465,1000.0,0.0
4xo1_A,1,R2,M2_UNIFORM_RANDOM_SEED_9,10,951,500,27513.158203125,0.2405442401038962,0.1954869556457001,1000.0,0.0
4xo1_A,1,R2,M2_UNIFORM_RANDOM_SEED_10,10,951,500,34392.515625,0.2689408115081034,-0.0056725310920084,1000.0,0.0
4xo1_A,1,R2,M2_UNIFORM_RANDOM_SEED_11,10,951,500,24371.9140625,0.2263964217339182,0.287340165225518,1000.0,0.0
4xo1_A,1,R2,M2_UNIFORM_RANDOM_SEED_12,10,951,500,26543.142578125,0.2362658262381635,0.2238512102244911,100.0,0.0
4xo1_A,1,R2,M2_UNIFORM_RANDOM_SEED_13,10,951,500,35407.16796875,0.2728791382999954,-0.0353420092378806,1000.0,0.0
4xo1_A,1,R2,M2_UNIFORM_RANDOM_SEED_14,10,951,500,33404.84375,0.2650510089192781,0.0232080103970132,1000.0,0.0
4xo1_A,1,R2,M2_UNIFORM_RANDOM_SEED_15,10,951,500,28029.619140625,0.2427914214363451,0.1803851066303804,1000.0,0.0
4xo1_A,1,R2,M2_UNIFORM_RANDOM_SEED_16,10,951,500,28270.208984375,0.2438311847464081,0.1733500121418801,1000.0,0.0
4xo1_A,1,R2,M2_UNIFORM_RANDOM_SEED_17,10,951,500,41232.1015625,0.2944709618025181,-0.2056690587198688,1000.0,0.0
4xo1_A,1,R2,M2_UNIFORM_RANDOM_SEED_18,10,951,500,49109.2109375,0.3213706546347341,-0.4360038387987786,1000.0,0.0
4xo1_A,1,R2,M2_UNIFORM_RANDOM_SEED_19,10,951,500,17871.873046875,0.193869627005461,0.4774080501008473,1000.0,0.0
4xo1_A,1,R2,M2_UNIFORM_RANDOM_SEED_20,10,951,500,17324.49609375,0.1908776348620662,0.4934139152115256,10.0,0.0
4xo1_A,1,R2,M2_UNIFORM_RANDOM_MEAN_20SEEDS,10,951,500,0.0,0.0,0.089850082046214,0.0,0.0
4xo1_A,2,R3,M1_DEVELOPMENT_CONSTANT_MEAN,0,951,500,45592.640625,0.3096507330823273,0.0,0.0,0.0
4xo1_A,2,R3,M3_MEAN_WITHIN_RUN_VARIANCE,5,951,500,25857.220703125,0.2331930810411802,0.432864156393113,10.0,-0.1397149545470668
4xo1_A,2,R3,M3_MEAN_WITHIN_RUN_VARIANCE,10,951,500,18828.7421875,0.1989918977446912,0.5870223367326621,10.0,0.1700809884872312
4xo1_A,2,R3,M3_MEAN_WITHIN_RUN_VARIANCE,20,951,500,12124.8671875,0.1596846734235733,0.7340608698840856,10.0,0.4655693040582398
4xo1_A,2,R3,M3b_POOLED_DEVELOPMENT_VARIANCE,5,951,500,25857.216796875,0.2331930634269416,0.4328642420703177,10.0,-0.139714782370343
4xo1_A,2,R3,M3b_POOLED_DEVELOPMENT_VARIANCE,10,951,500,18257.61328125,0.1959506648420731,0.5995491151429662,10.0,0.195254775063163
4xo1_A,2,R3,M3b_POOLED_DEVELOPMENT_VARIANCE,20,951,500,12124.8671875,0.1596846734235733,0.7340608698840856,10.0,0.4655693040582398
4xo1_A,2,R3,M4_BUDGET_MATCHED_PCA_QR,5,951,500,33755.62890625,0.2664390283894351,0.2596254912302527,1000.0,-0.4878549982730675
4xo1_A,2,R3,M4_BUDGET_MATCHED_PCA_QR,10,951,500,20577.517578125,0.208027729983056,0.548665808866494,1000.0,0.0929997937322851
4xo1_A,2,R3,M4_BUDGET_MATCHED_PCA_QR,20,951,500,16646.45703125,0.1871051090491166,0.6348871922517649,100.0,0.2662700977585001
4xo1_A,2,R3,M5_DEVELOPMENT_TUNED_PCA_QR,10,951,500,20577.517578125,0.208027729983056,0.548665808866494,1000.0,0.0929997937322851
4xo1_A,2,R3,M6_POOLED_ERROR_GREEDY,5,951,500,15330.421875,0.1795567733560729,0.6637522708743084,10.0,0.3242772968116658
4xo1_A,2,R3,M6_POOLED_ERROR_GREEDY,10,951,500,12224.111328125,0.1603368649404682,0.7318841119849044,1.0,0.461194896130948
4xo1_A,2,R3,M6_POOLED_ERROR_GREEDY,20,951,500,8471.6025390625,0.1334773344816291,0.8141892546048928,0.01,0.6265951312554816
4xo1_A,2,R3,M7_MEAN_TRANSFER,5,951,500,14157.9638671875,0.1725540429048007,0.6894682195831359,1e-06,0.3759560112576029
4xo1_A,2,R3,M7_MEAN_TRANSFER,10,951,500,10062.8828125,0.1454741897350683,0.7792871245325024,10.0,0.5564558867738317
4xo1_A,2,R3,M7_MEAN_TRANSFER,20,951,500,8607.208984375,0.134541390942374,0.8112149490272039,0.01,0.6206179732526904
4xo1_A,2,R3,M8_ROBUST_TRANSFER,5,951,500,17803.78125,0.1934999531297068,0.609503178452937,10.0,0.2152584389838405
4xo1_A,2,R3,M8_ROBUST_TRANSFER,10,951,500,13960.3759765625,0.1713457341858431,0.6938019867858334,10.0,0.3846651403774045
4xo1_A,2,R3,M8_ROBUST_TRANSFER,20,951,500,9705.974609375,0.1428710757603036,0.7871153222028363,1e-06,0.5721874157410158
4xo1_A,2,R3,M10_INFORMATION_IMBALANCE,5,951,500,13482.6328125,0.1683883699630151,0.7042805016845852,1e-06,0.4057227410672133
4xo1_A,2,R3,M10_INFORMATION_IMBALANCE,10,951,500,11811.6787109375,0.1576088324996016,0.74093014686101,1.0,0.479373788091087
4xo1_A,2,R3,M10_INFORMATION_IMBALANCE,20,951,500,10633.98828125,0.1495453205715144,0.766760860185426,1e-06,0.5312831332582413
4xo1_A,2,R3,M2_UNIFORM_RANDOM_SEED_1,10,951,500,35906.83203125,0.2747978208374543,0.2124423692283122,1000.0,0.0
4xo1_A,2,R3,M2_UNIFORM_RANDOM_SEED_2,10,951,500,34866.72265625,0.2707885538892944,0.2352554671481039,1000.0,0.0
4xo1_A,2,R3,M2_UNIFORM_RANDOM_SEED_3,10,951,500,29604.966796875,0.2495209576377767,0.3506634757048578,1000.0,0.0
4xo1_A,2,R3,M2_UNIFORM_RANDOM_SEED_4,10,951,500,21243.4921875,0.2113672490216744,0.534058745089411,1000.0,0.0
4xo1_A,2,R3,M2_UNIFORM_RANDOM_SEED_5,10,951,500,27462.5,0.2403226887798496,0.3976549806386653,1000.0,0.0
4xo1_A,2,R3,M2_UNIFORM_RANDOM_SEED_6,10,951,500,22396.7734375,0.2170288492915538,0.508763407197365,10.0,0.0
4xo1_A,2,R3,M2_UNIFORM_RANDOM_SEED_7,10,951,500,29651.5859375,0.2497173415227764,0.3496409611063189,1000.0,0.0
4xo1_A,2,R3,M2_UNIFORM_RANDOM_SEED_8,10,951,500,31539.89453125,0.2575460288049636,0.3082240006525175,1000.0,0.0
4xo1_A,2,R3,M2_UNIFORM_RANDOM_SEED_9,10,951,500,46131.47265625,0.3114751465046861,-0.0118183992825047,1000.0,0.0
4xo1_A,2,R3,M2_UNIFORM_RANDOM_SEED_10,10,951,500,50065.76171875,0.3244853944750905,-0.0981105948773941,1000.0,0.0
4xo1_A,2,R3,M2_UNIFORM_RANDOM_SEED_11,10,951,500,34716.49609375,0.270204565157718,0.2385504410833848,1000.0,0.0
4xo1_A,2,R3,M2_UNIFORM_RANDOM_SEED_12,10,951,500,43194.90234375,0.3013984313043856,0.0525904674171304,1000.0,0.0
4xo1_A,2,R3,M2_UNIFORM_RANDOM_SEED_13,10,951,500,18363.314453125,0.1965170675550373,0.5972307328245479,0.0001,0.0
4xo1_A,2,R3,M2_UNIFORM_RANDOM_SEED_14,10,951,500,38977.5546875,0.2863070446973368,0.145091090290408,1000.0,0.0
4xo1_A,2,R3,M2_UNIFORM_RANDOM_SEED_15,10,951,500,31670.884765625,0.2580802896190501,0.3053509441113886,1000.0,0.0
4xo1_A,2,R3,M2_UNIFORM_RANDOM_SEED_16,10,951,500,32689.251953125,0.2621967055753439,0.2830147255125125,1000.0,0.0
4xo1_A,2,R3,M2_UNIFORM_RANDOM_SEED_17,10,951,500,35057.21875,0.271527279692566,0.2310772469103943,100.0,0.0
4xo1_A,2,R3,M2_UNIFORM_RANDOM_SEED_18,10,951,500,14351.462890625,0.173729202300949,0.6852241349943744,1.0,0.0
4xo1_A,2,R3,M2_UNIFORM_RANDOM_SEED_19,10,951,500,28021.966796875,0.2427582770287826,0.3853839915227547,1000.0,0.0
4xo1_A,2,R3,M2_UNIFORM_RANDOM_SEED_20,10,951,500,32236.439453125,0.2603743945711973,0.2929464270720775,1000.0,0.0
4xo1_A,2,R3,M2_UNIFORM_RANDOM_MEAN_20SEEDS,10,951,500,0.0,0.0,0.3001617307172313,0.0,0.0
1i2t_A,0,R1,M1_DEVELOPMENT_CONSTANT_MEAN,0,951,500,1870.7481689453125,0.0627238061247448,0.0,0.0,0.0
1i2t_A,0,R1,M3_MEAN_WITHIN_RUN_VARIANCE,5,951,500,1355.585693359375,0.0533934800179939,0.2753777788682134,10.0,0.2260417548741956
1i2t_A,0,R1,M3_MEAN_WITHIN_RUN_VARIANCE,10,951,500,1249.737060546875,0.0512665466206954,0.3319586883511692,1.0,0.2864749849546268
1i2t_A,0,R1,M3_MEAN_WITHIN_RUN_VARIANCE,20,951,500,999.3609008789062,0.045844360227016,0.4657961357555013,1.0,0.4294247771420447
1i2t_A,0,R1,M3b_POOLED_DEVELOPMENT_VARIANCE,5,951,500,1355.585693359375,0.0533934800179939,0.2753777788682134,10.0,0.2260417548741956
1i2t_A,0,R1,M3b_POOLED_DEVELOPMENT_VARIANCE,10,951,500,1249.737060546875,0.0512665466206954,0.3319586883511692,1.0,0.2864749849546268
1i2t_A,0,R1,M3b_POOLED_DEVELOPMENT_VARIANCE,20,951,500,999.3609008789062,0.045844360227016,0.4657961357555013,1.0,0.4294247771420447
1i2t_A,0,R1,M4_BUDGET_MATCHED_PCA_QR,5,951,500,1085.603759765625,0.0477815692409588,0.4196954043377923,1.0,0.3801852697869742
1i2t_A,0,R1,M4_BUDGET_MATCHED_PCA_QR,10,951,500,1043.2408447265625,0.046840015533257,0.4423403095913657,100.0,0.4043719571669466
1i2t_A,0,R1,M4_BUDGET_MATCHED_PCA_QR,20,951,500,826.4598999023438,0.0416903587717348,0.5582195863549694,100.0,0.5281408936899339
1i2t_A,0,R1,M5_DEVELOPMENT_TUNED_PCA_QR,10,951,500,1031.0181884765625,0.0465648172443318,0.4488738753876058,10.0,0.4113503618730209
1i2t_A,0,R1,M6_POOLED_ERROR_GREEDY,5,951,500,1101.612060546875,0.048132573241292,0.4111382393238209,100.0,0.3710454887751236
1i2t_A,0,R1,M6_POOLED_ERROR_GREEDY,10,951,500,932.8847045898438,0.0442933701411898,0.5013306867937313,10.0,0.4673787039757071
1i2t_A,0,R1,M6_POOLED_ERROR_GREEDY,20,951,500,790.8023681640625,0.0407810797186134,0.5772801591943293,10.0,0.5484992087893554
1i2t_A,0,R1,M7_MEAN_TRANSFER,5,951,500,1100.2366943359375,0.0481025170205661,0.4118734351314495,100.0,0.3718307405111349
1i2t_A,0,R1,M7_MEAN_TRANSFER,10,951,500,932.8847045898438,0.0442933701411898,0.5013306867937313,10.0,0.4673787039757071
1i2t_A,0,R1,M7_MEAN_TRANSFER,20,951,500,804.3605346679688,0.0411291861971609,0.5700327024126128,1.0,0.5407583077117686
1i2t_A,0,R1,M8_ROBUST_TRANSFER,5,951,500,1100.2366943359375,0.0481025170205661,0.4118734351314495,100.0,0.3718307405111349
1i2t_A,0,R1,M8_ROBUST_TRANSFER,10,951,500,926.5231323242188,0.0441420880519982,0.5047312365690715,10.0,0.4710107807459648
1i2t_A,0,R1,M8_ROBUST_TRANSFER,20,951,500,747.5919799804688,0.039651265820105,0.6003780773967322,10.0,0.5731697525798416
1i2t_A,0,R1,M10_INFORMATION_IMBALANCE,5,951,500,1295.3829345703125,0.0521943898458268,0.3075588921727388,1.0,0.2604139246103971
1i2t_A,0,R1,M10_INFORMATION_IMBALANCE,10,951,500,1097.765380859375,0.0480484635481325,0.4131944646091667,10.0,0.3732417124997342
1i2t_A,0,R1,M10_INFORMATION_IMBALANCE,20,951,500,824.46533203125,0.0416400208898627,0.5592857736185487,1.0,0.5292796724900188
1i2t_A,0,R1,M2_UNIFORM_RANDOM_SEED_1,10,951,500,1425.65771484375,0.0547560830656218,0.2379210956825337,10.0,0.0
1i2t_A,0,R1,M2_UNIFORM_RANDOM_SEED_2,10,951,500,1346.605712890625,0.0532163355155217,0.2801779869442222,10.0,0.0
1i2t_A,0,R1,M2_UNIFORM_RANDOM_SEED_3,10,951,500,1200.0623779296875,0.0502373415883309,0.3585120660007077,1.0,0.0
1i2t_A,0,R1,M2_UNIFORM_RANDOM_SEED_4,10,951,500,1387.0068359375,0.0540087393313228,0.2585817487559191,100.0,0.0
1i2t_A,0,R1,M2_UNIFORM_RANDOM_SEED_5,10,951,500,1321.0762939453125,0.0527094748214425,0.2938246227496741,100.0,0.0
1i2t_A,0,R1,M2_UNIFORM_RANDOM_SEED_6,10,951,500,1118.6390380859375,0.0485031254878951,0.4020365452413608,10.0,0.0
1i2t_A,0,R1,M2_UNIFORM_RANDOM_SEED_7,10,951,500,1390.3148193359375,0.0540731058543129,0.2568134811433401,100.0,0.0
1i2t_A,0,R1,M2_UNIFORM_RANDOM_SEED_8,10,951,500,1195.3831787109375,0.0501393049677776,0.3610133108483175,10.0,0.0
1i2t_A,0,R1,M2_UNIFORM_RANDOM_SEED_9,10,951,500,1174.21533203125,0.0496933886441071,0.3723284878620262,10.0,0.0
1i2t_A,0,R1,M2_UNIFORM_RANDOM_SEED_10,10,951,500,1289.78662109375,0.0520815227077495,0.3105503763123265,10.0,0.0
1i2t_A,0,R1,M2_UNIFORM_RANDOM_SEED_11,10,951,500,1096.340576171875,0.0480172720451943,0.4139560875315633,10.0,0.0
1i2t_A,0,R1,M2_UNIFORM_RANDOM_SEED_12,10,951,500,1387.7969970703125,0.054024121205922,0.2581593716845798,10.0,0.0
1i2t_A,0,R1,M2_UNIFORM_RANDOM_SEED_13,10,951,500,1536.3076171875,0.0568412776582316,0.1787736892167388,100.0,0.0
1i2t_A,0,R1,M2_UNIFORM_RANDOM_SEED_14,10,951,500,1251.4375,0.0513014123647721,0.331049726107425,100.0,0.0
1i2t_A,0,R1,M2_UNIFORM_RANDOM_SEED_15,10,951,500,1283.3984375,0.0519523853325863,0.3139651510531466,100.0,0.0
1i2t_A,0,R1,M2_UNIFORM_RANDOM_SEED_16,10,951,500,1110.71875,0.0483311123895983,0.406270299531444,100.0,0.0
1i2t_A,0,R1,M2_UNIFORM_RANDOM_SEED_17,10,951,500,1264.0560302734375,0.0515594055766178,0.3243045476366362,10.0,0.0
1i2t_A,0,R1,M2_UNIFORM_RANDOM_SEED_18,10,951,500,1284.0794677734375,0.0519661676677068,0.3136011093907023,100.0,0.0
1i2t_A,0,R1,M2_UNIFORM_RANDOM_SEED_19,10,951,500,1217.193359375,0.050594641914769,0.3493547770990323,100.0,0.0
1i2t_A,0,R1,M2_UNIFORM_RANDOM_SEED_20,10,951,500,1523.1058349609375,0.0565965267957647,0.1858306423896533,10.0,0.0
1i2t_A,0,R1,M2_UNIFORM_RANDOM_MEAN_20SEEDS,10,951,500,0.0,0.0,0.3103512561590675,0.0,0.0
1i2t_A,1,R2,M1_DEVELOPMENT_CONSTANT_MEAN,0,951,500,1524.555419921875,0.0566234526866515,0.0,0.0,0.0
1i2t_A,1,R2,M3_MEAN_WITHIN_RUN_VARIANCE,5,951,500,1206.282470703125,0.0503673669390459,0.2087644339194043,1e-06,0.1712375439683231
1i2t_A,1,R2,M3_MEAN_WITHIN_RUN_VARIANCE,10,951,500,1140.5718994140625,0.0489763113497331,0.2518658984056411,1e-06,0.2163832339467449
1i2t_A,1,R2,M3_MEAN_WITHIN_RUN_VARIANCE,20,951,500,979.5275268554688,0.0453871655741446,0.3574995608190721,0.01,0.3270269123332378
1i2t_A,1,R2,M3b_POOLED_DEVELOPMENT_VARIANCE,5,951,500,1210.0244140625,0.0504454273863382,0.2063099850286144,10.0,0.1686666849496726
1i2t_A,1,R2,M3b_POOLED_DEVELOPMENT_VARIANCE,10,951,500,1140.5718994140625,0.0489763113497331,0.2518658984056411,1e-06,0.2163832339467449
1i2t_A,1,R2,M3b_POOLED_DEVELOPMENT_VARIANCE,20,951,500,976.6468505859376,0.0453203772523154,0.3593890797121791,0.01,0.3290060477332385
1i2t_A,1,R2,M4_BUDGET_MATCHED_PCA_QR,5,951,500,1011.398681640625,0.0461196423716991,0.3365943484740925,10.0,0.3051302030981979
1i2t_A,1,R2,M4_BUDGET_MATCHED_PCA_QR,10,951,500,988.9071044921876,0.0456039528350246,0.3513472245286672,10.0,0.3205827817191075
1i2t_A,1,R2,M4_BUDGET_MATCHED_PCA_QR,20,951,500,710.8811645507812,0.0386654654954328,0.5337124808573965,10.0,0.5115972964969342
1i2t_A,1,R2,M5_DEVELOPMENT_TUNED_PCA_QR,10,951,500,990.8038330078124,0.0456476661833547,0.3501031054295254,10.0,0.3192796562727777
1i2t_A,1,R2,M6_POOLED_ERROR_GREEDY,5,951,500,1047.9779052734375,0.0469462386949075,0.3126009775839171,10.0,0.2799988694728397
1i2t_A,1,R2,M6_POOLED_ERROR_GREEDY,10,951,500,990.3377685546876,0.0456369288121843,0.3504088105859498,10.0,0.3195998604788588
1i2t_A,1,R2,M6_POOLED_ERROR_GREEDY,20,951,500,818.1534423828125,0.0414803221278893,0.4633494908143527,10.0,0.437897115486788
1i2t_A,1,R2,M7_MEAN_TRANSFER,5,951,500,1054.3931884765625,0.047089712095418,0.3083930077592101,10.0,0.2755913231537246
1i2t_A,1,R2,M7_MEAN_TRANSFER,10,951,500,960.9181518554688,0.0449539582631339,0.3697059881859129,1.0,0.3398122687524725
1i2t_A,1,R2,M7_MEAN_TRANSFER,20,951,500,837.2114868164062,0.0419606617340281,0.4508487681875751,1.0,0.4248035059089753
1i2t_A,1,R2,M8_ROBUST_TRANSFER,5,951,500,1054.3931884765625,0.047089712095418,0.3083930077592101,10.0,0.2755913231537246
1i2t_A,1,R2,M8_ROBUST_TRANSFER,10,951,500,967.2241821289062,0.0451012223431153,0.3655696805180941,10.0,0.3354797833983763
1i2t_A,1,R2,M8_ROBUST_TRANSFER,20,951,500,835.8206787109375,0.0419257939099032,0.4517610394551818,10.0,0.425759044573717
1i2t_A,1,R2,M10_INFORMATION_IMBALANCE,5,951,500,1071.61328125,0.0474726836336171,0.2970978507918628,1.0,0.2637604570617313
1i2t_A,1,R2,M10_INFORMATION_IMBALANCE,10,951,500,998.0701904296876,0.0458147458441127,0.34533689140613,1.0,0.3142873892295147
1i2t_A,1,R2,M10_INFORMATION_IMBALANCE,20,951,500,885.4740600585938,0.043153165699661,0.4191919503300383,1.0,0.3916452617115862
1i2t_A,1,R2,M2_UNIFORM_RANDOM_SEED_1,10,951,500,1155.0469970703125,0.0492861128430764,0.2423712631387961,10.0,0.0
1i2t_A,1,R2,M2_UNIFORM_RANDOM_SEED_2,10,951,500,1259.0240478515625,0.0514566788249303,0.1741697078377901,1e-06,0.0
1i2t_A,1,R2,M2_UNIFORM_RANDOM_SEED_3,10,951,500,1078.758544921875,0.0476306889936546,0.2924110656619125,0.0001,0.0
1i2t_A,1,R2,M2_UNIFORM_RANDOM_SEED_4,10,951,500,1118.1932373046875,0.0484934597757194,0.2665447102198562,10.0,0.0
1i2t_A,1,R2,M2_UNIFORM_RANDOM_SEED_5,10,951,500,1093.12109375,0.0479467171349282,0.2829902544270799,10.0,0.0
1i2t_A,1,R2,M2_UNIFORM_RANDOM_SEED_6,10,951,500,1130.880126953125,0.0487677844171452,0.2582230123119589,10.0,0.0
1i2t_A,1,R2,M2_UNIFORM_RANDOM_SEED_7,10,951,500,1066.2242431640625,0.04735316544802,0.3006326767585132,1.0,0.0
1i2t_A,1,R2,M2_UNIFORM_RANDOM_SEED_8,10,951,500,1176.302490234375,0.0497375338329744,0.2284291703251733,10.0,0.0
1i2t_A,1,R2,M2_UNIFORM_RANDOM_SEED_9,10,951,500,1105.3731689453125,0.0482146700047867,0.2749537638966534,1e-06,0.0
1i2t_A,1,R2,M2_UNIFORM_RANDOM_SEED_10,10,951,500,1037.8466796875,0.0467187634627674,0.3192463415067693,1e-06,0.0
1i2t_A,1,R2,M2_UNIFORM_RANDOM_SEED_11,10,951,500,1171.18896484375,0.0496293086307967,0.2317832795453465,1e-06,0.0
1i2t_A,1,R2,M2_UNIFORM_RANDOM_SEED_12,10,951,500,1115.0726318359375,0.0484257457711601,0.2685916056150462,10.0,0.0
1i2t_A,1,R2,M2_UNIFORM_RANDOM_SEED_13,10,951,500,1227.8331298828125,0.0508152905501559,0.1946287331780093,100.0,0.0
1i2t_A,1,R2,M2_UNIFORM_RANDOM_SEED_14,10,951,500,1011.9075317382812,0.0461312426604466,0.3362605789757804,1e-06,0.0
1i2t_A,1,R2,M2_UNIFORM_RANDOM_SEED_15,10,951,500,1223.65380859375,0.0507287338150368,0.1973700709046999,1e-06,0.0
1i2t_A,1,R2,M2_UNIFORM_RANDOM_SEED_16,10,951,500,860.9205932617188,0.0425506586994309,0.4352972794483023,1.0,0.0
1i2t_A,1,R2,M2_UNIFORM_RANDOM_SEED_17,10,951,500,1187.3651123046875,0.0499708666398063,0.2211728765061663,10.0,0.0
1i2t_A,1,R2,M2_UNIFORM_RANDOM_SEED_18,10,951,500,1040.8990478515625,0.0467874143396719,0.3172442049335912,0.0001,0.0
1i2t_A,1,R2,M2_UNIFORM_RANDOM_SEED_19,10,951,500,989.0877075195312,0.045608116945028,0.3512287617788164,10.0,0.0
1i2t_A,1,R2,M2_UNIFORM_RANDOM_SEED_20,10,951,500,1056.68115234375,0.0471407751985161,0.3068922660759036,10.0,0.0
1i2t_A,1,R2,M2_UNIFORM_RANDOM_MEAN_20SEEDS,10,951,500,0.0,0.0,0.2750220811523083,0.0,0.0
1i2t_A,2,R3,M1_DEVELOPMENT_CONSTANT_MEAN,0,951,500,1508.9737548828125,0.056333350535083,0.0,0.0,0.0
1i2t_A,2,R3,M3_MEAN_WITHIN_RUN_VARIANCE,5,951,500,1209.9307861328125,0.0504434756933634,0.198176388278684,0.01,0.1627085667472301
1i2t_A,2,R3,M3_MEAN_WITHIN_RUN_VARIANCE,10,951,500,1141.3692626953125,0.0489934278022418,0.2436122503774416,0.01,0.2101542362705745
1i2t_A,2,R3,M3_MEAN_WITHIN_RUN_VARIANCE,20,951,500,1012.6661376953124,0.0461485312357416,0.3289040750917787,0.01,0.2992188548673044
1i2t_A,2,R3,M3b_POOLED_DEVELOPMENT_VARIANCE,5,951,500,1209.9307861328125,0.0504434756933634,0.198176388278684,0.01,0.1627085667472301
1i2t_A,2,R3,M3b_POOLED_DEVELOPMENT_VARIANCE,10,951,500,1141.369384765625,0.048993430422184,0.2436121694811953,0.01,0.2101541517959682
1i2t_A,2,R3,M3b_POOLED_DEVELOPMENT_VARIANCE,20,951,500,1012.6661376953124,0.0461485312357416,0.3289040750917787,0.01,0.2992188548673044
1i2t_A,2,R3,M4_BUDGET_MATCHED_PCA_QR,5,951,500,987.594970703125,0.0455736879347384,0.3455187888408159,10.0,0.3165685029503179
1i2t_A,2,R3,M4_BUDGET_MATCHED_PCA_QR,10,951,500,938.7047119140624,0.0444313223019719,0.3779184635408303,10.0,0.3504013430786618
1i2t_A,2,R3,M4_BUDGET_MATCHED_PCA_QR,20,951,500,687.3524780273438,0.0380202081976538,0.5444901040835374,10.0,0.5243411044057984
1i2t_A,2,R3,M5_DEVELOPMENT_TUNED_PCA_QR,10,951,500,938.7047119140624,0.0444313223019719,0.3779184635408303,10.0,0.3504013430786618
1i2t_A,2,R3,M6_POOLED_ERROR_GREEDY,5,951,500,1119.7454833984375,0.0485271067679607,0.2579423732353798,10.0,0.2251182369946908
1i2t_A,2,R3,M6_POOLED_ERROR_GREEDY,10,951,500,1034.639892578125,0.0466465307146656,0.3143420226957655,10.0,0.2840126654466843
1i2t_A,2,R3,M6_POOLED_ERROR_GREEDY,20,951,500,879.2682495117188,0.0430016811720293,0.4173071289897927,1.0,0.3915323245882687
1i2t_A,2,R3,M7_MEAN_TRANSFER,5,951,500,1126.9324951171875,0.0486825916741051,0.2531795258395958,10.0,0.2201447100692125
1i2t_A,2,R3,M7_MEAN_TRANSFER,10,951,500,1010.8700561523438,0.0461075881712112,0.3300943420113703,10.0,0.3004617719883388
1i2t_A,2,R3,M7_MEAN_TRANSFER,20,951,500,882.2168579101562,0.0430737234611532,0.4153530801609802,1.0,0.3894918404710574
1i2t_A,2,R3,M8_ROBUST_TRANSFER,5,951,500,1104.8270263671875,0.0482027575854059,0.2678288652853416,10.0,0.2354420475901211
1i2t_A,2,R3,M8_ROBUST_TRANSFER,10,951,500,1043.5838623046875,0.0468477153986728,0.3084148356273216,10.0,0.2778232955115178
1i2t_A,2,R3,M8_ROBUST_TRANSFER,20,951,500,885.4532470703125,0.0431526585410382,0.4132083184315707,1.0,0.3872522074692953
1i2t_A,2,R3,M10_INFORMATION_IMBALANCE,5,951,500,1163.6689453125,0.0494697210669799,0.2288342050038696,1e-06,0.1947224996509087
1i2t_A,2,R3,M10_INFORMATION_IMBALANCE,10,951,500,1102.661865234375,0.0481555022605853,0.2692637220055506,1.0,0.2369403736835582
1i2t_A,2,R3,M10_INFORMATION_IMBALANCE,20,951,500,943.0147094726562,0.0445332071534789,0.3750622193254175,1.0,0.3474187559137504
1i2t_A,2,R3,M2_UNIFORM_RANDOM_SEED_1,10,951,500,1152.2381591796875,0.0492261494967771,0.2364094104014613,10.0,0.0
1i2t_A,2,R3,M2_UNIFORM_RANDOM_SEED_2,10,951,500,1123.3724365234375,0.0486056349916445,0.255538783966008,10.0,0.0
1i2t_A,2,R3,M2_UNIFORM_RANDOM_SEED_3,10,951,500,1205.050048828125,0.0503416309654449,0.2014108628935632,10.0,0.0
1i2t_A,2,R3,M2_UNIFORM_RANDOM_SEED_4,10,951,500,1081.62646484375,0.0476939609525495,0.2832039249564353,10.0,0.0
1i2t_A,2,R3,M2_UNIFORM_RANDOM_SEED_5,10,951,500,1120.8812255859375,0.0485517107136261,0.2571897145600219,10.0,0.0
1i2t_A,2,R3,M2_UNIFORM_RANDOM_SEED_6,10,951,500,1217.88134765625,0.0506089385765073,0.1929075348624396,100.0,0.0
1i2t_A,2,R3,M2_UNIFORM_RANDOM_SEED_7,10,951,500,1106.661865234375,0.0482427672885365,0.2666129138075573,10.0,0.0
1i2t_A,2,R3,M2_UNIFORM_RANDOM_SEED_8,10,951,500,1257.6649169921875,0.0514288972886281,0.1665428819271557,10.0,0.0
1i2t_A,2,R3,M2_UNIFORM_RANDOM_SEED_9,10,951,500,1211.2991943359375,0.050471992927832,0.1972695413579227,100.0,0.0
1i2t_A,2,R3,M2_UNIFORM_RANDOM_SEED_10,10,951,500,1132.7900390625,0.0488089483241976,0.2492977194620108,1.0,0.0
1i2t_A,2,R3,M2_UNIFORM_RANDOM_SEED_11,10,951,500,1117.9287109375,0.0484877234874539,0.2591463520687151,10.0,0.0
1i2t_A,2,R3,M2_UNIFORM_RANDOM_SEED_12,10,951,500,1070.840576171875,0.047455565052055,0.2903517554849475,10.0,0.0
1i2t_A,2,R3,M2_UNIFORM_RANDOM_SEED_13,10,951,500,1047.9586181640625,0.0469458066908538,0.3055156759532591,10.0,0.0
1i2t_A,2,R3,M2_UNIFORM_RANDOM_SEED_14,10,951,500,1297.3876953125,0.0522347627763119,0.1402185153225176,1e-06,0.0
1i2t_A,2,R3,M2_UNIFORM_RANDOM_SEED_15,10,951,500,1194.6754150390625,0.0501244595050261,0.2082861539683693,10.0,0.0
1i2t_A,2,R3,M2_UNIFORM_RANDOM_SEED_16,10,951,500,1258.89697265625,0.0514540819593161,0.1657263961134855,1e-06,0.0
1i2t_A,2,R3,M2_UNIFORM_RANDOM_SEED_17,10,951,500,1240.0362548828125,0.051067186418193,0.1782254324369516,10.0,0.0
1i2t_A,2,R3,M2_UNIFORM_RANDOM_SEED_18,10,951,500,1003.6520385742188,0.0459426799313318,0.3348777370537086,1e-06,0.0
1i2t_A,2,R3,M2_UNIFORM_RANDOM_SEED_19,10,951,500,1221.2108154296875,0.0506780692125899,0.190701089745244,10.0,0.0
1i2t_A,2,R3,M2_UNIFORM_RANDOM_SEED_20,10,951,500,1268.548095703125,0.0516509374456857,0.159330577090361,1e-06,0.0
1i2t_A,2,R3,M2_UNIFORM_RANDOM_MEAN_20SEEDS,10,951,500,0.0,0.0,0.2269381486716068,0.0,0.0
1l2p_A,0,R1,M1_DEVELOPMENT_CONSTANT_MEAN,0,951,500,12385.3916015625,0.1613911107983215,0.0,0.0,0.0
1l2p_A,0,R1,M3_MEAN_WITHIN_RUN_VARIANCE,5,951,500,6818.3310546875,0.1197467627172299,0.4494860337054404,100.0,-0.2619458573816322
1l2p_A,0,R1,M3_MEAN_WITHIN_RUN_VARIANCE,10,951,500,6697.89453125,0.1186844691621209,0.4592101124679,100.0,-0.2396553040760822
1l2p_A,0,R1,M3_MEAN_WITHIN_RUN_VARIANCE,20,951,500,6259.10302734375,0.1147310027925078,0.4946382618572899,100.0,-0.158443183959376
1l2p_A,0,R1,M3b_POOLED_DEVELOPMENT_VARIANCE,5,951,500,6818.3310546875,0.1197467627172299,0.4494860337054404,100.0,-0.2619458573816322
1l2p_A,0,R1,M3b_POOLED_DEVELOPMENT_VARIANCE,10,951,500,7130.419921875,0.1224566269864649,0.4242878908265242,10.0,-0.3197076835416326
1l2p_A,0,R1,M3b_POOLED_DEVELOPMENT_VARIANCE,20,951,500,6423.41650390625,0.1162272014789583,0.4813715455637355,1.0,-0.1888545426037275
1l2p_A,0,R1,M4_BUDGET_MATCHED_PCA_QR,5,951,500,9091.888671875,0.1382775875302886,0.2659183524945632,100.0,-0.682738950811109
1l2p_A,0,R1,M4_BUDGET_MATCHED_PCA_QR,10,951,500,10969.734375,0.1518877662391643,0.1143005624774839,100.0,-1.0302931523970429
1l2p_A,0,R1,M4_BUDGET_MATCHED_PCA_QR,20,951,500,8607.181640625,0.1345411772337789,0.3050537344706043,100.0,-0.5930287233047502
1l2p_A,0,R1,M5_DEVELOPMENT_TUNED_PCA_QR,10,951,500,10969.734375,0.1518877662391643,0.1143005624774839,100.0,-1.0302931523970429
1l2p_A,0,R1,M6_POOLED_ERROR_GREEDY,5,951,500,6344.54833984375,0.1155114657374377,0.4877393833035248,1000.0,-0.1742575170090927
1l2p_A,0,R1,M6_POOLED_ERROR_GREEDY,10,951,500,6360.4755859375,0.1156563638651041,0.4864534129760512,100.0,-0.1772053530801629
1l2p_A,0,R1,M6_POOLED_ERROR_GREEDY,20,951,500,5979.86083984375,0.1121425114791402,0.5171843545835604,10.0,-0.1067606653348882
1l2p_A,0,R1,M7_MEAN_TRANSFER,5,951,500,6709.705078125,0.118789062560782,0.4582565255927373,10.0,-0.2418412159338046
1l2p_A,0,R1,M7_MEAN_TRANSFER,10,951,500,6650.0693359375,0.1182599867704695,0.4630715321832416,1000.0,-0.2308037527772368
1l2p_A,0,R1,M7_MEAN_TRANSFER,20,951,500,6455.6640625,0.116518584668202,0.4787678686166391,0.01,-0.194822964003577
1l2p_A,0,R1,M8_ROBUST_TRANSFER,5,951,500,6709.705078125,0.118789062560782,0.4582565255927373,10.0,-0.2418412159338046
1l2p_A,0,R1,M8_ROBUST_TRANSFER,10,951,500,7086.5498046875,0.1220793367786818,0.4278299764221033,10.0,-0.3115881434073131
1l2p_A,0,R1,M8_ROBUST_TRANSFER,20,951,500,6423.5302734375,0.1162282307642049,0.4813623597797967,1e-06,-0.1888755992211763
1l2p_A,0,R1,M10_INFORMATION_IMBALANCE,5,951,500,6402.02490234375,0.1160335070931494,0.4830987094880317,100.0,-0.1848953562928785
1l2p_A,0,R1,M10_INFORMATION_IMBALANCE,10,951,500,6622.0400390625,0.118010497305829,0.4653346254932233,100.0,-0.2256160529144664
1l2p_A,0,R1,M10_INFORMATION_IMBALANCE,20,951,500,6710.54345703125,0.1187964836867797,0.4581888346441407,1.0,-0.2419963842263341
1l2p_A,0,R1,M2_UNIFORM_RANDOM_SEED_1,10,951,500,12552.2314453125,0.1624744997888118,-0.0134706958905483,1e-06,0.0
1l2p_A,0,R1,M2_UNIFORM_RANDOM_SEED_2,10,951,500,10039.9365234375,0.1453082334182495,0.1893727024205762,100.0,0.0
1l2p_A,0,R1,M2_UNIFORM_RANDOM_SEED_3,10,951,500,10849.98046875,0.1510564303491985,0.1239695265363105,1.0,0.0
1l2p_A,0,R1,M2_UNIFORM_RANDOM_SEED_4,10,951,500,11864.759765625,0.1579625783635137,0.0420359608065858,100.0,0.0
1l2p_A,0,R1,M2_UNIFORM_RANDOM_SEED_5,10,951,500,9216.97265625,0.1392255329104384,0.2558190364293998,100.0,0.0
1l2p_A,0,R1,M2_UNIFORM_RANDOM_SEED_6,10,951,500,8168.7685546875,0.1310699202129209,0.3404513302868069,100.0,0.0
1l2p_A,0,R1,M2_UNIFORM_RANDOM_SEED_7,10,951,500,12463.9873046875,0.1619023819859306,-0.0063458391670945,1e-06,0.0
1l2p_A,0,R1,M2_UNIFORM_RANDOM_SEED_8,10,951,500,12854.0849609375,0.1644164710212642,-0.0378424336066911,1e-06,0.0
1l2p_A,0,R1,M2_UNIFORM_RANDOM_SEED_9,10,951,500,4891.04052734375,0.1014204119117684,0.6050960127311023,10.0,0.0
1l2p_A,0,R1,M2_UNIFORM_RANDOM_SEED_10,10,951,500,9493.8271484375,0.1413010534068124,0.2334657268939489,1000.0,0.0
1l2p_A,0,R1,M2_UNIFORM_RANDOM_SEED_11,10,951,500,6194.79638671875,0.1141401023234124,0.4998303981008372,10.0,0.0
1l2p_A,0,R1,M2_UNIFORM_RANDOM_SEED_12,10,951,500,10960.357421875,0.1518228353617352,0.1150576603090791,100.0,0.0
1l2p_A,0,R1,M2_UNIFORM_RANDOM_SEED_13,10,951,500,16414.6875,0.1857980060539611,-0.3253264836558884,10.0,0.0
1l2p_A,0,R1,M2_UNIFORM_RANDOM_SEED_14,10,951,500,8449.38671875,0.1333022049789904,0.3177941408260314,100.0,0.0
1l2p_A,0,R1,M2_UNIFORM_RANDOM_SEED_15,10,951,500,5375.6083984375,0.106325773608341,0.5659718665852009,10.0,0.0
1l2p_A,0,R1,M2_UNIFORM_RANDOM_SEED_16,10,951,500,11858.951171875,0.1579239070043627,0.0425049482990175,1000.0,0.0
1l2p_A,0,R1,M2_UNIFORM_RANDOM_SEED_17,10,951,500,6771.15869140625,0.1193318120617446,0.4532947435790384,100.0,0.0
1l2p_A,0,R1,M2_UNIFORM_RANDOM_SEED_18,10,951,500,8333.501953125,0.132384917807633,0.3271507093830063,1e-06,0.0
1l2p_A,0,R1,M2_UNIFORM_RANDOM_SEED_19,10,951,500,11581.1796875,0.1560634269902905,0.0649322960414948,0.01,0.0
1l2p_A,0,R1,M2_UNIFORM_RANDOM_SEED_20,10,951,500,14414.0771484375,0.1741077729764079,-0.163796641409309,0.0001,0.0
1l2p_A,0,R1,M2_UNIFORM_RANDOM_MEAN_20SEEDS,10,951,500,0.0,0.0,0.1814982482749452,0.0,0.0
1l2p_A,1,R2,M1_DEVELOPMENT_CONSTANT_MEAN,0,951,500,13488.2685546875,0.1684235594658577,0.0,0.0,0.0
1l2p_A,1,R2,M3_MEAN_WITHIN_RUN_VARIANCE,5,951,500,7131.49462890625,0.1224658550572474,0.4712816845251881,1000.0,0.2208992808096378
1l2p_A,1,R2,M3_MEAN_WITHIN_RUN_VARIANCE,10,951,500,6655.97021484375,0.1183124436013503,0.5065363513591491,1000.0,0.2728493182515772
1l2p_A,1,R2,M3_MEAN_WITHIN_RUN_VARIANCE,20,951,500,6468.32470703125,0.1166327849887855,0.5204481078645672,1000.0,0.293349193480675
1l2p_A,1,R2,M3b_POOLED_DEVELOPMENT_VARIANCE,5,951,500,6851.0478515625,0.120033712856027,0.4920735879638461,1000.0,0.2515374986437365
1l2p_A,1,R2,M3b_POOLED_DEVELOPMENT_VARIANCE,10,951,500,6705.08740234375,0.118748179706841,0.5028948767472776,1000.0,0.2674833693029868
1l2p_A,1,R2,M3b_POOLED_DEVELOPMENT_VARIANCE,20,951,500,5595.681640625,0.1084803901086172,0.5851445559570828,10.0,0.3886836045700184
1l2p_A,1,R2,M4_BUDGET_MATCHED_PCA_QR,5,951,500,6915.193359375,0.1205943340091499,0.4873179362245272,100.0,0.2445297374562035
1l2p_A,1,R2,M4_BUDGET_MATCHED_PCA_QR,10,951,500,9531.6015625,0.1415818814450585,0.2933413563160753,1000.0,-0.0413073302024851
1l2p_A,1,R2,M4_BUDGET_MATCHED_PCA_QR,20,951,500,9266.9130859375,0.1396022070239844,0.3129649629702083,10.0,-0.0123906734310739
1l2p_A,1,R2,M5_DEVELOPMENT_TUNED_PCA_QR,10,951,500,6556.896484375,0.117428605370917,0.5138815291384216,100.0,0.2836729139601409
1l2p_A,1,R2,M6_POOLED_ERROR_GREEDY,5,951,500,6771.5556640625,0.1193353100429821,0.4979670195171773,100.0,0.2602218521592301
1l2p_A,1,R2,M6_POOLED_ERROR_GREEDY,10,951,500,7021.814453125,0.1215204625758898,0.479413208251644,10.0,0.2328816082569211
1l2p_A,1,R2,M6_POOLED_ERROR_GREEDY,20,951,500,4802.9443359375,0.100502882087855,0.6439169107239965,10.0,0.4752884800343618
1l2p_A,1,R2,M7_MEAN_TRANSFER,5,951,500,6032.27880859375,0.112632945711783,0.5527758967627178,100.0,0.3409862865096249
1l2p_A,1,R2,M7_MEAN_TRANSFER,10,951,500,7157.61181640625,0.1226898993029582,0.4693453954163148,100.0,0.2180460332615007
1l2p_A,1,R2,M7_MEAN_TRANSFER,20,951,500,7262.14013671875,0.1235825214767463,0.4615958225272004,10.0,0.2066265351381853
1l2p_A,1,R2,M8_ROBUST_TRANSFER,5,951,500,6032.27880859375,0.112632945711783,0.5527758967627178,100.0,0.3409862865096249
1l2p_A,1,R2,M8_ROBUST_TRANSFER,10,951,500,7602.162109375,0.1264425665173614,0.4363871034631006,100.0,0.1694798530999994
1l2p_A,1,R2,M8_ROBUST_TRANSFER,20,951,500,7198.30615234375,0.1230381794022826,0.4663283783861076,100.0,0.2136002630484278
1l2p_A,1,R2,M10_INFORMATION_IMBALANCE,5,951,500,6917.7783203125,0.1206168715218357,0.4871262910977254,1000.0,0.2442473359358655
1l2p_A,1,R2,M10_INFORMATION_IMBALANCE,10,951,500,6810.8203125,0.1196807909367368,0.4950559973738753,1000.0,0.2559322722845686
1l2p_A,1,R2,M10_INFORMATION_IMBALANCE,20,951,500,6013.0625,0.1124534019629415,0.5542005650599005,10.0,0.3430856276189754
1l2p_A,1,R2,M2_UNIFORM_RANDOM_SEED_1,10,951,500,12217.537109375,0.1602937439577661,0.0942101234239505,0.0001,0.0
1l2p_A,1,R2,M2_UNIFORM_RANDOM_SEED_2,10,951,500,7653.62353515625,0.1268698094474193,0.4325718305411089,1e-06,0.0
1l2p_A,1,R2,M2_UNIFORM_RANDOM_SEED_3,10,951,500,6311.35595703125,0.1152089123954126,0.5320855355569043,100.0,0.0
1l2p_A,1,R2,M2_UNIFORM_RANDOM_SEED_4,10,951,500,7268.56689453125,0.1236371926398007,0.4611193523422806,100.0,0.0
1l2p_A,1,R2,M2_UNIFORM_RANDOM_SEED_5,10,951,500,10534.310546875,0.1488427885495536,0.2190020161472784,100.0,0.0
1l2p_A,1,R2,M2_UNIFORM_RANDOM_SEED_6,10,951,500,11552.0791015625,0.1558672296331973,0.1435461820229051,1000.0,0.0
1l2p_A,1,R2,M2_UNIFORM_RANDOM_SEED_7,10,951,500,14678.0380859375,0.1756947338646067,-0.0882077285476738,1e-06,0.0
1l2p_A,1,R2,M2_UNIFORM_RANDOM_SEED_8,10,951,500,13218.2119140625,0.1667289804481125,0.0200215942861805,1e-06,0.0
1l2p_A,1,R2,M2_UNIFORM_RANDOM_SEED_9,10,951,500,6057.046875,0.112863939889784,0.5509396294682293,10.0,0.0
1l2p_A,1,R2,M2_UNIFORM_RANDOM_SEED_10,10,951,500,13009.03515625,0.1654044856154889,0.0355296453725304,1000.0,0.0
1l2p_A,1,R2,M2_UNIFORM_RANDOM_SEED_11,10,951,500,7669.31396484375,0.1269997885758256,0.4314085656176769,1e-06,0.0
1l2p_A,1,R2,M2_UNIFORM_RANDOM_SEED_12,10,951,500,12928.48828125,0.1648916304814744,0.0415012698752178,100.0,0.0
1l2p_A,1,R2,M2_UNIFORM_RANDOM_SEED_13,10,951,500,8913.6708984375,0.1369156325181281,0.3391538089342251,100.0,0.0
1l2p_A,1,R2,M2_UNIFORM_RANDOM_SEED_14,10,951,500,9406.4365234375,0.1406492121929944,0.3026209045809267,100.0,0.0
1l2p_A,1,R2,M2_UNIFORM_RANDOM_SEED_15,10,951,500,8193.38671875,0.1312672739121044,0.3925545976838813,1000.0,0.0
1l2p_A,1,R2,M2_UNIFORM_RANDOM_SEED_16,10,951,500,12122.3818359375,0.1596683065270848,0.1012647926761008,1e-06,0.0
1l2p_A,1,R2,M2_UNIFORM_RANDOM_SEED_17,10,951,500,8690.6591796875,0.1351920329076318,0.3556875632738432,100.0,0.0
1l2p_A,1,R2,M2_UNIFORM_RANDOM_SEED_18,10,951,500,14061.9072265625,0.1719676884193035,-0.0425287107495828,1e-06,0.0
1l2p_A,1,R2,M2_UNIFORM_RANDOM_SEED_19,10,951,500,13586.1865234375,0.1690337886657554,-0.0072594913389363,1000.0,0.0
1l2p_A,1,R2,M2_UNIFORM_RANDOM_SEED_20,10,951,500,12396.908203125,0.1614661284200857,0.0809118195665837,100.0,0.0
1l2p_A,1,R2,M2_UNIFORM_RANDOM_MEAN_20SEEDS,10,951,500,0.0,0.0,0.2198066650366816,0.0,0.0
1l2p_A,2,R3,M1_DEVELOPMENT_CONSTANT_MEAN,0,951,500,5009.10302734375,0.1026371824666757,0.0,0.0,0.0
1l2p_A,2,R3,M3_MEAN_WITHIN_RUN_VARIANCE,5,951,500,3797.653564453125,0.0893680766962875,0.2418495799103254,100.0,0.0016772004326718
1l2p_A,2,R3,M3_MEAN_WITHIN_RUN_VARIANCE,10,951,500,3613.831787109375,0.087178362280224,0.2785471236302891,100.0,0.0500000577614659
1l2p_A,2,R3,M3_MEAN_WITHIN_RUN_VARIANCE,20,951,500,3797.417236328125,0.0893652959636285,0.2418967596396521,1.0,0.0017393260982604
1l2p_A,2,R3,M3b_POOLED_DEVELOPMENT_VARIANCE,5,951,500,3897.77587890625,0.0905384741858375,0.2218615074137973,100.0,-0.0246428383933019
1l2p_A,2,R3,M3b_POOLED_DEVELOPMENT_VARIANCE,10,951,500,3679.211181640625,0.0879634182357615,0.2654950074780846,1.0,0.032813197750486
1l2p_A,2,R3,M3b_POOLED_DEVELOPMENT_VARIANCE,20,951,500,3845.419677734375,0.089928347195446,0.2323137182958798,1.0,-0.0108795004685737
1l2p_A,2,R3,M4_BUDGET_MATCHED_PCA_QR,5,951,500,5198.8779296875,0.1045633646327314,-0.0378860050008562,100.0,-0.3666750484971686
1l2p_A,2,R3,M4_BUDGET_MATCHED_PCA_QR,10,951,500,4674.57958984375,0.0991507534158522,0.0667831018196071,100.0,-0.2288481041595829
1l2p_A,2,R3,M4_BUDGET_MATCHED_PCA_QR,20,951,500,4617.34375,0.0985418799447697,0.07820946688563,100.0,-0.2138020124351451
1l2p_A,2,R3,M5_DEVELOPMENT_TUNED_PCA_QR,10,951,500,4674.57958984375,0.0991507534158522,0.0667831018196071,100.0,-0.2288481041595829
1l2p_A,2,R3,M6_POOLED_ERROR_GREEDY,5,951,500,3444.885986328125,0.0851161881268002,0.3122748788509357,10.0,0.0944123354873225
1l2p_A,2,R3,M6_POOLED_ERROR_GREEDY,10,951,500,3132.034423828125,0.0811592458297596,0.3747314825167422,10.0,0.1766543942805366
1l2p_A,2,R3,M6_POOLED_ERROR_GREEDY,20,951,500,3145.217529296875,0.0813298709330533,0.372099652946301,0.01,0.1731888346829621
1l2p_A,2,R3,M7_MEAN_TRANSFER,5,951,500,3815.65673828125,0.089579655596016,0.2382554885670551,100.0,-0.003055453189402
1l2p_A,2,R3,M7_MEAN_TRANSFER,10,951,500,3695.13330078125,0.0881535475813073,0.2623163706934728,10.0,0.0286276093902686
1l2p_A,2,R3,M7_MEAN_TRANSFER,20,951,500,3760.960693359375,0.0889352922694962,0.2491748177609846,1e-06,0.0113229801681782
1l2p_A,2,R3,M8_ROBUST_TRANSFER,5,951,500,3777.12841796875,0.0891262460499153,0.2459471491502336,100.0,0.0070728273249214
1l2p_A,2,R3,M8_ROBUST_TRANSFER,10,951,500,3930.877685546875,0.0909221097600088,0.2152531772477119,0.01,-0.0333446032371322
1l2p_A,2,R3,M8_ROBUST_TRANSFER,20,951,500,3788.69482421875,0.0892626039219381,0.2436380718190505,10.0,0.0040322637578505
1l2p_A,2,R3,M10_INFORMATION_IMBALANCE,5,951,500,3694.22998046875,0.0881427718188453,0.2624967064357342,100.0,0.0288650731946878
1l2p_A,2,R3,M10_INFORMATION_IMBALANCE,10,951,500,3509.10595703125,0.0859058976641486,0.2994542260608932,1e-06,0.077530263478285
1l2p_A,2,R3,M10_INFORMATION_IMBALANCE,20,951,500,3183.482177734375,0.081823104027858,0.3644606309041068,10.0,0.1631298679277663
1l2p_A,2,R3,M2_UNIFORM_RANDOM_SEED_1,10,951,500,5260.04052734375,0.1051766380378544,-0.0500962944124285,1e-06,0.0
1l2p_A,2,R3,M2_UNIFORM_RANDOM_SEED_2,10,951,500,4891.31298828125,0.101423236741734,0.0235151959182126,100.0,0.0
1l2p_A,2,R3,M2_UNIFORM_RANDOM_SEED_3,10,951,500,4988.53125,0.1024262064134583,0.0041068784633601,100.0,0.0
1l2p_A,2,R3,M2_UNIFORM_RANDOM_SEED_4,10,951,500,3125.955810546875,0.0810804511550702,0.3759449958439922,100.0,0.0
1l2p_A,2,R3,M2_UNIFORM_RANDOM_SEED_5,10,951,500,5606.6396484375,0.1085865565809617,-0.1192901439303424,100.0,0.0
1l2p_A,2,R3,M2_UNIFORM_RANDOM_SEED_6,10,951,500,4814.09912109375,0.1006195228195647,0.038929905251601,100.0,0.0
1l2p_A,2,R3,M2_UNIFORM_RANDOM_SEED_7,10,951,500,5776.30322265625,0.1102172906206107,-0.1531611929570022,100.0,0.0
1l2p_A,2,R3,M2_UNIFORM_RANDOM_SEED_8,10,951,500,4180.3798828125,0.0937632417041658,0.1654434217079198,1000.0,0.0
1l2p_A,2,R3,M2_UNIFORM_RANDOM_SEED_9,10,951,500,5313.34521484375,0.1057082190804696,-0.0607378578238857,100.0,0.0
1l2p_A,2,R3,M2_UNIFORM_RANDOM_SEED_10,10,951,500,5212.65869140625,0.1047018569380707,-0.0406371485975289,1e-06,0.0
1l2p_A,2,R3,M2_UNIFORM_RANDOM_SEED_11,10,951,500,6169.77587890625,0.1139093656988498,-0.2317127128802514,100.0,0.0
1l2p_A,2,R3,M2_UNIFORM_RANDOM_SEED_12,10,951,500,5612.2041015625,0.1086404279724486,-0.1204010121026728,1000.0,0.0
1l2p_A,2,R3,M2_UNIFORM_RANDOM_SEED_13,10,951,500,5373.50390625,0.1063049588793222,-0.0727477308645987,10.0,0.0
1l2p_A,2,R3,M2_UNIFORM_RANDOM_SEED_14,10,951,500,5029.0810546875,0.1028416550019927,-0.0039883442673656,10.0,0.0
1l2p_A,2,R3,M2_UNIFORM_RANDOM_SEED_15,10,951,500,5223.3984375,0.1048096611152401,-0.0427811943548479,100.0,0.0
1l2p_A,2,R3,M2_UNIFORM_RANDOM_SEED_16,10,951,500,5453.150390625,0.1070898910973234,-0.0886480794779582,1000.0,0.0
1l2p_A,2,R3,M2_UNIFORM_RANDOM_SEED_17,10,951,500,5389.99609375,0.1064679678012039,-0.0760401741243943,0.0001,0.0
1l2p_A,2,R3,M2_UNIFORM_RANDOM_SEED_18,10,951,500,5183.291015625,0.1044064996669888,-0.0347742873984404,100.0,0.0
1l2p_A,2,R3,M2_UNIFORM_RANDOM_SEED_19,10,951,500,4440.96484375,0.0966414432128736,0.1134211415681392,1000.0,0.0
1l2p_A,2,R3,M2_UNIFORM_RANDOM_SEED_20,10,951,500,4783.15625,0.1002956329322401,0.0451072329936814,100.0,0.0
1l2p_A,2,R3,M2_UNIFORM_RANDOM_MEAN_20SEEDS,10,951,500,0.0,0.0,-0.0164273700722405,0.0,0.0
1uoy_A,0,R1,M1_DEVELOPMENT_CONSTANT_MEAN,0,951,500,3712.875732421875,0.0883649317420123,0.0,0.0,0.0
1uoy_A,0,R1,M3_MEAN_WITHIN_RUN_VARIANCE,5,951,500,1660.1484375,0.0590878516393722,0.552867222836704,1e-06,0.2624742759578281
1uoy_A,0,R1,M3_MEAN_WITHIN_RUN_VARIANCE,10,951,500,1238.08984375,0.0510270921164757,0.6665415346550245,1e-06,0.449975021621536
1uoy_A,0,R1,M3_MEAN_WITHIN_RUN_VARIANCE,20,951,500,970.641357421875,0.0451808227610644,0.7385742407304501,1e-06,0.5687897818366949
1uoy_A,0,R1,M3b_POOLED_DEVELOPMENT_VARIANCE,5,951,500,1631.75390625,0.0585803645331164,0.5605148074305137,1e-06,0.2750886282325742
1uoy_A,0,R1,M3b_POOLED_DEVELOPMENT_VARIANCE,10,951,500,1238.0892333984375,0.0510270795388468,0.6665416990428485,1e-06,0.4499752927719752
1uoy_A,0,R1,M3b_POOLED_DEVELOPMENT_VARIANCE,20,951,500,939.72998046875,0.0444555799865741,0.7468996949553782,1e-06,0.5825222500627443
1uoy_A,0,R1,M4_BUDGET_MATCHED_PCA_QR,5,951,500,3808.23681640625,0.0894925149623858,-0.0256838878693557,0.0001,-0.691820172161006
1uoy_A,0,R1,M4_BUDGET_MATCHED_PCA_QR,10,951,500,2595.28515625,0.0738783658921744,0.3010040348005078,0.0001,-0.1529629042337863
1uoy_A,0,R1,M4_BUDGET_MATCHED_PCA_QR,20,951,500,2362.501953125,0.0704872922319582,0.3637002357781682,100.0,-0.0495482959062574
1uoy_A,0,R1,M5_DEVELOPMENT_TUNED_PCA_QR,10,951,500,3583.30908203125,0.0868094239849562,0.0348965760580707,1e-06,-0.5918953784468373
1uoy_A,0,R1,M6_POOLED_ERROR_GREEDY,5,951,500,1491.287109375,0.0560022364991096,0.5983471527601472,1.0,0.3374914072425801
1uoy_A,0,R1,M6_POOLED_ERROR_GREEDY,10,951,500,1044.17919921875,0.0468610761829886,0.718768072386403,1e-06,0.5361203838535771
1uoy_A,0,R1,M6_POOLED_ERROR_GREEDY,20,951,500,906.5748901367188,0.0436643080604145,0.755829455260177,1e-06,0.5972514944185309
1uoy_A,0,R1,M7_MEAN_TRANSFER,5,951,500,1610.85205078125,0.0582039644163316,0.5661443670966855,0.0001,0.2843743377150521
1uoy_A,0,R1,M7_MEAN_TRANSFER,10,951,500,1424.442138671875,0.0547327344093461,0.6163507099811487,1e-06,0.3671874779690268
1uoy_A,0,R1,M7_MEAN_TRANSFER,20,951,500,1099.8145751953125,0.0480932885785458,0.7037836290637409,1.0,0.5114042078643606
1uoy_A,0,R1,M8_ROBUST_TRANSFER,5,951,500,1902.5574951171875,0.063254821474602,0.4875784614864644,1e-06,0.1547833540528422
1uoy_A,0,R1,M8_ROBUST_TRANSFER,10,951,500,1267.7166748046875,0.0516340083644348,0.6585620510445236,1.0,0.4368132166099383
1uoy_A,0,R1,M8_ROBUST_TRANSFER,20,951,500,984.6940307617188,0.0455067051312976,0.7347893919090549,0.0001,0.562546841238381
1uoy_A,0,R1,M10_INFORMATION_IMBALANCE,5,951,500,2543.887939453125,0.0731431614017218,0.3148470019507574,1e-06,-0.130129542664654
1uoy_A,0,R1,M10_INFORMATION_IMBALANCE,10,951,500,2013.9503173828125,0.0650802354807259,0.4575766972763371,0.01,0.1052967719865587
1uoy_A,0,R1,M10_INFORMATION_IMBALANCE,20,951,500,1703.7005615234375,0.0598578857010175,0.5411371981436801,10.0,0.2431261194445885
1uoy_A,0,R1,M2_UNIFORM_RANDOM_SEED_1,10,951,500,2644.92529296875,0.0745815567530979,0.2876343073180396,1000.0,0.0
1uoy_A,0,R1,M2_UNIFORM_RANDOM_SEED_2,10,951,500,3562.37255859375,0.086555447830238,0.0405354729526465,1000.0,0.0
1uoy_A,0,R1,M2_UNIFORM_RANDOM_SEED_3,10,951,500,3262.38720703125,0.082830921333658,0.1213314309059235,1000.0,0.0
1uoy_A,0,R1,M2_UNIFORM_RANDOM_SEED_4,10,951,500,3577.040771484375,0.0867334625489464,0.0365848390107298,0.0001,0.0
1uoy_A,0,R1,M2_UNIFORM_RANDOM_SEED_5,10,951,500,3119.92626953125,0.0810022168632682,0.1597008641341867,0.0001,0.0
1uoy_A,0,R1,M2_UNIFORM_RANDOM_SEED_6,10,951,500,3700.419189453125,0.0882165768792021,0.0033549582228071,1e-06,0.0
1uoy_A,0,R1,M2_UNIFORM_RANDOM_SEED_7,10,951,500,3628.439453125,0.0873543787879461,0.0227414773297025,1e-06,0.0
1uoy_A,0,R1,M2_UNIFORM_RANDOM_SEED_8,10,951,500,3631.4375,0.087390460201183,0.0219340043381288,1000.0,0.0
1uoy_A,0,R1,M2_UNIFORM_RANDOM_SEED_9,10,951,500,2895.12255859375,0.0780293907607222,0.2202479244557728,100.0,0.0
1uoy_A,0,R1,M2_UNIFORM_RANDOM_SEED_10,10,951,500,3279.375732421875,0.0830463077895717,0.116755860212222,100.0,0.0
1uoy_A,0,R1,M2_UNIFORM_RANDOM_SEED_11,10,951,500,3263.3330078125,0.0828429272464986,0.1210766955338261,1000.0,0.0
1uoy_A,0,R1,M2_UNIFORM_RANDOM_SEED_12,10,951,500,3835.8525390625,0.0898164097693391,-0.0331217135997192,1e-06,0.0
1uoy_A,0,R1,M2_UNIFORM_RANDOM_SEED_13,10,951,500,3544.32763671875,0.0863359495608863,0.0453955660921575,1e-06,0.0
1uoy_A,0,R1,M2_UNIFORM_RANDOM_SEED_14,10,951,500,3510.34912109375,0.0859211131733396,0.0545471020103381,10.0,0.0
1uoy_A,0,R1,M2_UNIFORM_RANDOM_SEED_15,10,951,500,2289.011962890625,0.0693823124775556,0.3834935161168123,1000.0,0.0
1uoy_A,0,R1,M2_UNIFORM_RANDOM_SEED_16,10,951,500,2592.55615234375,0.0738395132487427,0.3017390456392546,1000.0,0.0
1uoy_A,0,R1,M2_UNIFORM_RANDOM_SEED_17,10,951,500,2506.21728515625,0.0725995785945461,0.3249929526939844,0.0001,0.0
1uoy_A,0,R1,M2_UNIFORM_RANDOM_SEED_18,10,951,500,3304.6884765625,0.0833661993220627,0.109938302619441,1000.0,0.0
1uoy_A,0,R1,M2_UNIFORM_RANDOM_SEED_19,10,951,500,1507.261962890625,0.0563013889646549,0.5940445973645738,100.0,0.0
1uoy_A,0,R1,M2_UNIFORM_RANDOM_SEED_20,10,951,500,2580.651611328125,0.0736697894575055,0.3049453315140203,10.0,0.0
1uoy_A,0,R1,M2_UNIFORM_RANDOM_MEAN_20SEEDS,10,951,500,0.0,0.0,0.1618936267432424,0.0,0.0
1uoy_A,1,R2,M1_DEVELOPMENT_CONSTANT_MEAN,0,951,500,1896.206787109375,0.0631491614115406,0.0,0.0,0.0
1uoy_A,1,R2,M3_MEAN_WITHIN_RUN_VARIANCE,5,951,500,1051.34912109375,0.0470216881989624,0.4455514407811751,1e-06,-0.2862819572885759
1uoy_A,1,R2,M3_MEAN_WITHIN_RUN_VARIANCE,10,951,500,956.5806274414062,0.0448523838308863,0.4955293726695063,10.0,-0.1703366437303057
1uoy_A,1,R2,M3_MEAN_WITHIN_RUN_VARIANCE,20,951,500,658.6489868164062,0.0372178904668455,0.6526491776667105,1.0,0.1941703370171001
1uoy_A,1,R2,M3b_POOLED_DEVELOPMENT_VARIANCE,5,951,500,1061.1177978515625,0.0472396355943434,0.4403997469763533,10.0,-0.2982335273313476
1uoy_A,1,R2,M3b_POOLED_DEVELOPMENT_VARIANCE,10,951,500,970.4956665039062,0.0451774318677583,0.4881910174030365,1e-06,-0.1873611157367491
1uoy_A,1,R2,M3b_POOLED_DEVELOPMENT_VARIANCE,20,951,500,658.6491088867188,0.037217893915723,0.6526491132906554,1.0,0.1941701876691458
1uoy_A,1,R2,M4_BUDGET_MATCHED_PCA_QR,5,951,500,1767.7196044921875,0.0609721386527226,0.0677601111285212,100.0,-1.1627314725275184
1uoy_A,1,R2,M4_BUDGET_MATCHED_PCA_QR,10,951,500,1744.119873046875,0.060563770443388,0.0802058694739433,100.0,-1.133858181870861
1uoy_A,1,R2,M4_BUDGET_MATCHED_PCA_QR,20,951,500,1199.5052490234375,0.0502256788927592,0.3674185446556737,0.0001,-0.467544822681414
1uoy_A,1,R2,M5_DEVELOPMENT_TUNED_PCA_QR,10,951,500,1744.119873046875,0.060563770443388,0.0802058694739433,100.0,-1.133858181870861
1uoy_A,1,R2,M6_POOLED_ERROR_GREEDY,5,951,500,1165.4051513671875,0.0495066119784417,0.3854018668798458,1000.0,-0.4258247703439171
1uoy_A,1,R2,M6_POOLED_ERROR_GREEDY,10,951,500,790.083984375,0.0407625522557627,0.5833344813729816,100.0,0.0333650797301521
1uoy_A,1,R2,M6_POOLED_ERROR_GREEDY,20,951,500,590.9926147460938,0.0352545979504509,0.6883290267898379,10.0,0.2769450965556926
1uoy_A,1,R2,M7_MEAN_TRANSFER,5,951,500,1030.28076171875,0.046548161726125,0.456662232873169,100.0,-0.2605056951602151
1uoy_A,1,R2,M7_MEAN_TRANSFER,10,951,500,786.6787109375,0.0406746138035808,0.5851303158044632,10.0,0.037531290263275
1uoy_A,1,R2,M7_MEAN_TRANSFER,20,951,500,589.44189453125,0.0352083148616481,0.6891468280050774,10.0,0.2788423382931291
1uoy_A,1,R2,M8_ROBUST_TRANSFER,5,951,500,1176.3931884765625,0.0497394512904199,0.3796071206611987,100.0,-0.4392681771021807
1uoy_A,1,R2,M8_ROBUST_TRANSFER,10,951,500,813.0433349609375,0.0413505781746188,0.5712264398123155,10.0,0.0052752684417467
1uoy_A,1,R2,M8_ROBUST_TRANSFER,20,951,500,581.8453979492188,0.0349807036472032,0.6931529820984353,10.0,0.2881363361631286
1uoy_A,1,R2,M10_INFORMATION_IMBALANCE,5,951,500,1904.2615966796875,0.0632831434869448,-0.0042478539920172,1e-06,-1.3297849255044936
1uoy_A,1,R2,M10_INFORMATION_IMBALANCE,10,951,500,1012.4866943359376,0.0461444423193418,0.4660462660407426,1e-06,-0.2387353932100147
1uoy_A,1,R2,M10_INFORMATION_IMBALANCE,20,951,500,639.2532348632812,0.0366658034941879,0.6628778890525042,0.01,0.2179002334756569
1uoy_A,1,R2,M2_UNIFORM_RANDOM_SEED_1,10,951,500,2088.338623046875,0.0662712557103901,-0.1013243055787129,1000.0,0.0
1uoy_A,1,R2,M2_UNIFORM_RANDOM_SEED_2,10,951,500,1822.7830810546875,0.0619144805713999,0.0387213602196923,100.0,0.0
1uoy_A,1,R2,M2_UNIFORM_RANDOM_SEED_3,10,951,500,1394.9111328125,0.0541624136383376,0.2643676089046504,10.0,0.0
1uoy_A,1,R2,M2_UNIFORM_RANDOM_SEED_4,10,951,500,2168.86767578125,0.0675369225772975,-0.1437928028342974,1e-06,0.0
1uoy_A,1,R2,M2_UNIFORM_RANDOM_SEED_5,10,951,500,1728.843505859375,0.0602979546513863,0.0882621465062535,100.0,0.0
1uoy_A,1,R2,M2_UNIFORM_RANDOM_SEED_6,10,951,500,1638.025390625,0.0586928304856786,0.1361567726893083,1000.0,0.0
1uoy_A,1,R2,M2_UNIFORM_RANDOM_SEED_7,10,951,500,1885.698974609375,0.0629739480895057,0.0055414908181076,1e-06,0.0
1uoy_A,1,R2,M2_UNIFORM_RANDOM_SEED_8,10,951,500,1652.243896484375,0.0589470149451612,0.1286583785500015,100.0,0.0
1uoy_A,1,R2,M2_UNIFORM_RANDOM_SEED_9,10,951,500,2048.169189453125,0.0656307933011944,-0.0801402058977993,100.0,0.0
1uoy_A,1,R2,M2_UNIFORM_RANDOM_SEED_10,10,951,500,1509.5355224609375,0.0563438355766522,0.2039183000910406,1e-06,0.0
1uoy_A,1,R2,M2_UNIFORM_RANDOM_SEED_11,10,951,500,1685.9686279296875,0.0595455737054133,0.1108730126950867,0.0001,0.0
1uoy_A,1,R2,M2_UNIFORM_RANDOM_SEED_12,10,951,500,1763.3502197265625,0.060896737677666,0.0700643876427329,1e-06,0.0
1uoy_A,1,R2,M2_UNIFORM_RANDOM_SEED_13,10,951,500,1098.4808349609375,0.0480641184738755,0.4206956528008798,100.0,0.0
1uoy_A,1,R2,M2_UNIFORM_RANDOM_SEED_14,10,951,500,1979.0579833984373,0.0645140042736496,-0.0436931229506687,1000.0,0.0
1uoy_A,1,R2,M2_UNIFORM_RANDOM_SEED_15,10,951,500,1788.917236328125,0.0613366233115256,0.0565811447942367,1000.0,0.0
1uoy_A,1,R2,M2_UNIFORM_RANDOM_SEED_16,10,951,500,1956.557861328125,0.0641462226379168,-0.0318272641090746,1e-06,0.0
1uoy_A,1,R2,M2_UNIFORM_RANDOM_SEED_17,10,951,500,1854.9176025390625,0.0624578529189832,0.0217746212338237,1000.0,0.0
1uoy_A,1,R2,M2_UNIFORM_RANDOM_SEED_18,10,951,500,1458.738525390625,0.0553877171598358,0.2307070435000592,1e-06,0.0
1uoy_A,1,R2,M2_UNIFORM_RANDOM_SEED_19,10,951,500,1772.2314453125,0.0610499002137973,0.0653807077580742,0.0001,0.0
1uoy_A,1,R2,M2_UNIFORM_RANDOM_SEED_20,10,951,500,1874.8310546875,0.0627922158015895,0.0112728909985923,1000.0,0.0
1uoy_A,1,R2,M2_UNIFORM_RANDOM_MEAN_20SEEDS,10,951,500,0.0,0.0,0.0726098908915993,0.0,0.0
1uoy_A,2,R3,M1_DEVELOPMENT_CONSTANT_MEAN,0,951,500,6553.54736328125,0.1173986115428086,0.0,0.0,0.0
1uoy_A,2,R3,M3_MEAN_WITHIN_RUN_VARIANCE,5,951,500,3533.767578125,0.0862072378716637,0.4607855284720636,1.0,0.2598881091934498
1uoy_A,2,R3,M3_MEAN_WITHIN_RUN_VARIANCE,10,951,500,2585.627197265625,0.073740774215094,0.6054614312009725,1.0,0.4584665257174389
1uoy_A,2,R3,M3_MEAN_WITHIN_RUN_VARIANCE,20,951,500,2006.483642578125,0.0649594817105016,0.6938324343514758,1.0,0.5797622877708171
1uoy_A,2,R3,M3b_POOLED_DEVELOPMENT_VARIANCE,5,951,500,6530.166015625,0.1171890006037816,0.00356773917394,1.0,-0.3676772482216528
1uoy_A,2,R3,M3b_POOLED_DEVELOPMENT_VARIANCE,10,951,500,3163.727783203125,0.0815688413841919,0.5172495737302338,1e-06,0.3373892029237317
1uoy_A,2,R3,M3b_POOLED_DEVELOPMENT_VARIANCE,20,951,500,1847.4952392578125,0.0623327666195184,0.7180923342968253,1.0,0.6130608013816488
1uoy_A,2,R3,M4_BUDGET_MATCHED_PCA_QR,5,951,500,4595.6259765625,0.0983098598930031,0.298757493947286,100.0,0.0374926036425768
1uoy_A,2,R3,M4_BUDGET_MATCHED_PCA_QR,10,951,500,3813.107421875,0.0895497256182677,0.418161308600684,100.0,0.2013832032072119
1uoy_A,2,R3,M4_BUDGET_MATCHED_PCA_QR,20,951,500,3542.62255859375,0.0863151801424016,0.4594343548285552,100.0,0.2580335230632383
1uoy_A,2,R3,M5_DEVELOPMENT_TUNED_PCA_QR,10,951,500,3813.107421875,0.0895497256182677,0.418161308600684,100.0,0.2013832032072119
1uoy_A,2,R3,M6_POOLED_ERROR_GREEDY,5,951,500,2667.414794921875,0.0748979648708263,0.5929815339602054,1e-06,0.4413369403081998
1uoy_A,2,R3,M6_POOLED_ERROR_GREEDY,10,951,500,2248.073974609375,0.0687590770164515,0.6569683791094473,1e-06,0.5291636353446993
1uoy_A,2,R3,M6_POOLED_ERROR_GREEDY,20,951,500,1917.2213134765625,0.0634981194564359,0.7074528942571581,1e-06,0.5984573801074238
1uoy_A,2,R3,M7_MEAN_TRANSFER,5,951,500,2902.1103515625,0.078123501562917,0.5571695464012848,10.0,0.392182328877486
1uoy_A,2,R3,M7_MEAN_TRANSFER,10,951,500,2266.4990234375,0.0690402741914919,0.6541569171932096,1e-06,0.5253046951555367
1uoy_A,2,R3,M7_MEAN_TRANSFER,20,951,500,2153.13525390625,0.0672915288166818,0.6714549945926978,0.0001,0.5490475905106549
1uoy_A,2,R3,M8_ROBUST_TRANSFER,5,951,500,2980.23876953125,0.079168108608679,0.5452480001549733,1.0,0.3758191216573731
1uoy_A,2,R3,M8_ROBUST_TRANSFER,10,951,500,2647.44775390625,0.0746171124322788,0.5960282871014886,1e-06,0.4455188351706025
1uoy_A,2,R3,M8_ROBUST_TRANSFER,20,951,500,1865.6597900390625,0.0626384446044008,0.7153206215473267,1e-06,0.6092564198746183
1uoy_A,2,R3,M10_INFORMATION_IMBALANCE,5,951,500,7275.947265625,0.123699946196478,-0.1102303626263954,1e-06,-0.5238735907548651
1uoy_A,2,R3,M10_INFORMATION_IMBALANCE,10,951,500,4789.095703125,0.100357884337695,0.2692361193637301,0.01,-0.0030276744952324
1uoy_A,2,R3,M10_INFORMATION_IMBALANCE,20,951,500,2138.029296875,0.0670550615262421,0.6737599992251334,1.0,0.5522113804808977
1uoy_A,2,R3,M2_UNIFORM_RANDOM_SEED_1,10,951,500,4578.7763671875,0.0981294705525847,0.3013285609497779,100.0,0.0
1uoy_A,2,R3,M2_UNIFORM_RANDOM_SEED_2,10,951,500,4477.861328125,0.0970420716823032,0.3167270975694893,100.0,0.0
1uoy_A,2,R3,M2_UNIFORM_RANDOM_SEED_3,10,951,500,6491.63916015625,0.1168427917391618,0.0094465179990709,100.0,0.0
1uoy_A,2,R3,M2_UNIFORM_RANDOM_SEED_4,10,951,500,6727.4619140625,0.1189461428026075,-0.0265374675943708,1000.0,0.0
1uoy_A,2,R3,M2_UNIFORM_RANDOM_SEED_5,10,951,500,3996.221435546875,0.0916747030475571,0.3902201030945117,100.0,0.0
1uoy_A,2,R3,M2_UNIFORM_RANDOM_SEED_6,10,951,500,6231.9580078125,0.1144819447954491,0.0490710355235359,100.0,0.0
1uoy_A,2,R3,M2_UNIFORM_RANDOM_SEED_7,10,951,500,4558.35546875,0.0979104020637327,0.3044445677939361,1000.0,0.0
1uoy_A,2,R3,M2_UNIFORM_RANDOM_SEED_8,10,951,500,5487.38818359375,0.1074255488509995,0.1626842869345941,1000.0,0.0
1uoy_A,2,R3,M2_UNIFORM_RANDOM_SEED_9,10,951,500,7080.06787109375,0.1220234921710866,-0.0803412989372034,100.0,0.0
1uoy_A,2,R3,M2_UNIFORM_RANDOM_SEED_10,10,951,500,6599.9169921875,0.1178132064474659,-0.0070755006923508,1000.0,0.0
1uoy_A,2,R3,M2_UNIFORM_RANDOM_SEED_11,10,951,500,4731.9619140625,0.0997574546923334,0.2779541137407318,100.0,0.0
1uoy_A,2,R3,M2_UNIFORM_RANDOM_SEED_12,10,951,500,6439.39892578125,0.1163717069854668,0.0174178091913335,1000.0,0.0
1uoy_A,2,R3,M2_UNIFORM_RANDOM_SEED_13,10,951,500,6225.38720703125,0.1144215756112692,0.0500736682073349,100.0,0.0
1uoy_A,2,R3,M2_UNIFORM_RANDOM_SEED_14,10,951,500,4491.8212890625,0.0971932207726922,0.3145969594681435,100.0,0.0
1uoy_A,2,R3,M2_UNIFORM_RANDOM_SEED_15,10,951,500,4881.20947265625,0.1013184324714803,0.2551805606830449,100.0,0.0
1uoy_A,2,R3,M2_UNIFORM_RANDOM_SEED_16,10,951,500,6732.07177734375,0.1189868885967099,-0.0272408825581624,1000.0,0.0
1uoy_A,2,R3,M2_UNIFORM_RANDOM_SEED_17,10,951,500,5944.3349609375,0.1118089003691625,0.09295918203889,100.0,0.0
1uoy_A,2,R3,M2_UNIFORM_RANDOM_SEED_18,10,951,500,5952.11181640625,0.1118820151461225,0.0917725185362621,1000.0,0.0
1uoy_A,2,R3,M2_UNIFORM_RANDOM_SEED_19,10,951,500,3257.011962890625,0.0827626553760898,0.5030154231982396,1e-06,0.0
1uoy_A,2,R3,M2_UNIFORM_RANDOM_SEED_20,10,951,500,4420.67138671875,0.096420383753613,0.3254536601829951,100.0,0.0
1uoy_A,2,R3,M2_UNIFORM_RANDOM_MEAN_20SEEDS,10,951,500,0.0,0.0,0.1660575457664902,0.0,0.0
1yu5_X,0,R1,M1_DEVELOPMENT_CONSTANT_MEAN,0,951,500,4424.14892578125,0.0964583010409586,0.0,0.0,0.0
1yu5_X,0,R1,M3_MEAN_WITHIN_RUN_VARIANCE,5,951,500,2848.44482421875,0.0773978051381799,0.3561598237302218,1.0,0.1959901323809538
1yu5_X,0,R1,M3_MEAN_WITHIN_RUN_VARIANCE,10,951,500,2547.257568359375,0.0731915880136565,0.4242378339672278,10.0,0.2810040753062681
1yu5_X,0,R1,M3_MEAN_WITHIN_RUN_VARIANCE,20,951,500,1570.35546875,0.0574676879677399,0.6450491393725643,1.0,0.5567471478437979
1yu5_X,0,R1,M3b_POOLED_DEVELOPMENT_VARIANCE,5,951,500,3292.196044921875,0.0832084790647499,0.2558577705788885,10.0,0.0707356927724335
1yu5_X,0,R1,M3b_POOLED_DEVELOPMENT_VARIANCE,10,951,500,2547.257080078125,0.0731915809986451,0.4242379443345002,10.0,0.2810042131298763
1yu5_X,0,R1,M3b_POOLED_DEVELOPMENT_VARIANCE,20,951,500,1722.0653076171875,0.0601796348381036,0.6107578346691636,1.0,0.5139251116130035
1yu5_X,0,R1,M4_BUDGET_MATCHED_PCA_QR,5,951,500,3061.730712890625,0.0802431991200974,0.3079503506202695,100.0,0.1357874710346459
1yu5_X,0,R1,M4_BUDGET_MATCHED_PCA_QR,10,951,500,3058.134033203125,0.0801960535805279,0.3087633159493842,100.0,0.1368026797319772
1yu5_X,0,R1,M4_BUDGET_MATCHED_PCA_QR,20,951,500,2414.234375,0.07125485391255,0.4543053555608605,100.0,0.3185515675988274
1yu5_X,0,R1,M5_DEVELOPMENT_TUNED_PCA_QR,10,951,500,3037.0498046875,0.0799191205864087,0.313529029958865,100.0,0.1427539720419298
1yu5_X,0,R1,M6_POOLED_ERROR_GREEDY,5,951,500,2508.8779296875,0.0726381048696093,0.4329128671353524,10.0,0.2918372176390512
1yu5_X,0,R1,M6_POOLED_ERROR_GREEDY,10,951,500,2129.40380859375,0.0669196641365352,0.5186862277205726,1.0,0.3989486263879009
1yu5_X,0,R1,M6_POOLED_ERROR_GREEDY,20,951,500,1693.4736328125,0.0596779586119127,0.6172204730848988,0.01,0.5219954763535346
1yu5_X,0,R1,M7_MEAN_TRANSFER,5,951,500,2448.1494140625,0.0717536006719165,0.4466394655486904,100.0,0.3089786154267894
1yu5_X,0,R1,M7_MEAN_TRANSFER,10,951,500,2036.507080078125,0.0654436783575592,0.5396838772287704,100.0,0.425169912389667
1yu5_X,0,R1,M7_MEAN_TRANSFER,20,951,500,1629.7593994140625,0.0585445519445233,0.6316219397776563,0.01,0.5399796310489575
1yu5_X,0,R1,M8_ROBUST_TRANSFER,5,951,500,2529.324462890625,0.0729334926414208,0.4282912927837352,10.0,0.2860659229612891
1yu5_X,0,R1,M8_ROBUST_TRANSFER,10,951,500,2060.475341796875,0.0658276649738809,0.534266278924365,10.0,0.4184045649384184
1yu5_X,0,R1,M8_ROBUST_TRANSFER,20,951,500,1767.6934814453125,0.0609716881333312,0.6004443993410191,1.0,0.5010459778178415
1yu5_X,0,R1,M10_INFORMATION_IMBALANCE,5,951,500,3241.662109375,0.0825674004940375,0.2672800658936763,1000.0,0.0849995403582669
1yu5_X,0,R1,M10_INFORMATION_IMBALANCE,10,951,500,2559.432861328125,0.0733662987944554,0.4214858260278477,1.0,0.2775674436380692
1yu5_X,0,R1,M10_INFORMATION_IMBALANCE,20,951,500,2134.31298828125,0.0669967588443599,0.5175765951630218,1.0,0.3975629478319726
1yu5_X,0,R1,M2_UNIFORM_RANDOM_SEED_1,10,951,500,3602.735107421875,0.0870444138590342,0.1856659511556391,100.0,0.0
1yu5_X,0,R1,M2_UNIFORM_RANDOM_SEED_2,10,951,500,3135.19140625,0.0812001383848074,0.2913458703932838,100.0,0.0
1yu5_X,0,R1,M2_UNIFORM_RANDOM_SEED_3,10,951,500,3423.259521484375,0.0848485943127794,0.2262332080333688,100.0,0.0
1yu5_X,0,R1,M2_UNIFORM_RANDOM_SEED_4,10,951,500,2856.1552734375,0.0775024883212011,0.3544170141304322,100.0,0.0
1yu5_X,0,R1,M2_UNIFORM_RANDOM_SEED_5,10,951,500,3777.614501953125,0.0891319807565851,0.1461375814137981,1000.0,0.0
1yu5_X,0,R1,M2_UNIFORM_RANDOM_SEED_6,10,951,500,3017.296142578125,0.0796587905232694,0.3179939931508277,100.0,0.0
1yu5_X,0,R1,M2_UNIFORM_RANDOM_SEED_7,10,951,500,3991.15283203125,0.0916165468415264,0.0978710484239718,1000.0,0.0
1yu5_X,0,R1,M2_UNIFORM_RANDOM_SEED_8,10,951,500,3971.264892578125,0.0913879988598102,0.1023663626158677,1000.0,0.0
1yu5_X,0,R1,M2_UNIFORM_RANDOM_SEED_9,10,951,500,3637.76171875,0.0874665231889275,0.1777488100476598,100.0,0.0
1yu5_X,0,R1,M2_UNIFORM_RANDOM_SEED_10,10,951,500,3657.19482421875,0.0876998372859171,0.1733563029700826,1000.0,0.0
1yu5_X,0,R1,M2_UNIFORM_RANDOM_SEED_11,10,951,500,2545.869140625,0.0731716381107942,0.424551663306535,100.0,0.0
1yu5_X,0,R1,M2_UNIFORM_RANDOM_SEED_12,10,951,500,3906.675537109375,0.0906417769515616,0.116965635052734,100.0,0.0
1yu5_X,0,R1,M2_UNIFORM_RANDOM_SEED_13,10,951,500,3927.724365234375,0.0908856339294147,0.1122079226705082,1000.0,0.0
1yu5_X,0,R1,M2_UNIFORM_RANDOM_SEED_14,10,951,500,3772.519775390625,0.0890718560031252,0.1472891535348927,100.0,0.0
1yu5_X,0,R1,M2_UNIFORM_RANDOM_SEED_15,10,951,500,3636.9892578125,0.0874572361513404,0.177923411072729,100.0,0.0
1yu5_X,0,R1,M2_UNIFORM_RANDOM_SEED_16,10,951,500,2814.892822265625,0.0769406181539021,0.3637436556753003,100.0,0.0
1yu5_X,0,R1,M2_UNIFORM_RANDOM_SEED_17,10,951,500,3087.101318359375,0.0805749752850465,0.3022157775092909,100.0,0.0
1yu5_X,0,R1,M2_UNIFORM_RANDOM_SEED_18,10,951,500,2830.08447265625,0.0771479585826654,0.3603098539101524,100.0,0.0
1yu5_X,0,R1,M2_UNIFORM_RANDOM_SEED_19,10,951,500,2926.334228515625,0.0784488719285865,0.3385543123418092,100.0,0.0
1yu5_X,0,R1,M2_UNIFORM_RANDOM_SEED_20,10,951,500,3120.77099609375,0.0810131818809301,0.2946053470515438,100.0,0.0
1yu5_X,0,R1,M2_UNIFORM_RANDOM_MEAN_20SEEDS,10,951,500,0.0,0.0,0.2355751437230214,0.0,0.0
1yu5_X,1,R2,M1_DEVELOPMENT_CONSTANT_MEAN,0,951,500,4891.23388671875,0.1014224166379137,0.0,0.0,0.0
1yu5_X,1,R2,M3_MEAN_WITHIN_RUN_VARIANCE,5,951,500,3717.31494140625,0.0884177416453153,0.240004663956075,100.0,-0.8128196012495568
1yu5_X,1,R2,M3_MEAN_WITHIN_RUN_VARIANCE,10,951,500,2571.2578125,0.0735355849607556,0.4743130522787349,1e-06,-0.2539229620944434
1yu5_X,1,R2,M3_MEAN_WITHIN_RUN_VARIANCE,20,951,500,2887.500732421875,0.0779266112786044,0.4096580128252802,1e-06,-0.4081448596272616
1yu5_X,1,R2,M3b_POOLED_DEVELOPMENT_VARIANCE,5,951,500,3717.31494140625,0.0884177416453153,0.240004663956075,100.0,-0.8128196012495568
1yu5_X,1,R2,M3b_POOLED_DEVELOPMENT_VARIANCE,10,951,500,2660.44482421875,0.074800046450088,0.4560790005477553,1e-06,-0.297416711095829
1yu5_X,1,R2,M3b_POOLED_DEVELOPMENT_VARIANCE,20,951,500,2103.401611328125,0.0665098304179561,0.5699650313104988,1.0,-0.0257639533961699
1yu5_X,1,R2,M4_BUDGET_MATCHED_PCA_QR,5,951,500,5372.15576171875,0.1062916227543715,-0.0983232219391216,100.0,-1.6198343210934265
1yu5_X,1,R2,M4_BUDGET_MATCHED_PCA_QR,10,951,500,4938.42724609375,0.1019105321535237,-0.0096485591300683,100.0,-1.4083183298095592
1yu5_X,1,R2,M4_BUDGET_MATCHED_PCA_QR,20,951,500,4765.15380859375,0.1001067128682724,0.0257767428516038,100.0,-1.323818229918356
1yu5_X,1,R2,M5_DEVELOPMENT_TUNED_PCA_QR,10,951,500,4938.42724609375,0.1019105321535237,-0.0096485591300683,100.0,-1.4083183298095592
1yu5_X,1,R2,M6_POOLED_ERROR_GREEDY,5,951,500,2757.78955078125,0.0761562060493718,0.4361771253119744,100.0,-0.3448887254858772
1yu5_X,1,R2,M6_POOLED_ERROR_GREEDY,10,951,500,2824.33544921875,0.0770695597045766,0.422571990088694,10.0,-0.3773411033370328
1yu5_X,1,R2,M6_POOLED_ERROR_GREEDY,20,951,500,3086.0322265625,0.0805610221465736,0.3690687670973871,1.0,-0.5049625330599401
1yu5_X,1,R2,M7_MEAN_TRANSFER,5,951,500,3097.796630859375,0.0807144312558384,0.3666635653488428,10.0,-0.5106996694184569
1yu5_X,1,R2,M7_MEAN_TRANSFER,10,951,500,3248.834716796875,0.0826586956843209,0.335784222950677,10.0,-0.5843562756082827
1yu5_X,1,R2,M7_MEAN_TRANSFER,20,951,500,2450.3037109375,0.0717851642206237,0.4990418026030505,10.0,-0.1949373852411997
1yu5_X,1,R2,M8_ROBUST_TRANSFER,5,951,500,3097.796630859375,0.0807144312558384,0.3666635653488428,10.0,-0.5106996694184569
1yu5_X,1,R2,M8_ROBUST_TRANSFER,10,951,500,2766.73095703125,0.0762795643608252,0.4343490781449234,10.0,-0.3492491729508433
1yu5_X,1,R2,M8_ROBUST_TRANSFER,20,951,500,3064.1640625,0.0802750799408901,0.3735396561550294,1e-06,-0.4942981053531923
1yu5_X,1,R2,M10_INFORMATION_IMBALANCE,5,951,500,4578.28662109375,0.0981242224463021,0.0639812515354767,10.0,-1.232688878311084
1yu5_X,1,R2,M10_INFORMATION_IMBALANCE,10,951,500,2771.20458984375,0.0763412091204766,0.4334344555944363,100.0,-0.3514308254013685
1yu5_X,1,R2,M10_INFORMATION_IMBALANCE,20,951,500,1948.2152099609373,0.0640093186229966,0.6016924859694485,1e-06,0.0499156580115721
1yu5_X,1,R2,M2_UNIFORM_RANDOM_SEED_1,10,951,500,4728.99755859375,0.0997262030794254,0.0331687937813652,100.0,0.0
1yu5_X,1,R2,M2_UNIFORM_RANDOM_SEED_2,10,951,500,4502.21240234375,0.0973055763507202,0.0795344269737983,100.0,0.0
1yu5_X,1,R2,M2_UNIFORM_RANDOM_SEED_3,10,951,500,5491.220703125,0.107463056553972,-0.1226657384009799,1000.0,0.0
1yu5_X,1,R2,M2_UNIFORM_RANDOM_SEED_4,10,951,500,5278.33935546875,0.1053594254390712,-0.0791427025808588,100.0,0.0
1yu5_X,1,R2,M2_UNIFORM_RANDOM_SEED_5,10,951,500,4714.55712890625,0.0995738250914162,0.0361211019354918,10.0,0.0
1yu5_X,1,R2,M2_UNIFORM_RANDOM_SEED_6,10,951,500,4563.25048828125,0.0979629588174837,0.0670553496384784,1000.0,0.0
1yu5_X,1,R2,M2_UNIFORM_RANDOM_SEED_7,10,951,500,4561.61669921875,0.0979454203173023,0.0673893735474426,100.0,0.0
1yu5_X,1,R2,M2_UNIFORM_RANDOM_SEED_8,10,951,500,4656.28466796875,0.0989565398448357,0.0480347544589846,100.0,0.0
1yu5_X,1,R2,M2_UNIFORM_RANDOM_SEED_9,10,951,500,4866.66845703125,0.1011674072217796,0.0050223379736967,1e-06,0.0
1yu5_X,1,R2,M2_UNIFORM_RANDOM_SEED_10,10,951,500,5459.21923828125,0.1071494650560151,-0.1161231224507093,100.0,0.0
1yu5_X,1,R2,M2_UNIFORM_RANDOM_SEED_11,10,951,500,4134.486328125,0.0932471398018742,0.1547150629309629,100.0,0.0
1yu5_X,1,R2,M2_UNIFORM_RANDOM_SEED_12,10,951,500,3229.017333984375,0.0824062075135757,0.3398358351351424,100.0,0.0
1yu5_X,1,R2,M2_UNIFORM_RANDOM_SEED_13,10,951,500,3388.2802734375,0.0844139850349424,0.3072749429059701,100.0,0.0
1yu5_X,1,R2,M2_UNIFORM_RANDOM_SEED_14,10,951,500,5001.6728515625,0.1025610315754384,-0.0225789580710149,1000.0,0.0
1yu5_X,1,R2,M2_UNIFORM_RANDOM_SEED_15,10,951,500,4614.3759765625,0.0985102062166051,0.056602877018007,100.0,0.0
1yu5_X,1,R2,M2_UNIFORM_RANDOM_SEED_16,10,951,500,4766.74658203125,0.1001234420230712,0.0254511044801031,100.0,0.0
1yu5_X,1,R2,M2_UNIFORM_RANDOM_SEED_17,10,951,500,6480.1279296875,0.116739150651447,-0.3248452394155798,100.0,0.0
1yu5_X,1,R2,M2_UNIFORM_RANDOM_SEED_18,10,951,500,4349.5068359375,0.0956411409166092,0.1107546814009877,1000.0,0.0
1yu5_X,1,R2,M2_UNIFORM_RANDOM_SEED_19,10,951,500,5491.63623046875,0.1074671224070978,-0.1227506918817116,100.0,0.0
1yu5_X,1,R2,M2_UNIFORM_RANDOM_SEED_20,10,951,500,4733.57421875,0.0997744482477029,0.0322331075593923,100.0,0.0
1yu5_X,1,R2,M2_UNIFORM_RANDOM_MEAN_20SEEDS,10,951,500,0.0,0.0,0.0287543648469484,0.0,0.0
1yu5_X,2,R3,M1_DEVELOPMENT_CONSTANT_MEAN,0,951,500,4360.6826171875,0.0957639340050581,0.0,0.0,0.0
1yu5_X,2,R3,M3_MEAN_WITHIN_RUN_VARIANCE,5,951,500,2768.93896484375,0.0763099959941709,0.3650216702472085,10.0,0.2360820705795884
1yu5_X,2,R3,M3_MEAN_WITHIN_RUN_VARIANCE,10,951,500,2020.827880859375,0.0651912640322195,0.5365799214796458,1.0,0.4424771834765795
1yu5_X,2,R3,M3_MEAN_WITHIN_RUN_VARIANCE,20,951,500,1474.2823486328125,0.0556820315780401,0.6619147784748258,1.0,0.5932627141847483
1yu5_X,2,R3,M3b_POOLED_DEVELOPMENT_VARIANCE,5,951,500,2921.39697265625,0.0783826652633611,0.3300597110320179,10.0,0.1940206863705442
1yu5_X,2,R3,M3b_POOLED_DEVELOPMENT_VARIANCE,10,951,500,2175.5478515625,0.0676408504605407,0.5010992446486147,10.0,0.3997917501173839
1yu5_X,2,R3,M3b_POOLED_DEVELOPMENT_VARIANCE,20,951,500,1713.22705078125,0.0600250044424837,0.6071195266473609,1.0,0.5273406608535686
1yu5_X,2,R3,M4_BUDGET_MATCHED_PCA_QR,5,951,500,2653.144287109375,0.0746973463959038,0.3915759251425256,100.0,0.2680284701123564
1yu5_X,2,R3,M4_BUDGET_MATCHED_PCA_QR,10,951,500,2314.155029296875,0.069762327914123,0.4693135840302382,10.0,0.3615516482003574
1yu5_X,2,R3,M4_BUDGET_MATCHED_PCA_QR,20,951,500,2368.333251953125,0.0705742295446539,0.4568893313587165,100.0,0.3466045091710303
1yu5_X,2,R3,M5_DEVELOPMENT_TUNED_PCA_QR,10,951,500,2314.155029296875,0.069762327914123,0.4693135840302382,10.0,0.3615516482003574
1yu5_X,2,R3,M6_POOLED_ERROR_GREEDY,5,951,500,2218.50634765625,0.0683054060187818,0.4912479209305274,100.0,0.3879400026416846
1yu5_X,2,R3,M6_POOLED_ERROR_GREEDY,10,951,500,1882.5330810546875,0.0629210625098665,0.5682939469993208,10.0,0.4806311039702255
1yu5_X,2,R3,M6_POOLED_ERROR_GREEDY,20,951,500,1323.403076171875,0.0527558724121608,0.6965146991079513,0.01,0.6348885437440942
1yu5_X,2,R3,M7_MEAN_TRANSFER,5,951,500,2508.57861328125,0.0726337717721812,0.4247279993747395,100.0,0.3079124515284219
1yu5_X,2,R3,M7_MEAN_TRANSFER,10,951,500,1890.1256103515625,0.0630478197221543,0.5665528137953244,10.0,0.4785364137899168
1yu5_X,2,R3,M7_MEAN_TRANSFER,20,951,500,1439.0626220703125,0.0550129058956125,0.669991432901287,1.0,0.6029794255070205
1yu5_X,2,R3,M8_ROBUST_TRANSFER,5,951,500,2706.001708984375,0.0754377579803003,0.3794545610086939,100.0,0.2534457245965015
1yu5_X,2,R3,M8_ROBUST_TRANSFER,10,951,500,1916.3980712890625,0.063484485155804,0.5605279632744569,0.01,0.4712881485825665
1yu5_X,2,R3,M8_ROBUST_TRANSFER,20,951,500,1396.4764404296875,0.0541927944510101,0.6797573767635559,1e-06,0.6147284557723603
1yu5_X,2,R3,M10_INFORMATION_IMBALANCE,5,951,500,2960.2705078125,0.0789024408964412,0.3211451582959322,100.0,0.1832959319202454
1yu5_X,2,R3,M10_INFORMATION_IMBALANCE,10,951,500,2079.36083984375,0.0661286519721881,0.5231570324223984,1.0,0.4263286235415587
1yu5_X,2,R3,M10_INFORMATION_IMBALANCE,20,951,500,1849.4927978515625,0.0623664553978232,0.5758708073451981,1.0,0.4897465323174949
1yu5_X,2,R3,M2_UNIFORM_RANDOM_SEED_1,10,951,500,4029.098388671875,0.0920510349540585,0.0760395235389743,1000.0,0.0
1yu5_X,2,R3,M2_UNIFORM_RANDOM_SEED_2,10,951,500,3547.906982421875,0.0863795330358459,0.1863872485381289,1000.0,0.0
1yu5_X,2,R3,M2_UNIFORM_RANDOM_SEED_3,10,951,500,3565.035400390625,0.0865877915008458,0.1824593272761597,1000.0,0.0
1yu5_X,2,R3,M2_UNIFORM_RANDOM_SEED_4,10,951,500,3449.6005859375,0.085174412338558,0.2089310576419841,1000.0,0.0
1yu5_X,2,R3,M2_UNIFORM_RANDOM_SEED_5,10,951,500,2873.001953125,0.0777307216996705,0.341157748605425,100.0,0.0
1yu5_X,2,R3,M2_UNIFORM_RANDOM_SEED_6,10,951,500,3793.759765625,0.0893222496415085,0.1300078224743966,1000.0,0.0
1yu5_X,2,R3,M2_UNIFORM_RANDOM_SEED_7,10,951,500,3195.763671875,0.0819807839795598,0.2671414197219964,100.0,0.0
1yu5_X,2,R3,M2_UNIFORM_RANDOM_SEED_8,10,951,500,3807.647705078125,0.0894855927177942,0.1268230138853959,1000.0,0.0
1yu5_X,2,R3,M2_UNIFORM_RANDOM_SEED_9,10,951,500,3610.028076171875,0.087132470742971,0.1721415216179556,1000.0,0.0
1yu5_X,2,R3,M2_UNIFORM_RANDOM_SEED_10,10,951,500,3600.64013671875,0.0870191022542592,0.1742943816807637,1000.0,0.0
1yu5_X,2,R3,M2_UNIFORM_RANDOM_SEED_11,10,951,500,3070.579345703125,0.0803590699121538,0.2958489265876566,100.0,0.0
1yu5_X,2,R3,M2_UNIFORM_RANDOM_SEED_12,10,951,500,3475.315185546875,0.0854912837139288,0.2030341369378674,1000.0,0.0
1yu5_X,2,R3,M2_UNIFORM_RANDOM_SEED_13,10,951,500,3688.044677734375,0.0880689515469028,0.1542506067288508,1000.0,0.0
1yu5_X,2,R3,M2_UNIFORM_RANDOM_SEED_14,10,951,500,4133.23486328125,0.0932330262772501,0.0521587498731899,100.0,0.0
1yu5_X,2,R3,M2_UNIFORM_RANDOM_SEED_15,10,951,500,3470.727783203125,0.0854348410030095,0.2040861287351307,100.0,0.0
1yu5_X,2,R3,M2_UNIFORM_RANDOM_SEED_16,10,951,500,3707.93017578125,0.0883060610135999,0.1496904266395003,1000.0,0.0
1yu5_X,2,R3,M2_UNIFORM_RANDOM_SEED_17,10,951,500,3535.494384765625,0.0862282982620468,0.1892337289509262,100.0,0.0
1yu5_X,2,R3,M2_UNIFORM_RANDOM_SEED_18,10,951,500,3767.1376953125,0.0890082959697906,0.1361128460795473,1000.0,0.0
1yu5_X,2,R3,M2_UNIFORM_RANDOM_SEED_19,10,951,500,3462.962890625,0.0853392178565273,0.2058667886133617,10.0,0.0
1yu5_X,2,R3,M2_UNIFORM_RANDOM_SEED_20,10,951,500,3869.82421875,0.0902132561499334,0.1125645779637335,1000.0,0.0
1yu5_X,2,R3,M2_UNIFORM_RANDOM_MEAN_20SEEDS,10,951,500,0.0,0.0,0.1784114991045473,0.0,0.0
2yzt_A,0,R1,M1_DEVELOPMENT_CONSTANT_MEAN,0,951,500,75615.0234375,0.3987757907761556,0.0,0.0,0.0
2yzt_A,0,R1,M3_MEAN_WITHIN_RUN_VARIANCE,5,951,500,10610.0185546875,0.1493766828700261,0.8596837232556402,1e-06,-0.67594065024836
2yzt_A,0,R1,M3_MEAN_WITHIN_RUN_VARIANCE,10,951,500,8513.244140625,0.133804981844488,0.8874133240511171,1.0,-0.3447376974151139
2yzt_A,0,R1,M3_MEAN_WITHIN_RUN_VARIANCE,20,951,500,6442.5234375,0.1163999363800274,0.9147983675119123,1.0,-0.0176501448542534
2yzt_A,0,R1,M3b_POOLED_DEVELOPMENT_VARIANCE,5,951,500,10610.0185546875,0.1493766828700261,0.8596837232556402,1e-06,-0.67594065024836
2yzt_A,0,R1,M3b_POOLED_DEVELOPMENT_VARIANCE,10,951,500,8960.53125,0.1372750525881942,0.8814980034039614,1.0,-0.4153904154164847
2yzt_A,0,R1,M3b_POOLED_DEVELOPMENT_VARIANCE,20,951,500,5322.70458984375,0.1058012798095818,0.9296078431524488,0.01,0.1592345531345392
2yzt_A,0,R1,M4_BUDGET_MATCHED_PCA_QR,5,951,500,54578.33984375,0.3387933677680811,0.2782077243041256,1000.0,-7.621102582973235
2yzt_A,0,R1,M4_BUDGET_MATCHED_PCA_QR,10,951,500,10741.884765625,0.1503020776433285,0.8579398077618298,10.0,-0.6967700146990701
2yzt_A,0,R1,M4_BUDGET_MATCHED_PCA_QR,20,951,500,11750.181640625,0.1571980047702034,0.8446051974005249,100.0,-0.8560388898307085
2yzt_A,0,R1,M5_DEVELOPMENT_TUNED_PCA_QR,10,951,500,10741.884765625,0.1503020776433285,0.8579398077618298,10.0,-0.6967700146990701
2yzt_A,0,R1,M6_POOLED_ERROR_GREEDY,5,951,500,8732.806640625,0.1355194596913938,0.8845096352070413,0.01,-0.379419419895004
2yzt_A,0,R1,M6_POOLED_ERROR_GREEDY,10,951,500,7574.43798828125,0.1262117959252029,0.8998289275868314,10.0,-0.1964454597242548
2yzt_A,0,R1,M6_POOLED_ERROR_GREEDY,20,951,500,6027.7333984375,0.1125905024303255,0.9202839181367212,1e-06,0.0478693906865987
2yzt_A,0,R1,M7_MEAN_TRANSFER,5,951,500,7210.70751953125,0.1231441199518668,0.9046392212588376,1e-06,-0.1389912078612645
2yzt_A,0,R1,M7_MEAN_TRANSFER,10,951,500,6815.77880859375,0.119724348741537,0.9098621081004178,10.0,-0.0766089342395164
2yzt_A,0,R1,M7_MEAN_TRANSFER,20,951,500,6281.8603515625,0.1149393874148946,0.9169231183700576,1e-06,0.0077279254412073
2yzt_A,0,R1,M8_ROBUST_TRANSFER,5,951,500,8021.4912109375,0.1298829952381149,0.8939167000646676,10.0,-0.2670612333736919
2yzt_A,0,R1,M8_ROBUST_TRANSFER,10,951,500,7085.42333984375,0.122069633640331,0.9062960901453632,10.0,-0.119201529974364
2yzt_A,0,R1,M8_ROBUST_TRANSFER,20,951,500,6374.14501953125,0.1157805769415196,0.9157026642357676,1e-06,-0.006849205187388
2yzt_A,0,R1,M10_INFORMATION_IMBALANCE,5,951,500,9122.4462890625,0.1385097664150444,0.8793566956095344,10.0,-0.4409662421177027
2yzt_A,0,R1,M10_INFORMATION_IMBALANCE,10,951,500,8101.0498046875,0.1305255074941228,0.8928645468002339,1.0,-0.2796281747654496
2yzt_A,0,R1,M10_INFORMATION_IMBALANCE,20,951,500,6116.67236328125,0.113418095011735,0.9191077105419796,0.01,0.0338207416852455
2yzt_A,0,R1,M2_UNIFORM_RANDOM_SEED_1,10,951,500,84437.1953125,0.4213971935937217,-0.1166722097532908,1e-06,0.0
2yzt_A,0,R1,M2_UNIFORM_RANDOM_SEED_2,10,951,500,60371.9765625,0.356321835416133,0.2015875441419286,100.0,0.0
2yzt_A,0,R1,M2_UNIFORM_RANDOM_SEED_3,10,951,500,78847.7578125,0.407210917666603,-0.042752540805228,1000.0,0.0
2yzt_A,0,R1,M2_UNIFORM_RANDOM_SEED_4,10,951,500,23335.234375,0.221529120335628,0.6913942056198943,10.0,0.0
2yzt_A,0,R1,M2_UNIFORM_RANDOM_SEED_5,10,951,500,13163.36328125,0.166382702032849,0.8259160325179262,100.0,0.0
2yzt_A,0,R1,M2_UNIFORM_RANDOM_SEED_6,10,951,500,16760.763671875,0.1877464096773631,0.7783408255407247,1e-06,0.0
2yzt_A,0,R1,M2_UNIFORM_RANDOM_SEED_7,10,951,500,14254.91015625,0.1731438146742092,0.8114804504685174,1e-06,0.0
2yzt_A,0,R1,M2_UNIFORM_RANDOM_SEED_8,10,951,500,75511.0,0.398501398842055,0.001375698013054,1000.0,0.0
2yzt_A,0,R1,M2_UNIFORM_RANDOM_SEED_9,10,951,500,16984.640625,0.18899613393806,0.7753800785496185,1e-06,0.0
2yzt_A,0,R1,M2_UNIFORM_RANDOM_SEED_10,10,951,500,59391.06640625,0.3534152626267269,0.2145599682933379,1000.0,0.0
2yzt_A,0,R1,M2_UNIFORM_RANDOM_SEED_11,10,951,500,69456.6640625,0.3821920946162693,0.0814435953999302,1000.0,0.0
2yzt_A,0,R1,M2_UNIFORM_RANDOM_SEED_12,10,951,500,40722.19921875,0.2926444899802025,0.4614535925865426,1e-06,0.0
2yzt_A,0,R1,M2_UNIFORM_RANDOM_SEED_13,10,951,500,70429.2734375,0.3848587309270346,0.0685809481271444,1000.0,0.0
2yzt_A,0,R1,M2_UNIFORM_RANDOM_SEED_14,10,951,500,13194.9248046875,0.1665820487908701,0.8254986349955464,1e-06,0.0
2yzt_A,0,R1,M2_UNIFORM_RANDOM_SEED_15,10,951,500,61929.01953125,0.3608875014589081,0.1809958297184453,1000.0,0.0
2yzt_A,0,R1,M2_UNIFORM_RANDOM_SEED_16,10,951,500,59353.56640625,0.3533036703803204,0.2150559014861774,1000.0,0.0
2yzt_A,0,R1,M2_UNIFORM_RANDOM_SEED_17,10,951,500,14854.24609375,0.1767461842775599,0.8035543015333737,1e-06,0.0
2yzt_A,0,R1,M2_UNIFORM_RANDOM_SEED_18,10,951,500,12971.6279296875,0.1651665057314474,0.8284517105200758,100.0,0.0
2yzt_A,0,R1,M2_UNIFORM_RANDOM_SEED_19,10,951,500,61303.80859375,0.3590611914545035,0.1892641725566481,100.0,0.0
2yzt_A,0,R1,M2_UNIFORM_RANDOM_SEED_20,10,951,500,60178.80078125,0.3557513066445223,0.2041422716612512,1000.0,0.0
2yzt_A,0,R1,M2_UNIFORM_RANDOM_MEAN_20SEEDS,10,951,500,0.0,0.0,0.3999525505585809,0.0,0.0
2yzt_A,1,R2,M1_DEVELOPMENT_CONSTANT_MEAN,0,951,500,17796.884765625,0.1934624723653721,0.0,0.0,0.0
2yzt_A,1,R2,M3_MEAN_WITHIN_RUN_VARIANCE,5,951,500,18888.708984375,0.1993085259228026,-0.0613491761692404,1000.0,-0.4221536725858985
2yzt_A,1,R2,M3_MEAN_WITHIN_RUN_VARIANCE,10,951,500,18047.20703125,0.1948182956235733,-0.0140655102801194,1000.0,-0.3587959759791643
2yzt_A,1,R2,M3_MEAN_WITHIN_RUN_VARIANCE,20,951,500,9871.4384765625,0.1440837359978597,0.4453277297367594,100.0,0.2567674956100962
2yzt_A,1,R2,M3b_POOLED_DEVELOPMENT_VARIANCE,5,951,500,12170.0576171875,0.1599819759642073,0.3161692185199635,100.0,0.0837016891846682
2yzt_A,1,R2,M3b_POOLED_DEVELOPMENT_VARIANCE,10,951,500,6880.283203125,0.1202895490522711,0.6133995756148071,1e-06,0.4819751824304442
2yzt_A,1,R2,M3b_POOLED_DEVELOPMENT_VARIANCE,20,951,500,5071.35888671875,0.103273028297573,0.7150423260303302,10.0,0.6181712751403879
2yzt_A,1,R2,M4_BUDGET_MATCHED_PCA_QR,5,951,500,15033.849609375,0.1778114977338099,0.1552538656420842,1000.0,-0.1319166626349599
2yzt_A,1,R2,M4_BUDGET_MATCHED_PCA_QR,10,951,500,17397.02734375,0.1912767845137019,0.0224678322718215,1000.0,-0.3098431634188265
2yzt_A,1,R2,M4_BUDGET_MATCHED_PCA_QR,20,951,500,17417.861328125,0.1913912829589997,0.0212971788316621,1000.0,-0.3114117792208919
2yzt_A,1,R2,M5_DEVELOPMENT_TUNED_PCA_QR,10,951,500,14848.5048828125,0.1767120245097527,0.1656683133953503,1000.0,-0.1179618347113928
2yzt_A,1,R2,M6_POOLED_ERROR_GREEDY,5,951,500,5575.59326171875,0.1082854938783439,0.6867095935526814,10.0,0.5802068611169892
2yzt_A,1,R2,M6_POOLED_ERROR_GREEDY,10,951,500,5909.91748046875,0.1114847457698426,0.6679240463542326,1e-06,0.5550351876096558
2yzt_A,1,R2,M6_POOLED_ERROR_GREEDY,20,951,500,4288.2158203125,0.094964887199783,0.7590468288812396,1.0,0.6771350608057365
2yzt_A,1,R2,M7_MEAN_TRANSFER,5,951,500,6796.783203125,0.1195573961931674,0.6180914079832045,1.0,0.4882619981021322
2yzt_A,1,R2,M7_MEAN_TRANSFER,10,951,500,5519.244140625,0.1077369165975596,0.689875828645836,1.0,0.5844494543813967
2yzt_A,1,R2,M7_MEAN_TRANSFER,20,951,500,4472.4404296875,0.0969833143332882,0.748695320075,1.0,0.6632645678556843
2yzt_A,1,R2,M8_ROBUST_TRANSFER,5,951,500,7726.84814453125,0.1274752663132028,0.5658314223927665,10.0,0.4182362873318281
2yzt_A,1,R2,M8_ROBUST_TRANSFER,10,951,500,5475.017578125,0.1073043920408751,0.6923609019090748,1e-06,0.5877793255937307
2yzt_A,1,R2,M8_ROBUST_TRANSFER,20,951,500,4635.62939453125,0.0987368103455118,0.7395257959142911,1.0,0.6509778739439931
2yzt_A,1,R2,M10_INFORMATION_IMBALANCE,5,951,500,7110.96044921875,0.1222894159777805,0.6004379113049214,1.0,0.4646072144562644
2yzt_A,1,R2,M10_INFORMATION_IMBALANCE,10,951,500,6719.44970703125,0.1188752910417257,0.622436746906965,1.0,0.4940845302600797
2yzt_A,1,R2,M10_INFORMATION_IMBALANCE,20,951,500,5481.53515625,0.1073682417671456,0.6919946817412852,1.0,0.5872886092787881
2yzt_A,1,R2,M2_UNIFORM_RANDOM_SEED_1,10,951,500,14630.2041015625,0.1754082160977056,0.1779345489823589,1000.0,0.0
2yzt_A,1,R2,M2_UNIFORM_RANDOM_SEED_2,10,951,500,15559.5595703125,0.1808936780422465,0.1257144283832153,1000.0,0.0
2yzt_A,1,R2,M2_UNIFORM_RANDOM_SEED_3,10,951,500,18564.638671875,0.1975913779046033,-0.0431397919557769,1000.0,0.0
2yzt_A,1,R2,M2_UNIFORM_RANDOM_SEED_4,10,951,500,18332.78125,0.1963536223380094,-0.0301118140299527,1000.0,0.0
2yzt_A,1,R2,M2_UNIFORM_RANDOM_SEED_5,10,951,500,17356.265625,0.1910525696892299,0.0247582173188009,1000.0,0.0
2yzt_A,1,R2,M2_UNIFORM_RANDOM_SEED_6,10,951,500,13709.1357421875,0.1697969080816408,0.2296890201443041,1000.0,0.0
2yzt_A,1,R2,M2_UNIFORM_RANDOM_SEED_7,10,951,500,18574.55859375,0.1976441618368776,-0.0436971884892511,1000.0,0.0
2yzt_A,1,R2,M2_UNIFORM_RANDOM_SEED_8,10,951,500,19871.724609375,0.2044290071079955,-0.1165844399778095,100.0,0.0
2yzt_A,1,R2,M2_UNIFORM_RANDOM_SEED_9,10,951,500,17522.208984375,0.1919637243617142,0.0154339248057918,1000.0,0.0
2yzt_A,1,R2,M2_UNIFORM_RANDOM_SEED_10,10,951,500,17194.466796875,0.1901599680609572,0.0338496302405453,1000.0,0.0
2yzt_A,1,R2,M2_UNIFORM_RANDOM_SEED_11,10,951,500,15683.115234375,0.1816104799385255,0.1187718839048047,1000.0,0.0
2yzt_A,1,R2,M2_UNIFORM_RANDOM_SEED_12,10,951,500,16473.494140625,0.1861305249688616,0.0743608020408241,1000.0,0.0
2yzt_A,1,R2,M2_UNIFORM_RANDOM_SEED_13,10,951,500,19003.041015625,0.1999108161599021,-0.0677734483244905,1000.0,0.0
2yzt_A,1,R2,M2_UNIFORM_RANDOM_SEED_14,10,951,500,17472.55859375,0.1916915601833607,0.0182237608517554,1000.0,0.0
2yzt_A,1,R2,M2_UNIFORM_RANDOM_SEED_15,10,951,500,18638.119140625,0.1979820337291943,-0.0472686307788461,1e-06,0.0
2yzt_A,1,R2,M2_UNIFORM_RANDOM_SEED_16,10,951,500,24296.75,0.2260470438553706,-0.3652248873875727,10.0,0.0
2yzt_A,1,R2,M2_UNIFORM_RANDOM_SEED_17,10,951,500,18223.58203125,0.1957679586945207,-0.0239759526031866,1000.0,0.0
2yzt_A,1,R2,M2_UNIFORM_RANDOM_SEED_18,10,951,500,18017.86328125,0.194659849360897,-0.0124166964350875,1000.0,0.0
2yzt_A,1,R2,M2_UNIFORM_RANDOM_SEED_19,10,951,500,15573.9208984375,0.1809771403754063,0.1249074709682446,100.0,0.0
2yzt_A,1,R2,M2_UNIFORM_RANDOM_SEED_20,10,951,500,15051.4677734375,0.1779156558487281,0.1542639078885492,1000.0,0.0
2yzt_A,1,R2,M2_UNIFORM_RANDOM_MEAN_20SEEDS,10,951,500,0.0,0.0,0.017385737277361,0.0,0.0
2yzt_A,2,R3,M1_DEVELOPMENT_CONSTANT_MEAN,0,951,500,17724.8125,0.1930703412675854,0.0,0.0,0.0
2yzt_A,2,R3,M3_MEAN_WITHIN_RUN_VARIANCE,5,951,500,11780.4814453125,0.1574005549242359,0.3353677820110932,1.0,-0.4803638049770786
2yzt_A,2,R3,M3_MEAN_WITHIN_RUN_VARIANCE,10,951,500,10321.916015625,0.147334651413365,0.4176572521923716,1e-06,-0.2970769436273353
2yzt_A,2,R3,M3_MEAN_WITHIN_RUN_VARIANCE,20,951,500,7379.7822265625,0.1245794796246934,0.5836468099979901,1.0,0.0726387077190902
2yzt_A,2,R3,M3b_POOLED_DEVELOPMENT_VARIANCE,5,951,500,9734.341796875,0.1430797046620255,0.4508070651311544,10.0,-0.2232409454796289
2yzt_A,2,R3,M3b_POOLED_DEVELOPMENT_VARIANCE,10,951,500,10237.828125,0.1467332904195573,0.4224013300563828,10.0,-0.2865102558144485
2yzt_A,2,R3,M3b_POOLED_DEVELOPMENT_VARIANCE,20,951,500,6494.736328125,0.1168706613257006,0.6335794058117681,1e-06,0.1838557169620889
2yzt_A,2,R3,M4_BUDGET_MATCHED_PCA_QR,5,951,500,14682.54296875,0.1757216933077657,0.1716390247428569,1000.0,-0.8450438784576877
2yzt_A,2,R3,M4_BUDGET_MATCHED_PCA_QR,10,951,500,16132.5390625,0.1841942641488076,0.089833020095417,1000.0,-1.0272538963173363
2yzt_A,2,R3,M4_BUDGET_MATCHED_PCA_QR,20,951,500,14470.373046875,0.1744474409885548,0.1836092456901871,1000.0,-0.8183820926633947
2yzt_A,2,R3,M5_DEVELOPMENT_TUNED_PCA_QR,10,951,500,16132.5390625,0.1841942641488076,0.089833020095417,1000.0,-1.0272538963173363
2yzt_A,2,R3,M6_POOLED_ERROR_GREEDY,5,951,500,11186.01171875,0.1533777541751571,0.3689066263042274,100.0,-0.4056613006318157
2yzt_A,2,R3,M6_POOLED_ERROR_GREEDY,10,951,500,8782.126953125,0.1359016078261276,0.5045292042934164,100.0,-0.1035833240323917
2yzt_A,2,R3,M6_POOLED_ERROR_GREEDY,20,951,500,7523.78662109375,0.1257890897581942,0.5755223576501162,1.0,0.0545427670386245
2yzt_A,2,R3,M7_MEAN_TRANSFER,5,951,500,10028.4482421875,0.1452250745425658,0.4342141423393054,10.0,-0.2601990730801216
2yzt_A,2,R3,M7_MEAN_TRANSFER,10,951,500,8521.6171875,0.1338707664047375,0.5192266667136818,0.01,-0.0708470364991038
2yzt_A,2,R3,M7_MEAN_TRANSFER,20,951,500,6835.32861328125,0.1198959294014055,0.6143638408992338,1.0,0.141056066239803
2yzt_A,2,R3,M8_ROBUST_TRANSFER,5,951,500,13610.962890625,0.1691878471858537,0.2320955219907121,100.0,-0.7103865328173729
2yzt_A,2,R3,M8_ROBUST_TRANSFER,10,951,500,9263.408203125,0.139575804723439,0.4773762372310003,100.0,-0.164062290517893
2yzt_A,2,R3,M8_ROBUST_TRANSFER,20,951,500,8110.16357421875,0.1305989081667231,0.5424400921466024,10.0,-0.0191427798134857
2yzt_A,2,R3,M10_INFORMATION_IMBALANCE,5,951,500,10063.8291015625,0.1454810295940342,0.4322180219642662,10.0,-0.2646451174842383
2yzt_A,2,R3,M10_INFORMATION_IMBALANCE,10,951,500,9193.3896484375,0.139047304120772,0.4813265500869191,1.0,-0.1552635895040708
2yzt_A,2,R3,M10_INFORMATION_IMBALANCE,20,951,500,8214.330078125,0.1314349349303171,0.5365632173471511,10.0,-0.0322325947577786
2yzt_A,2,R3,M2_UNIFORM_RANDOM_SEED_1,10,951,500,14969.7412109375,0.1774319745595,0.1554358495505946,1000.0,0.0
2yzt_A,2,R3,M2_UNIFORM_RANDOM_SEED_2,10,951,500,17274.49609375,0.1906019911214287,0.0254059898376922,1000.0,0.0
2yzt_A,2,R3,M2_UNIFORM_RANDOM_SEED_3,10,951,500,15877.82421875,0.1827343674312079,0.1042035441136542,1000.0,0.0
2yzt_A,2,R3,M2_UNIFORM_RANDOM_SEED_4,10,951,500,14048.81640625,0.1718876238075079,0.2073926645909513,1000.0,0.0
2yzt_A,2,R3,M2_UNIFORM_RANDOM_SEED_5,10,951,500,15400.9521484375,0.1799693404688879,0.1311077536962661,100.0,0.0
2yzt_A,2,R3,M2_UNIFORM_RANDOM_SEED_6,10,951,500,16781.314453125,0.1878614746438523,0.0532303541645362,1000.0,0.0
2yzt_A,2,R3,M2_UNIFORM_RANDOM_SEED_7,10,951,500,14636.8876953125,0.1754482778557542,0.1742148078964164,100.0,0.0
2yzt_A,2,R3,M2_UNIFORM_RANDOM_SEED_8,10,951,500,17364.751953125,0.1910992714593997,0.0203139269808918,1000.0,0.0
2yzt_A,2,R3,M2_UNIFORM_RANDOM_SEED_9,10,951,500,15082.0078125,0.1780960634252508,0.1491019827431179,1000.0,0.0
2yzt_A,2,R3,M2_UNIFORM_RANDOM_SEED_10,10,951,500,17238.927734375,0.1904056643113333,0.0274126886038992,1000.0,0.0
2yzt_A,2,R3,M2_UNIFORM_RANDOM_SEED_11,10,951,500,18615.326171875,0.1978609383880512,-0.05024107712705,1000.0,0.0
2yzt_A,2,R3,M2_UNIFORM_RANDOM_SEED_12,10,951,500,14679.0068359375,0.1757005316920874,0.1718385265887861,1000.0,0.0
2yzt_A,2,R3,M2_UNIFORM_RANDOM_SEED_13,10,951,500,16774.794921875,0.1878249790601291,0.0535981736407649,1000.0,0.0
2yzt_A,2,R3,M2_UNIFORM_RANDOM_SEED_14,10,951,500,17791.884765625,0.1934352940045174,-0.003784088865538,1000.0,0.0
2yzt_A,2,R3,M2_UNIFORM_RANDOM_SEED_15,10,951,500,21814.162109375,0.2141874436285874,-0.2307132788781263,1000.0,0.0
2yzt_A,2,R3,M2_UNIFORM_RANDOM_SEED_16,10,951,500,25665.564453125,0.2323272486811612,-0.4480020284065065,1000.0,0.0
2yzt_A,2,R3,M2_UNIFORM_RANDOM_SEED_17,10,951,500,17257.72265625,0.1905094319224629,0.026352315080907,1000.0,0.0
2yzt_A,2,R3,M2_UNIFORM_RANDOM_SEED_18,10,951,500,19920.03125,0.2046773319148696,-0.1238500407268059,1000.0,0.0
2yzt_A,2,R3,M2_UNIFORM_RANDOM_SEED_19,10,951,500,17367.427734375,0.1911139943921524,0.0201629645236021,1000.0,0.0
2yzt_A,2,R3,M2_UNIFORM_RANDOM_SEED_20,10,951,500,14860.6171875,0.1767840840734919,0.161592418114437,1000.0,0.0
2yzt_A,2,R3,M2_UNIFORM_RANDOM_MEAN_20SEEDS,10,951,500,0.0,0.0,0.0312386723061245,0.0,0.0
6l34_A,0,R1,M1_DEVELOPMENT_CONSTANT_MEAN,0,951,500,3025.469970703125,0.0797666150224589,0.0,0.0,0.0
6l34_A,0,R1,M3_MEAN_WITHIN_RUN_VARIANCE,5,951,500,3467.208984375,0.0853915209454023,-0.1460067420762447,10.0,-1.160435400733289
6l34_A,0,R1,M3_MEAN_WITHIN_RUN_VARIANCE,10,951,500,3519.415771484375,0.0860320016203636,-0.1632625032025871,0.01,-1.1929657130213362
6l34_A,0,R1,M3_MEAN_WITHIN_RUN_VARIANCE,20,951,500,4076.96533203125,0.0925962179770963,-0.3475477765471773,100.0,-1.5403776555079496
6l34_A,0,R1,M3b_POOLED_DEVELOPMENT_VARIANCE,5,951,500,3433.693115234375,0.0849777989839488,-0.1349288370019346,1.0,-1.1395514936760391
6l34_A,0,R1,M3b_POOLED_DEVELOPMENT_VARIANCE,10,951,500,3519.41552734375,0.0860319986363588,-0.1632624225074794,0.01,-1.1929655608960816
6l34_A,0,R1,M3b_POOLED_DEVELOPMENT_VARIANCE,20,951,500,4626.59130859375,0.0986405098111409,-0.529214090172748,10.0,-1.8828523728611284
6l34_A,0,R1,M4_BUDGET_MATCHED_PCA_QR,5,951,500,2751.952880859375,0.0760755737049071,0.09040482718134,1e-06,-0.7147557161254519
6l34_A,0,R1,M4_BUDGET_MATCHED_PCA_QR,10,951,500,2621.763427734375,0.0742542797448726,0.1334359775102734,10.0,-0.6336340114341905
6l34_A,0,R1,M4_BUDGET_MATCHED_PCA_QR,20,951,500,2164.545166015625,0.0674695891461416,0.2845590314973178,100.0,-0.348739007143878
6l34_A,0,R1,M5_DEVELOPMENT_TUNED_PCA_QR,10,951,500,2621.763427734375,0.0742542797448726,0.1334359775102734,10.0,-0.6336340114341905
6l34_A,0,R1,M6_POOLED_ERROR_GREEDY,5,951,500,2764.677490234375,0.076251251772792,0.0861989981702384,1.0,-0.7226844843878035
6l34_A,0,R1,M6_POOLED_ERROR_GREEDY,10,951,500,2710.10107421875,0.075494877288328,0.1042379860115031,1.0,-0.6886776443799874
6l34_A,0,R1,M6_POOLED_ERROR_GREEDY,20,951,500,2650.860107421875,0.0746651847638434,0.1238187345796693,1.0,-0.6517642992604964
6l34_A,0,R1,M7_MEAN_TRANSFER,5,951,500,2769.78466796875,0.0763216485939495,0.084510937213154,10.0,-0.7258667925858107
6l34_A,0,R1,M7_MEAN_TRANSFER,10,951,500,2717.0029296875,0.0755909481348901,0.1019567353180295,1.0,-0.6929782253235153
6l34_A,0,R1,M7_MEAN_TRANSFER,20,951,500,2654.97998046875,0.0747231832328322,0.1224570046379512,1.0,-0.6543314129294753
6l34_A,0,R1,M8_ROBUST_TRANSFER,5,951,500,2776.563720703125,0.0764149901984601,0.0822702761588322,1.0,-0.7300908545263463
6l34_A,0,R1,M8_ROBUST_TRANSFER,10,951,500,2717.080078125,0.0755920213177853,0.1019312356640097,1.0,-0.693026296903924
6l34_A,0,R1,M8_ROBUST_TRANSFER,20,951,500,2652.65283203125,0.07469042779548,0.1232261904041412,1.0,-0.6528813550039816
6l34_A,0,R1,M10_INFORMATION_IMBALANCE,5,951,500,2885.2451171875,0.0778961685518137,0.0463481227291892,1e-06,-0.7978107806756203
6l34_A,0,R1,M10_INFORMATION_IMBALANCE,10,951,500,2775.355224609375,0.0763983586212407,0.082669716941736,1.0,-0.7293378345167791
6l34_A,0,R1,M10_INFORMATION_IMBALANCE,20,951,500,2690.6982421875,0.0752241409528735,0.1106511489974642,0.01,-0.6765876419071912
6l34_A,0,R1,M2_UNIFORM_RANDOM_SEED_1,10,951,500,2999.890625,0.0794286991203666,0.0084546685145846,100.0,0.0
6l34_A,0,R1,M2_UNIFORM_RANDOM_SEED_2,10,951,500,2508.713623046875,0.0726357262926642,0.1708020085012296,100.0,0.0
6l34_A,0,R1,M2_UNIFORM_RANDOM_SEED_3,10,951,500,2897.240966796875,0.0780579332267765,0.0423831686144448,0.01,0.0
6l34_A,0,R1,M2_UNIFORM_RANDOM_SEED_4,10,951,500,3974.238525390625,0.091422207544815,-0.3135937767932975,10.0,0.0
6l34_A,0,R1,M2_UNIFORM_RANDOM_SEED_5,10,951,500,2393.18505859375,0.070943544127738,0.2089873369202308,100.0,0.0
6l34_A,0,R1,M2_UNIFORM_RANDOM_SEED_6,10,951,500,2893.10009765625,0.0780021312989878,0.0437518383354212,0.0001,0.0
6l34_A,0,R1,M2_UNIFORM_RANDOM_SEED_7,10,951,500,2913.376708984375,0.0782749973038096,0.0370498675591545,10.0,0.0
6l34_A,0,R1,M2_UNIFORM_RANDOM_SEED_8,10,951,500,2888.245361328125,0.0779366584910936,0.0453564605511879,100.0,0.0
6l34_A,0,R1,M2_UNIFORM_RANDOM_SEED_9,10,951,500,2892.61376953125,0.0779955749712925,0.0439125829898747,1e-06,0.0
6l34_A,0,R1,M2_UNIFORM_RANDOM_SEED_10,10,951,500,2828.991943359375,0.0771330659987447,0.0649413245698447,10.0,0.0
6l34_A,0,R1,M2_UNIFORM_RANDOM_SEED_11,10,951,500,2756.919921875,0.0761441977255393,0.088763085216051,10.0,0.0
6l34_A,0,R1,M2_UNIFORM_RANDOM_SEED_12,10,951,500,3182.848388671875,0.0818149586752467,-0.052017841688303,1e-06,0.0
6l34_A,0,R1,M2_UNIFORM_RANDOM_SEED_13,10,951,500,2789.43310546875,0.0765918773710322,0.0780165949488896,10.0,0.0
6l34_A,0,R1,M2_UNIFORM_RANDOM_SEED_14,10,951,500,2495.412353515625,0.0724429120540289,0.1751984393566179,1000.0,0.0
6l34_A,0,R1,M2_UNIFORM_RANDOM_SEED_15,10,951,500,2789.012939453125,0.0765861087229471,0.0781554712291681,1.0,0.0
6l34_A,0,R1,M2_UNIFORM_RANDOM_SEED_16,10,951,500,3013.3359375,0.0796064972262372,0.0040106275456784,10.0,0.0
6l34_A,0,R1,M2_UNIFORM_RANDOM_SEED_17,10,951,500,2827.97021484375,0.0771191359184141,0.0652790335953906,10.0,0.0
6l34_A,0,R1,M2_UNIFORM_RANDOM_SEED_18,10,951,500,2763.0859375,0.0762293006845802,0.0867250495770567,100.0,0.0
6l34_A,0,R1,M2_UNIFORM_RANDOM_SEED_19,10,951,500,2793.521240234375,0.076647982547969,0.0766653553711672,10.0,0.0
6l34_A,0,R1,M2_UNIFORM_RANDOM_SEED_20,10,951,500,3762.12060546875,0.0889490054106931,-0.2434830429318146,100.0,0.0
6l34_A,0,R1,M2_UNIFORM_RANDOM_MEAN_20SEEDS,10,951,500,0.0,0.0,0.0354679125991288,0.0,0.0
6l34_A,1,R2,M1_DEVELOPMENT_CONSTANT_MEAN,0,951,500,1814.9222412109373,0.0617808317339536,0.0,0.0,0.0
6l34_A,1,R2,M3_MEAN_WITHIN_RUN_VARIANCE,5,951,500,1425.934326171875,0.0547613947958131,0.2143275927785893,10.0,-0.0169000570290849
6l34_A,1,R2,M3_MEAN_WITHIN_RUN_VARIANCE,10,951,500,1415.4622802734375,0.0545599407066447,0.2200975622354903,100.0,-0.0094319542729635
6l34_A,1,R2,M3_MEAN_WITHIN_RUN_VARIANCE,20,951,500,1396.875,0.0542005273118562,0.2303389267696732,100.0,0.0038234993781296
6l34_A,1,R2,M3b_POOLED_DEVELOPMENT_VARIANCE,5,951,500,1501.946533203125,0.0562020265472624,0.1724457945917239,1000.0,-0.0711078955292627
6l34_A,1,R2,M3b_POOLED_DEVELOPMENT_VARIANCE,10,951,500,1433.8944091796875,0.0549140310662846,0.209941684210682,100.0,-0.0225767622714168
6l34_A,1,R2,M3b_POOLED_DEVELOPMENT_VARIANCE,20,951,500,1416.3909912109375,0.0545778366639114,0.2195858538457797,100.0,-0.0100942612165397
6l34_A,1,R2,M4_BUDGET_MATCHED_PCA_QR,5,951,500,1262.656005859375,0.0515308449657082,0.3042919541186977,100.0,0.0995413036913253
6l34_A,1,R2,M4_BUDGET_MATCHED_PCA_QR,10,951,500,940.8670043945312,0.0444824663148551,0.4815937658206372,10.0,0.3290240000083572
6l34_A,1,R2,M4_BUDGET_MATCHED_PCA_QR,20,951,500,715.6701049804688,0.0387954842781931,0.6056745084004451,10.0,0.4896223779657235
6l34_A,1,R2,M5_DEVELOPMENT_TUNED_PCA_QR,10,951,500,940.8670043945312,0.0444824663148551,0.4815937658206372,10.0,0.3290240000083572
6l34_A,1,R2,M6_POOLED_ERROR_GREEDY,5,951,500,1313.6048583984375,0.0525602124971584,0.2762197583065681,100.0,0.0632073084282823
6l34_A,1,R2,M6_POOLED_ERROR_GREEDY,10,951,500,1118.1365966796875,0.0484922315735796,0.3839203844162197,10.0,0.2026048128160223
6l34_A,1,R2,M6_POOLED_ERROR_GREEDY,20,951,500,1037.1802978515625,0.0467037624346833,0.4285263168302221,10.0,0.2603385130181879
6l34_A,1,R2,M7_MEAN_TRANSFER,5,951,500,1365.0196533203125,0.0535789491542316,0.2478908339293063,1000.0,0.0265410279912607
6l34_A,1,R2,M7_MEAN_TRANSFER,10,951,500,1081.171875,0.0476839374049095,0.4042874948302857,100.0,0.2289660742669986
6l34_A,1,R2,M7_MEAN_TRANSFER,20,951,500,1021.5634155273438,0.0463508182259518,0.4371310283542811,10.0,0.2714756378034147
6l34_A,1,R2,M8_ROBUST_TRANSFER,5,951,500,1382.4697265625,0.0539203315912622,0.238276056587361,1000.0,0.0140965695407926
6l34_A,1,R2,M8_ROBUST_TRANSFER,10,951,500,1100.2403564453125,0.0481025970744912,0.3937809943244625,100.0,0.2153674536900934
6l34_A,1,R2,M8_ROBUST_TRANSFER,20,951,500,1028.6995849609375,0.0465124291691525,0.4331990861081867,10.0,0.2663865036330687
6l34_A,1,R2,M10_INFORMATION_IMBALANCE,5,951,500,1453.92333984375,0.0552962262636287,0.1989059879096113,1000.0,-0.0368603238357112
6l34_A,1,R2,M10_INFORMATION_IMBALANCE,10,951,500,1441.1051025390625,0.0550519323225632,0.2059686801912019,1000.0,-0.0277190429177163
6l34_A,1,R2,M10_INFORMATION_IMBALANCE,20,951,500,1402.248779296875,0.0543046819742617,0.2273780399752674,100.0,-8.792455481243522e-06
6l34_A,1,R2,M2_UNIFORM_RANDOM_SEED_1,10,951,500,1255.140625,0.0513772592253614,0.3084328372313321,100.0,0.0
6l34_A,1,R2,M2_UNIFORM_RANDOM_SEED_2,10,951,500,1101.7908935546875,0.0481364799448608,0.3929266673047328,100.0,0.0
6l34_A,1,R2,M2_UNIFORM_RANDOM_SEED_3,10,951,500,1151.0733642578125,0.0492012619044699,0.3657726275425427,100.0,0.0
6l34_A,1,R2,M2_UNIFORM_RANDOM_SEED_4,10,951,500,1128.30517578125,0.0487122320098795,0.3783176214599522,100.0,0.0
6l34_A,1,R2,M2_UNIFORM_RANDOM_SEED_5,10,951,500,1136.021728515625,0.0488785212455284,0.3740658950999146,100.0,0.0
6l34_A,1,R2,M2_UNIFORM_RANDOM_SEED_6,10,951,500,1488.4898681640625,0.055949689511125,0.1798602527616144,1000.0,0.0
6l34_A,1,R2,M2_UNIFORM_RANDOM_SEED_7,10,951,500,1464.909423828125,0.0555047467931174,0.1928527897422646,1e-06,0.0
6l34_A,1,R2,M2_UNIFORM_RANDOM_SEED_8,10,951,500,1507.846435546875,0.0563123039328979,0.1691950204209178,100.0,0.0
6l34_A,1,R2,M2_UNIFORM_RANDOM_SEED_9,10,951,500,1572.230224609375,0.0575019813970208,0.1337203385857652,1000.0,0.0
6l34_A,1,R2,M2_UNIFORM_RANDOM_SEED_10,10,951,500,1530.219970703125,0.0567285485836007,0.1568674756654344,100.0,0.0
6l34_A,1,R2,M2_UNIFORM_RANDOM_SEED_11,10,951,500,964.7667236328124,0.0450438908196678,0.4684253122662111,10.0,0.0
6l34_A,1,R2,M2_UNIFORM_RANDOM_SEED_12,10,951,500,1252.3494873046875,0.0513201019581419,0.3099707200297985,100.0,0.0
6l34_A,1,R2,M2_UNIFORM_RANDOM_SEED_13,10,951,500,1374.7686767578125,0.0537699402135964,0.2425192410223864,1000.0,0.0
6l34_A,1,R2,M2_UNIFORM_RANDOM_SEED_14,10,951,500,990.530029296875,0.0456413584948021,0.4542300453401344,100.0,0.0
6l34_A,1,R2,M2_UNIFORM_RANDOM_SEED_15,10,951,500,1535.5330810546875,0.0568269474638047,0.1539400167193049,100.0,0.0
6l34_A,1,R2,M2_UNIFORM_RANDOM_SEED_16,10,951,500,1248.8438720703125,0.0512482232170332,0.3119022712306015,100.0,0.0
6l34_A,1,R2,M2_UNIFORM_RANDOM_SEED_17,10,951,500,1353.862548828125,0.0533595338278177,0.2540382623087962,100.0,0.0
6l34_A,1,R2,M2_UNIFORM_RANDOM_SEED_18,10,951,500,1499.6776123046875,0.0561595596068553,0.1736959423098563,100.0,0.0
6l34_A,1,R2,M2_UNIFORM_RANDOM_SEED_19,10,951,500,1098.858642578125,0.0480723832648389,0.3945423017985864,100.0,0.0
6l34_A,1,R2,M2_UNIFORM_RANDOM_SEED_20,10,951,500,1275.7978515625,0.0517983197978986,0.2970509575598827,100.0,0.0
6l34_A,1,R2,M2_UNIFORM_RANDOM_MEAN_20SEEDS,10,951,500,0.0,0.0,0.2856163298200014,0.0,0.0
6l34_A,2,R3,M1_DEVELOPMENT_CONSTANT_MEAN,0,951,500,1738.322998046875,0.0604630397491162,0.0,0.0,0.0
6l34_A,2,R3,M3_MEAN_WITHIN_RUN_VARIANCE,5,951,500,1399.72607421875,0.0542558117704466,0.1947836646058078,100.0,-0.0172882712864301
6l34_A,2,R3,M3_MEAN_WITHIN_RUN_VARIANCE,10,951,500,1357.0531005859375,0.0534223711412277,0.2193320216607157,100.0,0.013725450881891
6l34_A,2,R3,M3_MEAN_WITHIN_RUN_VARIANCE,20,951,500,1104.9163818359375,0.0482047068013517,0.3643779763154564,10.0,0.1969725386295291
6l34_A,2,R3,M3b_POOLED_DEVELOPMENT_VARIANCE,5,951,500,1466.7115478515625,0.0555388771263278,0.1562491266010325,1000.0,-0.0659717515247051
6l34_A,2,R3,M3b_POOLED_DEVELOPMENT_VARIANCE,10,951,500,1439.980712890625,0.0550304516195189,0.1716264960490415,100.0,-0.0465444039969877
6l34_A,2,R3,M3b_POOLED_DEVELOPMENT_VARIANCE,20,951,500,1409.0390625,0.0544360063330233,0.1894262090053736,100.0,-0.0240567340047026
6l34_A,2,R3,M4_BUDGET_MATCHED_PCA_QR,5,951,500,1144.672607421875,0.0490642748344478,0.3415075284006521,10.0,0.1680786409276055
6l34_A,2,R3,M4_BUDGET_MATCHED_PCA_QR,10,951,500,940.3350830078124,0.0444698904033674,0.4590561799709586,100.0,0.316586388835461
6l34_A,2,R3,M4_BUDGET_MATCHED_PCA_QR,20,951,500,765.759765625,0.040130171096436,0.5594836135255741,10.0,0.443463658681823
6l34_A,2,R3,M5_DEVELOPMENT_TUNED_PCA_QR,10,951,500,940.3350830078124,0.0444698904033674,0.4590561799709586,100.0,0.316586388835461
6l34_A,2,R3,M6_POOLED_ERROR_GREEDY,5,951,500,1059.48876953125,0.0472033605161693,0.3905109863232218,100.0,0.2299882679506387
6l34_A,2,R3,M6_POOLED_ERROR_GREEDY,10,951,500,985.020263671875,0.0455142427800343,0.4333502664472525,10.0,0.2841102415183955
6l34_A,2,R3,M6_POOLED_ERROR_GREEDY,20,951,500,852.53271484375,0.0423428675564088,0.5095659921650758,10.0,0.3803991026011366
6l34_A,2,R3,M7_MEAN_TRANSFER,5,951,500,1161.67578125,0.0494273363627444,0.3317261621947001,1000.0,0.1557211306771443
6l34_A,2,R3,M7_MEAN_TRANSFER,10,951,500,954.702880859375,0.0448083400880884,0.4507908588150481,10.0,0.3061442083918575
6l34_A,2,R3,M7_MEAN_TRANSFER,20,951,500,869.8638916015625,0.0427710971820551,0.4995959366706221,0.01,0.3678032074699016
6l34_A,2,R3,M8_ROBUST_TRANSFER,5,951,500,1226.6435546875,0.0507906686141287,0.2943523406951883,10.0,0.1085040678911624
6l34_A,2,R3,M8_ROBUST_TRANSFER,10,951,500,945.4015502929688,0.0445895299771305,0.4561416081158724,10.0,0.3129041985548216
6l34_A,2,R3,M8_ROBUST_TRANSFER,20,951,500,848.6548461914062,0.0422464564605481,0.5117968023520784,1.0,0.383217447111737
6l34_A,2,R3,M10_INFORMATION_IMBALANCE,5,951,500,1415.3360595703125,0.0545575080216818,0.1858037538705179,1000.0,-0.0286332446391348
6l34_A,2,R3,M10_INFORMATION_IMBALANCE,10,951,500,1365.2337646484375,0.0535831510754689,0.2146259549103525,100.0,0.0077799350017495
6l34_A,2,R3,M10_INFORMATION_IMBALANCE,20,951,500,1334.8487548828125,0.0529835153794248,0.2321054508381891,100.0,0.0298630515677864
6l34_A,2,R3,M2_UNIFORM_RANDOM_SEED_1,10,951,500,1217.1617431640625,0.0505939848206244,0.2998069147496598,100.0,0.0
6l34_A,2,R3,M2_UNIFORM_RANDOM_SEED_2,10,951,500,1485.5450439453125,0.0558943167551152,0.1454148362448036,10.0,0.0
6l34_A,2,R3,M2_UNIFORM_RANDOM_SEED_3,10,951,500,1322.2816162109375,0.0527335148482056,0.2393349120407361,100.0,0.0
6l34_A,2,R3,M2_UNIFORM_RANDOM_SEED_4,10,951,500,1493.943115234375,0.0560520847470341,0.1405837022734426,100.0,0.0
6l34_A,2,R3,M2_UNIFORM_RANDOM_SEED_5,10,951,500,1507.7440185546875,0.0563103914587253,0.132644496880763,1000.0,0.0
6l34_A,2,R3,M2_UNIFORM_RANDOM_SEED_6,10,951,500,1553.6629638671875,0.057161438029651,0.1062288391669245,1000.0,0.0
6l34_A,2,R3,M2_UNIFORM_RANDOM_SEED_7,10,951,500,1423.9658203125,0.0547235826209671,0.1808393365833489,100.0,0.0
6l34_A,2,R3,M2_UNIFORM_RANDOM_SEED_8,10,951,500,1485.9637451171875,0.055902193112422,0.1451739712431063,100.0,0.0
6l34_A,2,R3,M2_UNIFORM_RANDOM_SEED_9,10,951,500,1173.407470703125,0.0496762911521722,0.3249773074270267,100.0,0.0
6l34_A,2,R3,M2_UNIFORM_RANDOM_SEED_10,10,951,500,1494.5511474609375,0.056063490136729,0.1402339213482373,100.0,0.0
6l34_A,2,R3,M2_UNIFORM_RANDOM_SEED_11,10,951,500,1579.2105712890625,0.0576294879261567,0.0915321415735661,1000.0,0.0
6l34_A,2,R3,M2_UNIFORM_RANDOM_SEED_12,10,951,500,1489.029296875,0.0559598266761956,0.1434104602263063,1000.0,0.0
6l34_A,2,R3,M2_UNIFORM_RANDOM_SEED_13,10,951,500,1304.4718017578125,0.0523771769787221,0.2495803120458763,100.0,0.0
6l34_A,2,R3,M2_UNIFORM_RANDOM_SEED_14,10,951,500,1558.06787109375,0.0572424120317525,0.1036948410368233,100.0,0.0
6l34_A,2,R3,M2_UNIFORM_RANDOM_SEED_15,10,951,500,1527.798583984375,0.0566836478048428,0.1211077655297885,1000.0,0.0
6l34_A,2,R3,M2_UNIFORM_RANDOM_SEED_16,10,951,500,1427.222900390625,0.0547861323260587,0.1789656456284547,1000.0,0.0
6l34_A,2,R3,M2_UNIFORM_RANDOM_SEED_17,10,951,500,1343.6787109375,0.0531584681488834,0.2270258677776138,100.0,0.0
6l34_A,2,R3,M2_UNIFORM_RANDOM_SEED_18,10,951,500,1400.7115478515625,0.0542749077440366,0.1942167540639122,100.0,0.0
6l34_A,2,R3,M2_UNIFORM_RANDOM_SEED_19,10,951,500,1086.5269775390625,0.0478018820940456,0.3749567952792145,100.0,0.0
6l34_A,2,R3,M2_UNIFORM_RANDOM_SEED_20,10,951,500,1405.5430908203125,0.0543684337117582,0.1914373264349971,100.0,0.0
6l34_A,2,R3,M2_UNIFORM_RANDOM_MEAN_20SEEDS,10,951,500,0.0,0.0,0.1865583073777301,0.0,0.0
4zmk_A,0,R1,M1_DEVELOPMENT_CONSTANT_MEAN,0,951,500,3635.183837890625,0.0874355263488976,0.0,0.0,0.0
4zmk_A,0,R1,M3_MEAN_WITHIN_RUN_VARIANCE,5,951,500,2914.462158203125,0.0782895775711118,0.1982627872008009,10.0,-0.0613052673653997
4zmk_A,0,R1,M3_MEAN_WITHIN_RUN_VARIANCE,10,951,500,2470.806884765625,0.0720848735175652,0.3203075841690165,1.0,0.1002523899431289
4zmk_A,0,R1,M3_MEAN_WITHIN_RUN_VARIANCE,20,951,500,1713.1767578125,0.0600241233981917,0.5287234884916855,1.0,0.3761444073388228
4zmk_A,0,R1,M3b_POOLED_DEVELOPMENT_VARIANCE,5,951,500,3125.153076171875,0.0810700399003641,0.1403039803386405,100.0,-0.1380286450894559
4zmk_A,0,R1,M3b_POOLED_DEVELOPMENT_VARIANCE,10,951,500,2579.246826171875,0.0736497355467267,0.2904769218855998,1.0,0.0607638411955259
4zmk_A,0,R1,M3b_POOLED_DEVELOPMENT_VARIANCE,20,951,500,1550.407958984375,0.0571015285389221,0.573499435482739,1.0,0.4354168817035383
4zmk_A,0,R1,M4_BUDGET_MATCHED_PCA_QR,5,951,500,3694.114013671875,0.0881413883485161,-0.0162110579297263,100.0,-0.3452165264604037
4zmk_A,0,R1,M4_BUDGET_MATCHED_PCA_QR,10,951,500,3067.790771484375,0.0803225722182029,0.156083733783183,100.0,-0.1171400856200142
4zmk_A,0,R1,M4_BUDGET_MATCHED_PCA_QR,20,951,500,2980.61279296875,0.0791730762977511,0.1800654586156227,100.0,-0.0853941089098744
4zmk_A,0,R1,M5_DEVELOPMENT_TUNED_PCA_QR,10,951,500,3067.790771484375,0.0803225722182029,0.156083733783183,100.0,-0.1171400856200142
4zmk_A,0,R1,M6_POOLED_ERROR_GREEDY,5,951,500,2851.861328125,0.0774442077677331,0.2154836026725296,0.0001,-0.0385090919145159
4zmk_A,0,R1,M6_POOLED_ERROR_GREEDY,10,951,500,2408.238037109375,0.0711663095232981,0.3375196016202596,1e-06,0.1230369189525919
4zmk_A,0,R1,M6_POOLED_ERROR_GREEDY,20,951,500,1969.3402099609373,0.0643554177176475,0.4582556762511137,1e-06,0.2828621458737236
4zmk_A,0,R1,M7_MEAN_TRANSFER,5,951,500,2576.383056640625,0.0736088370866319,0.2912647141016082,100.0,0.0618066866754308
4zmk_A,0,R1,M7_MEAN_TRANSFER,10,951,500,2437.518310546875,0.0715976359475974,0.3294649131249205,1e-06,0.1123744684755279
4zmk_A,0,R1,M7_MEAN_TRANSFER,20,951,500,2073.542724609375,0.0660360721710488,0.4295906845215889,0.0001,0.2449166617102612
4zmk_A,0,R1,M8_ROBUST_TRANSFER,5,951,500,3048.229248046875,0.0800660774435489,0.1614648986182608,100.0,-0.1100167308687862
4zmk_A,0,R1,M8_ROBUST_TRANSFER,10,951,500,2310.21044921875,0.0697028460620198,0.3644859373716606,10.0,0.1587337953325508
4zmk_A,0,R1,M8_ROBUST_TRANSFER,20,951,500,1967.4971923828125,0.0643252969877413,0.4587626705766592,1.0,0.2835332831736215
4zmk_A,0,R1,M10_INFORMATION_IMBALANCE,5,951,500,3345.235107421875,0.0838760678500429,0.0797617791558508,100.0,-0.218171809192883
4zmk_A,0,R1,M10_INFORMATION_IMBALANCE,10,951,500,2334.239013671875,0.0700643990035034,0.3578759375684407,100.0,0.1499837616601104
4zmk_A,0,R1,M10_INFORMATION_IMBALANCE,20,951,500,1641.4840087890625,0.0587547614696059,0.5484453931382022,1e-06,0.4022514171541058
4zmk_A,0,R1,M2_UNIFORM_RANDOM_SEED_1,10,951,500,3167.181396484375,0.0816133506491017,0.1287424411739837,100.0,0.0
4zmk_A,0,R1,M2_UNIFORM_RANDOM_SEED_2,10,951,500,3049.75,0.0800860473098272,0.1610465561021894,1000.0,0.0
4zmk_A,0,R1,M2_UNIFORM_RANDOM_SEED_3,10,951,500,3485.214111328125,0.0856129518308695,0.0412550597852355,100.0,0.0
4zmk_A,0,R1,M2_UNIFORM_RANDOM_SEED_4,10,951,500,3076.205322265625,0.0804326539653048,0.1537689813094449,100.0,0.0
4zmk_A,0,R1,M2_UNIFORM_RANDOM_SEED_5,10,951,500,3178.55029296875,0.0817596988457616,0.125614979952938,1000.0,0.0
4zmk_A,0,R1,M2_UNIFORM_RANDOM_SEED_6,10,951,500,3504.7177734375,0.0858521676285124,0.0358898119795861,10.0,0.0
4zmk_A,0,R1,M2_UNIFORM_RANDOM_SEED_7,10,951,500,3461.923583984375,0.0853264108651848,0.0476620335126674,1000.0,0.0
4zmk_A,0,R1,M2_UNIFORM_RANDOM_SEED_8,10,951,500,3021.38916015625,0.0797128015182044,0.1688483182986804,1e-06,0.0
4zmk_A,0,R1,M2_UNIFORM_RANDOM_SEED_9,10,951,500,3265.60107421875,0.0828717107975491,0.1016682457210559,1000.0,0.0
4zmk_A,0,R1,M2_UNIFORM_RANDOM_SEED_10,10,951,500,3800.60302734375,0.0894027739984608,-0.0455050409635162,100.0,0.0
4zmk_A,0,R1,M2_UNIFORM_RANDOM_SEED_11,10,951,500,3173.183349609375,0.081690644557511,0.1270913683829903,1000.0,0.0
4zmk_A,0,R1,M2_UNIFORM_RANDOM_SEED_12,10,951,500,3209.03515625,0.0821508340155028,0.1172289217394586,100.0,0.0
4zmk_A,0,R1,M2_UNIFORM_RANDOM_SEED_13,10,951,500,3331.227783203125,0.0837002787503587,0.0836150434867347,1000.0,0.0
4zmk_A,0,R1,M2_UNIFORM_RANDOM_SEED_14,10,951,500,3138.3603515625,0.0812411651954759,0.1366708008408221,1000.0,0.0
4zmk_A,0,R1,M2_UNIFORM_RANDOM_SEED_15,10,951,500,3212.86669921875,0.082199862856742,0.1161749054531809,1000.0,0.0
4zmk_A,0,R1,M2_UNIFORM_RANDOM_SEED_16,10,951,500,3459.68505859375,0.0852988198136774,0.0482778277862038,1000.0,0.0
4zmk_A,0,R1,M2_UNIFORM_RANDOM_SEED_17,10,951,500,3462.3095703125,0.0853311674563196,0.0475558528226837,1000.0,0.0
4zmk_A,0,R1,M2_UNIFORM_RANDOM_SEED_18,10,951,500,3255.39013671875,0.0827420470154601,0.1044771648721503,100.0,0.0
4zmk_A,0,R1,M2_UNIFORM_RANDOM_SEED_19,10,951,500,3403.694091796875,0.0846057733920432,0.0636803409172493,1000.0,0.0
4zmk_A,0,R1,M2_UNIFORM_RANDOM_SEED_20,10,951,500,3042.35595703125,0.0799889050801591,0.1630805778459262,0.0001,0.0
4zmk_A,0,R1,M2_UNIFORM_RANDOM_MEAN_20SEEDS,10,951,500,0.0,0.0,0.0963422095509832,0.0,0.0
4zmk_A,1,R2,M1_DEVELOPMENT_CONSTANT_MEAN,0,951,500,3887.158935546875,0.0904150836492884,0.0,0.0,0.0
4zmk_A,1,R2,M3_MEAN_WITHIN_RUN_VARIANCE,5,951,500,2846.03759765625,0.0773650937036697,0.2678360610290179,100.0,-0.0979666551602183
4zmk_A,1,R2,M3_MEAN_WITHIN_RUN_VARIANCE,10,951,500,2669.753662109375,0.0749307940374152,0.3131863897574917,100.0,-0.0299584590526629
4zmk_A,1,R2,M3_MEAN_WITHIN_RUN_VARIANCE,20,951,500,1862.7559814453125,0.062589678777534,0.5207924316109174,1.0,0.281371421090331
4zmk_A,1,R2,M3b_POOLED_DEVELOPMENT_VARIANCE,5,951,500,2872.94775390625,0.0777299885006808,0.2609132269756132,10.0,-0.1083482658149697
4zmk_A,1,R2,M3b_POOLED_DEVELOPMENT_VARIANCE,10,951,500,2431.385498046875,0.0715075091546574,0.3745083392879562,1e-06,0.062001076551475
4zmk_A,1,R2,M3b_POOLED_DEVELOPMENT_VARIANCE,20,951,500,1856.8782958984373,0.0624908539410755,0.5223045091061609,1e-06,0.2836389606145103
4zmk_A,1,R2,M4_BUDGET_MATCHED_PCA_QR,5,951,500,3406.55322265625,0.0846413007034156,0.1236393265260221,1000.0,-0.3142067591044184
4zmk_A,1,R2,M4_BUDGET_MATCHED_PCA_QR,10,951,500,2712.44921875,0.0755275761611487,0.3022026462706516,1000.0,-0.0464298849935975
4zmk_A,1,R2,M4_BUDGET_MATCHED_PCA_QR,20,951,500,2491.198974609375,0.0723817281003689,0.3591208859951351,100.0,0.0389257655123956
4zmk_A,1,R2,M5_DEVELOPMENT_TUNED_PCA_QR,10,951,500,2712.44921875,0.0755275761611487,0.3022026462706516,1000.0,-0.0464298849935975
4zmk_A,1,R2,M6_POOLED_ERROR_GREEDY,5,951,500,2749.53515625,0.0760421483138744,0.2926620182400197,100.0,-0.0607371881662222
4zmk_A,1,R2,M6_POOLED_ERROR_GREEDY,10,951,500,2391.641357421875,0.070920659708914,0.3847328094688773,100.0,0.0773338821265612
4zmk_A,1,R2,M6_POOLED_ERROR_GREEDY,20,951,500,1836.8934326171875,0.0621536617675838,0.5274457610108604,1e-06,0.2913488775561622
4zmk_A,1,R2,M7_MEAN_TRANSFER,5,951,500,2924.74560546875,0.0784275752148936,0.2475878517024736,100.0,-0.1283312463178971
4zmk_A,1,R2,M7_MEAN_TRANSFER,10,951,500,2520.67919921875,0.0728087421406999,0.3515368831030003,100.0,0.0275526537747351
4zmk_A,1,R2,M7_MEAN_TRANSFER,20,951,500,2105.18798828125,0.0665380671589085,0.4584250288739284,10.0,0.1878441044207838
4zmk_A,1,R2,M8_ROBUST_TRANSFER,5,951,500,2973.198486328125,0.0790745430410884,0.2351229945503031,100.0,-0.147023777847999
4zmk_A,1,R2,M8_ROBUST_TRANSFER,10,951,500,2575.19140625,0.0735918120281155,0.3375132200794093,100.0,0.0065225079787722
4zmk_A,1,R2,M8_ROBUST_TRANSFER,20,951,500,2260.90234375,0.0689549807226161,0.4183663747127131,10.0,0.1277714018762888
4zmk_A,1,R2,M10_INFORMATION_IMBALANCE,5,951,500,3594.293212890625,0.0869423732287723,0.0753418441366219,1000.0,-0.3866345616349267
4zmk_A,1,R2,M10_INFORMATION_IMBALANCE,10,951,500,3124.63037109375,0.0810632598335052,0.1961660372258091,1000.0,-0.2054443553335685
4zmk_A,1,R2,M10_INFORMATION_IMBALANCE,20,951,500,2396.313720703125,0.0709899019892548,0.3835308099214642,10.0,0.0755313412578698
4zmk_A,1,R2,M2_UNIFORM_RANDOM_SEED_1,10,951,500,3532.10986328125,0.0861870152935939,0.0913389645632469,100.0,0.0
4zmk_A,1,R2,M2_UNIFORM_RANDOM_SEED_2,10,951,500,2939.61669921875,0.0786267079254766,0.2437621543238539,100.0,0.0
4zmk_A,1,R2,M2_UNIFORM_RANDOM_SEED_3,10,951,500,3768.671630859375,0.0890264157074211,0.030481723709306,1000.0,0.0
4zmk_A,1,R2,M2_UNIFORM_RANDOM_SEED_4,10,951,500,3378.030029296875,0.0842862034942117,0.1309771261458265,1000.0,0.0
4zmk_A,1,R2,M2_UNIFORM_RANDOM_SEED_5,10,951,500,3435.0185546875,0.0849941985363222,0.1163164121550807,100.0,0.0
4zmk_A,1,R2,M2_UNIFORM_RANDOM_SEED_6,10,951,500,3371.42626953125,0.0842037770311509,0.1326759915318636,1000.0,0.0
4zmk_A,1,R2,M2_UNIFORM_RANDOM_SEED_7,10,951,500,3508.552001953125,0.0858991167508519,0.0973993962869657,1000.0,0.0
4zmk_A,1,R2,M2_UNIFORM_RANDOM_SEED_8,10,951,500,3204.17138671875,0.0820885545112283,0.1757035305612059,100.0,0.0
4zmk_A,1,R2,M2_UNIFORM_RANDOM_SEED_9,10,951,500,3664.465576171875,0.0877869706201689,0.0572894916486531,100.0,0.0
4zmk_A,1,R2,M2_UNIFORM_RANDOM_SEED_10,10,951,500,3331.149169921875,0.0836992911276558,0.1430375693004115,1000.0,0.0
4zmk_A,1,R2,M2_UNIFORM_RANDOM_SEED_11,10,951,500,3579.93994140625,0.0867686039034684,0.0790343279589629,1000.0,0.0
4zmk_A,1,R2,M2_UNIFORM_RANDOM_SEED_12,10,951,500,3371.1357421875,0.0842001488891173,0.1327507318109638,100.0,0.0
4zmk_A,1,R2,M2_UNIFORM_RANDOM_SEED_13,10,951,500,3327.906494140625,0.0836585430655213,0.1438717713063024,1000.0,0.0
4zmk_A,1,R2,M2_UNIFORM_RANDOM_SEED_14,10,951,500,3546.994384765625,0.0863684229884835,0.0875098128019797,100.0,0.0
4zmk_A,1,R2,M2_UNIFORM_RANDOM_SEED_15,10,951,500,3572.42919921875,0.0866775355057083,0.0809665211910988,1000.0,0.0
4zmk_A,1,R2,M2_UNIFORM_RANDOM_SEED_16,10,951,500,3070.99560546875,0.0803645166227345,0.2099639720451258,100.0,0.0
4zmk_A,1,R2,M2_UNIFORM_RANDOM_SEED_17,10,951,500,3258.212890625,0.0827779121220066,0.1618009593511489,1000.0,0.0
4zmk_A,1,R2,M2_UNIFORM_RANDOM_SEED_18,10,951,500,3073.778564453125,0.0804009218373047,0.2092480355396936,1000.0,0.0
4zmk_A,1,R2,M2_UNIFORM_RANDOM_SEED_19,10,951,500,3497.539306640625,0.0857642000841179,0.1002324925135677,1000.0,0.0
4zmk_A,1,R2,M2_UNIFORM_RANDOM_SEED_20,10,951,500,3678.81640625,0.0879586989192232,0.0535976358958844,100.0,0.0
4zmk_A,1,R2,M2_UNIFORM_RANDOM_MEAN_20SEEDS,10,951,500,0.0,0.0,0.1238979310320571,0.0,0.0
4zmk_A,2,R3,M1_DEVELOPMENT_CONSTANT_MEAN,0,951,500,3456.65869140625,0.0852615039853438,0.0,0.0,0.0
4zmk_A,2,R3,M3_MEAN_WITHIN_RUN_VARIANCE,5,951,500,2997.98828125,0.0794035107601074,0.1326918423553272,1000.0,-0.5042423710116051
4zmk_A,2,R3,M3_MEAN_WITHIN_RUN_VARIANCE,10,951,500,3849.89599609375,0.0899806731917556,-0.1137622599723671,10.0,-0.9316875644682432
4zmk_A,2,R3,M3_MEAN_WITHIN_RUN_VARIANCE,20,951,500,2677.368408203125,0.0750375778023658,0.2254461179926593,10.0,-0.3433711624609223
4zmk_A,2,R3,M3b_POOLED_DEVELOPMENT_VARIANCE,5,951,500,2997.98828125,0.0794035107601074,0.1326918423553272,1000.0,-0.5042423710116051
4zmk_A,2,R3,M3b_POOLED_DEVELOPMENT_VARIANCE,10,951,500,3880.663330078125,0.0903395083669566,-0.1226631485850806,10.0,-0.9471250922637372
4zmk_A,2,R3,M3b_POOLED_DEVELOPMENT_VARIANCE,20,951,500,2677.368408203125,0.0750375778023658,0.2254461179926593,10.0,-0.3433711624609223
4zmk_A,2,R3,M4_BUDGET_MATCHED_PCA_QR,5,951,500,2861.7275390625,0.0775780538939842,0.1721116272841267,100.0,-0.4358734640396053
4zmk_A,2,R3,M4_BUDGET_MATCHED_PCA_QR,10,951,500,2426.676025390625,0.0714382223446059,0.2979706005039808,100.0,-0.2175861129746072
4zmk_A,2,R3,M4_BUDGET_MATCHED_PCA_QR,20,951,500,2484.74560546875,0.0722879160617926,0.2811712618181875,100.0,-0.246722558692783
4zmk_A,2,R3,M5_DEVELOPMENT_TUNED_PCA_QR,10,951,500,2426.676025390625,0.0714382223446059,0.2979706005039808,100.0,-0.2175861129746072
4zmk_A,2,R3,M6_POOLED_ERROR_GREEDY,5,951,500,2756.625,0.0761401248487772,0.2025174464423214,1000.0,-0.3831382036826851
4zmk_A,2,R3,M6_POOLED_ERROR_GREEDY,10,951,500,2604.590576171875,0.0740106931793171,0.2465005056335873,1000.0,-0.3068548427353075
4zmk_A,2,R3,M6_POOLED_ERROR_GREEDY,20,951,500,2215.35107421875,0.0682568150107571,0.3591062144126549,1.0,-0.1115536953054654
4zmk_A,2,R3,M7_MEAN_TRANSFER,5,951,500,2739.6044921875,0.0759047010591301,0.2074414234189362,1000.0,-0.3745981539473935
4zmk_A,2,R3,M7_MEAN_TRANSFER,10,951,500,2515.134521484375,0.0727286202317104,0.2723798482802596,100.0,-0.2619702150514518
4zmk_A,2,R3,M7_MEAN_TRANSFER,20,951,500,2245.680419921875,0.0687224629095396,0.3503320343703707,1.0,-0.1267714622250471
4zmk_A,2,R3,M8_ROBUST_TRANSFER,5,951,500,2780.145263671875,0.0764642588985196,0.1957131114553729,1000.0,-0.3949395097164259
4zmk_A,2,R3,M8_ROBUST_TRANSFER,10,951,500,2631.8828125,0.0743974436839648,0.2386049513528082,100.0,-0.3205487382522407
4zmk_A,2,R3,M8_ROBUST_TRANSFER,20,951,500,2170.17041015625,0.067557202621081,0.3721768320512507,10.0,-0.0888842707255546
4zmk_A,2,R3,M10_INFORMATION_IMBALANCE,5,951,500,3386.053466796875,0.0843862416811044,0.0204258594534976,100.0,-0.6989543044987832
4zmk_A,2,R3,M10_INFORMATION_IMBALANCE,10,951,500,3292.75244140625,0.0832155100781916,0.047417539489072,1e-06,-0.6521404605190828
4zmk_A,2,R3,M10_INFORMATION_IMBALANCE,20,951,500,2725.7578125,0.0757126369318041,0.2114472223489621,1e-06,-0.3676505743274094
4zmk_A,2,R3,M2_UNIFORM_RANDOM_SEED_1,10,951,500,3071.576904296875,0.0803721222325881,0.111402895538036,1000.0,0.0
4zmk_A,2,R3,M2_UNIFORM_RANDOM_SEED_2,10,951,500,3027.353759765625,0.0797914442383366,0.1241965059228841,100.0,0.0
4zmk_A,2,R3,M2_UNIFORM_RANDOM_SEED_3,10,951,500,3082.58154296875,0.0805159694170328,0.1082192897341902,100.0,0.0
4zmk_A,2,R3,M2_UNIFORM_RANDOM_SEED_4,10,951,500,3085.075927734375,0.0805485390656051,0.1074976724186519,1000.0,0.0
4zmk_A,2,R3,M2_UNIFORM_RANDOM_SEED_5,10,951,500,2753.127197265625,0.0760918035005727,0.2035293492787429,1000.0,0.0
4zmk_A,2,R3,M2_UNIFORM_RANDOM_SEED_6,10,951,500,3046.3935546875,0.080041965264095,0.1186883558213971,1000.0,0.0
4zmk_A,2,R3,M2_UNIFORM_RANDOM_SEED_7,10,951,500,3351.913330078125,0.0839597486315911,0.0303024888134131,1000.0,0.0
4zmk_A,2,R3,M2_UNIFORM_RANDOM_SEED_8,10,951,500,2976.0234375,0.0791121000169074,0.1390461994703666,100.0,0.0
4zmk_A,2,R3,M2_UNIFORM_RANDOM_SEED_9,10,951,500,3182.841064453125,0.0818148645408542,0.0792145396460098,100.0,0.0
4zmk_A,2,R3,M2_UNIFORM_RANDOM_SEED_10,10,951,500,3035.602294921875,0.0799000729081613,0.1218102318088799,100.0,0.0
4zmk_A,2,R3,M2_UNIFORM_RANDOM_SEED_11,10,951,500,3185.6650390625,0.0818511515985411,0.0783975730717873,100.0,0.0
4zmk_A,2,R3,M2_UNIFORM_RANDOM_SEED_12,10,951,500,2646.219482421875,0.0745998012872452,0.234457399858205,100.0,0.0
4zmk_A,2,R3,M2_UNIFORM_RANDOM_SEED_13,10,951,500,2891.7392578125,0.0779837840434674,0.1634293356755819,1000.0,0.0
4zmk_A,2,R3,M2_UNIFORM_RANDOM_SEED_14,10,951,500,2916.12451171875,0.0783119018276454,0.1563747618563977,100.0,0.0
4zmk_A,2,R3,M2_UNIFORM_RANDOM_SEED_15,10,951,500,2996.622802734375,0.079385425943481,0.133086870802602,1000.0,0.0
4zmk_A,2,R3,M2_UNIFORM_RANDOM_SEED_16,10,951,500,3138.899658203125,0.0812481452762909,0.0919266440719529,1000.0,0.0
4zmk_A,2,R3,M2_UNIFORM_RANDOM_SEED_17,10,951,500,2985.798583984375,0.0792419206307229,0.1362182817159533,1000.0,0.0
4zmk_A,2,R3,M2_UNIFORM_RANDOM_SEED_18,10,951,500,2742.338134765625,0.0759425613758113,0.2066505896045011,1000.0,0.0
4zmk_A,2,R3,M2_UNIFORM_RANDOM_SEED_19,10,951,500,2910.5849609375,0.078237484742264,0.157977335693098,1000.0,0.0
4zmk_A,2,R3,M2_UNIFORM_RANDOM_SEED_20,10,951,500,2593.176025390625,0.0738483401334382,0.2498026976636042,1000.0,0.0
4zmk_A,2,R3,M2_UNIFORM_RANDOM_MEAN_20SEEDS,10,951,500,0.0,0.0,0.1376114509233127,0.0,0.0
6jv8_A,0,R1,M1_DEVELOPMENT_CONSTANT_MEAN,0,951,500,8015.19384765625,0.1298320021636328,0.0,0.0,0.0
6jv8_A,0,R1,M3_MEAN_WITHIN_RUN_VARIANCE,5,951,500,6712.28759765625,0.1188119209097977,0.1625545526114739,10.0,-0.2554974044816553
6jv8_A,0,R1,M3_MEAN_WITHIN_RUN_VARIANCE,10,951,500,6552.390625,0.1173882503251747,0.1825037859918999,100.0,-0.2255895330989552
6jv8_A,0,R1,M3_MEAN_WITHIN_RUN_VARIANCE,20,951,500,6080.2392578125,0.1130798109951797,0.2414108288110282,10.0,-0.1372761514981197
6jv8_A,0,R1,M3b_POOLED_DEVELOPMENT_VARIANCE,5,951,500,6712.28271484375,0.1188118776952877,0.1625551618060352,10.0,-0.2554964911777584
6jv8_A,0,R1,M3b_POOLED_DEVELOPMENT_VARIANCE,10,951,500,6269.17626953125,0.1148232882647554,0.2178384716965465,100.0,-0.1726158064774801
6jv8_A,0,R1,M3b_POOLED_DEVELOPMENT_VARIANCE,20,951,500,5689.2822265625,0.1093839188191792,0.29018781894762,10.0,-0.0641497350779385
6jv8_A,0,R1,M4_BUDGET_MATCHED_PCA_QR,5,951,500,6591.02783203125,0.1177338408033458,0.1776832903475498,0.0001,-0.2328164155050507
6jv8_A,0,R1,M4_BUDGET_MATCHED_PCA_QR,10,951,500,7038.9033203125,0.1216682438309757,0.1218049801289872,1e-06,-0.3165891241214702
6jv8_A,0,R1,M4_BUDGET_MATCHED_PCA_QR,20,951,500,6701.7099609375,0.1187182684235754,0.1638742507896836,0.0001,-0.2535189142497145
6jv8_A,0,R1,M5_DEVELOPMENT_TUNED_PCA_QR,10,951,500,6661.33544921875,0.1183601185533883,0.1689114978589552,0.0001,-0.2459670783170877
6jv8_A,0,R1,M6_POOLED_ERROR_GREEDY,5,951,500,7726.26904296875,0.1274704893001352,0.0360471387441222,1e-06,-0.4451571969534373
6jv8_A,0,R1,M6_POOLED_ERROR_GREEDY,10,951,500,6441.146484375,0.1163874967030447,0.1963829438437752,1e-06,-0.2047819130757535
6jv8_A,0,R1,M6_POOLED_ERROR_GREEDY,20,951,500,6105.51318359375,0.1133145885122606,0.2382575768421266,1e-06,-0.1420035037990701
6jv8_A,0,R1,M7_MEAN_TRANSFER,5,951,500,7046.494140625,0.1217338302493678,0.1208579262639432,1000.0,-0.3180089463596529
6jv8_A,0,R1,M7_MEAN_TRANSFER,10,951,500,7535.07470703125,0.1258834163216012,0.059901126504307,10.0,-0.4093953215825219
6jv8_A,0,R1,M7_MEAN_TRANSFER,20,951,500,7058.74951171875,0.121839644936584,0.1193289088344603,10.0,-0.3203012478105822
6jv8_A,0,R1,M8_ROBUST_TRANSFER,5,951,500,7046.494140625,0.1217338302493678,0.1208579262639432,1000.0,-0.3180089463596529
6jv8_A,0,R1,M8_ROBUST_TRANSFER,10,951,500,6744.8369140625,0.1190996447153376,0.1584936007461902,100.0,-0.261585579589046
6jv8_A,0,R1,M8_ROBUST_TRANSFER,20,951,500,6535.70556640625,0.1172386958797304,0.1845854647274216,10.0,-0.222468682352722
6jv8_A,0,R1,M10_INFORMATION_IMBALANCE,5,951,500,6494.6982421875,0.1168703186531883,0.1897016634118417,100.0,-0.2147984822350519
6jv8_A,0,R1,M10_INFORMATION_IMBALANCE,10,951,500,8045.03369140625,0.130073454063304,-0.0037229098032014,1.0,-0.5047804152573627
6jv8_A,0,R1,M10_INFORMATION_IMBALANCE,20,951,500,6516.24462890625,0.1170640188026429,0.1870134705710595,1.0,-0.2188286183410783
6jv8_A,0,R1,M2_UNIFORM_RANDOM_SEED_1,10,951,500,9307.623046875,0.1399085103407683,-0.1612474038412275,1000.0,0.0
6jv8_A,0,R1,M2_UNIFORM_RANDOM_SEED_2,10,951,500,6792.62548828125,0.1195208228916301,0.1525313526549947,100.0,0.0
6jv8_A,0,R1,M2_UNIFORM_RANDOM_SEED_3,10,951,500,9462.9111328125,0.1410707970669147,-0.180621618475214,1000.0,0.0
6jv8_A,0,R1,M2_UNIFORM_RANDOM_SEED_4,10,951,500,8357.892578125,0.1325785093924877,-0.0427561375285963,1000.0,0.0
6jv8_A,0,R1,M2_UNIFORM_RANDOM_SEED_5,10,951,500,10121.1318359375,0.1458946210596101,-0.2627432384429546,1000.0,0.0
6jv8_A,0,R1,M2_UNIFORM_RANDOM_SEED_6,10,951,500,8976.5966796875,0.1373980584131541,-0.1199475459114911,100.0,0.0
6jv8_A,0,R1,M2_UNIFORM_RANDOM_SEED_7,10,951,500,11139.1064453125,0.1530558439512824,-0.3897488516225622,100.0,0.0
6jv8_A,0,R1,M2_UNIFORM_RANDOM_SEED_8,10,951,500,7828.412109375,0.128310317430627,0.0233034586351105,1000.0,0.0
6jv8_A,0,R1,M2_UNIFORM_RANDOM_SEED_9,10,951,500,15116.2294921875,0.1782980024880987,-0.8859468379055719,1000.0,0.0
6jv8_A,0,R1,M2_UNIFORM_RANDOM_SEED_10,10,951,500,10077.4541015625,0.145579476644582,-0.2572938712529433,100.0,0.0
6jv8_A,0,R1,M2_UNIFORM_RANDOM_SEED_11,10,951,500,8955.931640625,0.1372398151312348,-0.1173693126890291,100.0,0.0
6jv8_A,0,R1,M2_UNIFORM_RANDOM_SEED_12,10,951,500,9189.4140625,0.139017236088004,-0.1464992908670708,1000.0,0.0
6jv8_A,0,R1,M2_UNIFORM_RANDOM_SEED_13,10,951,500,11686.8125,0.1567735445449592,-0.4580823274058905,1000.0,0.0
6jv8_A,0,R1,M2_UNIFORM_RANDOM_SEED_14,10,951,500,8364.1455078125,0.1326280942066836,-0.0435362720838359,1000.0,0.0
6jv8_A,0,R1,M2_UNIFORM_RANDOM_SEED_15,10,951,500,8248.173828125,0.1317054182598462,-0.0290672920576806,1000.0,0.0
6jv8_A,0,R1,M2_UNIFORM_RANDOM_SEED_16,10,951,500,9196.201171875,0.1390685642264048,-0.14734607130732,1000.0,0.0
6jv8_A,0,R1,M2_UNIFORM_RANDOM_SEED_17,10,951,500,6766.41015625,0.1192899617144101,0.1558020573353208,10.0,0.0
6jv8_A,0,R1,M2_UNIFORM_RANDOM_SEED_18,10,951,500,8778.623046875,0.135874494007205,-0.0952477524223556,10.0,0.0
6jv8_A,0,R1,M2_UNIFORM_RANDOM_SEED_19,10,951,500,8150.89453125,0.1309264451131567,-0.0169304306512101,1000.0,0.0
6jv8_A,0,R1,M2_UNIFORM_RANDOM_SEED_20,10,951,500,9663.8876953125,0.1425609814382173,-0.2056960666195677,100.0,0.0
6jv8_A,0,R1,M2_UNIFORM_RANDOM_MEAN_20SEEDS,10,951,500,0.0,0.0,-0.1614221726229547,0.0,0.0
6jv8_A,1,R2,M1_DEVELOPMENT_CONSTANT_MEAN,0,951,500,6422.7734375,0.1162213834162915,0.0,0.0,0.0
6jv8_A,1,R2,M3_MEAN_WITHIN_RUN_VARIANCE,5,951,500,2044.6090087890625,0.0655737279210015,0.6816625981462447,100.0,-0.6025192832604012
6jv8_A,1,R2,M3_MEAN_WITHIN_RUN_VARIANCE,10,951,500,1718.11083984375,0.0601104983183769,0.7324970502910177,100.0,-0.3466172455431962
6jv8_A,1,R2,M3_MEAN_WITHIN_RUN_VARIANCE,20,951,500,1541.9952392578125,0.056946397569344,0.759917541189493,100.0,-0.2085817361579058
6jv8_A,1,R2,M3b_POOLED_DEVELOPMENT_VARIANCE,5,951,500,1830.7763671875,0.0620500860612219,0.7149554806809266,100.0,-0.4349219920012943
6jv8_A,1,R2,M3b_POOLED_DEVELOPMENT_VARIANCE,10,951,500,1602.8385009765625,0.0580590094859996,0.7504444899740303,100.0,-0.2562693379153211
6jv8_A,1,R2,M3b_POOLED_DEVELOPMENT_VARIANCE,20,951,500,1285.2314453125,0.0519894724705445,0.7998946315296522,1e-06,-0.0073359579813931
6jv8_A,1,R2,M4_BUDGET_MATCHED_PCA_QR,5,951,500,6380.37255859375,0.1158371219399675,0.0066016463633433,1000.0,-4.000794780605823
6jv8_A,1,R2,M4_BUDGET_MATCHED_PCA_QR,10,951,500,5816.103515625,0.1105963522674145,0.094456067581786,100.0,-3.558533194934797
6jv8_A,1,R2,M4_BUDGET_MATCHED_PCA_QR,20,951,500,1727.6795654296875,0.0602776534952476,0.7310072381905208,100.0,-0.3541170008518035
6jv8_A,1,R2,M5_DEVELOPMENT_TUNED_PCA_QR,10,951,500,5816.103515625,0.1105963522674145,0.094456067581786,100.0,-3.558533194934797
6jv8_A,1,R2,M6_POOLED_ERROR_GREEDY,5,951,500,1847.4033203125,0.0623312159704795,0.712366730931804,100.0,-0.4479538298197436
6jv8_A,1,R2,M6_POOLED_ERROR_GREEDY,10,951,500,1523.08056640625,0.0565960573213752,0.7628624797017449,100.0,-0.1937568342569098
6jv8_A,1,R2,M6_POOLED_ERROR_GREEDY,20,951,500,1228.3905029296875,0.0508268230047939,0.8087445377167428,1e-06,0.0372147144726515
6jv8_A,1,R2,M7_MEAN_TRANSFER,5,951,500,1664.12451171875,0.0591585673587747,0.7409025045157915,0.0001,-0.3043039565569687
6jv8_A,1,R2,M7_MEAN_TRANSFER,10,951,500,1322.6939697265625,0.0527417366804363,0.7940618671049671,10.0,-0.0366982553766808
6jv8_A,1,R2,M7_MEAN_TRANSFER,20,951,500,1279.8355712890625,0.0518802222240919,0.8007347474197649,10.0,-0.0031067913605711
6jv8_A,1,R2,M8_ROBUST_TRANSFER,5,951,500,1723.044921875,0.0601967493013189,0.7317288335573491,10.0,-0.3504844698223994
6jv8_A,1,R2,M8_ROBUST_TRANSFER,10,951,500,1332.3382568359375,0.0529336679297419,0.7925602903790832,1.0,-0.0442572341347888
6jv8_A,1,R2,M8_ROBUST_TRANSFER,20,951,500,1280.0284423828125,0.0518841312489987,0.80070471816595,100.0,-0.0032579594546122
6jv8_A,1,R2,M10_INFORMATION_IMBALANCE,5,951,500,2537.896484375,0.0730569759413936,0.6048597215717996,1.0,-0.989147087607938
6jv8_A,1,R2,M10_INFORMATION_IMBALANCE,10,951,500,2468.783447265625,0.0720553509531334,0.615620343565073,10.0,-0.9349778189524798
6jv8_A,1,R2,M10_INFORMATION_IMBALANCE,20,951,500,1560.8399658203125,0.0572933118908692,0.7569834930332131,10.0,-0.2233518157058101
6jv8_A,1,R2,M2_UNIFORM_RANDOM_SEED_1,10,951,500,6873.427734375,0.1202296062607244,-0.070165062065526,100.0,0.0
6jv8_A,1,R2,M2_UNIFORM_RANDOM_SEED_2,10,951,500,6426.4365234375,0.1162545208323486,-0.0005703277522002,1000.0,0.0
6jv8_A,1,R2,M2_UNIFORM_RANDOM_SEED_3,10,951,500,6169.70947265625,0.1139087526851586,0.0394010418250487,1000.0,0.0
6jv8_A,1,R2,M2_UNIFORM_RANDOM_SEED_4,10,951,500,6390.0244140625,0.1159247046508915,0.005098891274335,1e-06,0.0
6jv8_A,1,R2,M2_UNIFORM_RANDOM_SEED_5,10,951,500,6453.67529296875,0.1165006355882595,-0.004811294648559,100.0,0.0
6jv8_A,1,R2,M2_UNIFORM_RANDOM_SEED_6,10,951,500,4484.03564453125,0.0971089520535598,0.3018536792297914,1000.0,0.0
6jv8_A,1,R2,M2_UNIFORM_RANDOM_SEED_7,10,951,500,6240.705078125,0.1145622590791147,0.0283473115075141,100.0,0.0
6jv8_A,1,R2,M2_UNIFORM_RANDOM_SEED_8,10,951,500,3259.771240234375,0.0827977054121875,0.492466724545836,100.0,0.0
6jv8_A,1,R2,M2_UNIFORM_RANDOM_SEED_9,10,951,500,6330.36767578125,0.1153823040134657,0.0143872055612657,100.0,0.0
6jv8_A,1,R2,M2_UNIFORM_RANDOM_SEED_10,10,951,500,6630.140625,0.1180826549792138,-0.0322862373268946,1000.0,0.0
6jv8_A,1,R2,M2_UNIFORM_RANDOM_SEED_11,10,951,500,5261.78515625,0.1051940788721406,0.1807612073736643,100.0,0.0
6jv8_A,1,R2,M2_UNIFORM_RANDOM_SEED_12,10,951,500,6266.57568359375,0.1147994702391055,0.0243193622546723,1000.0,0.0
6jv8_A,1,R2,M2_UNIFORM_RANDOM_SEED_13,10,951,500,6518.28271484375,0.117082324428915,-0.0148704104656891,1000.0,0.0
6jv8_A,1,R2,M2_UNIFORM_RANDOM_SEED_14,10,951,500,6239.25244140625,0.114548925086615,0.0285734812039678,100.0,0.0
6jv8_A,1,R2,M2_UNIFORM_RANDOM_SEED_15,10,951,500,5915.60205078125,0.1115383497801296,0.0789645457144073,100.0,0.0
6jv8_A,1,R2,M2_UNIFORM_RANDOM_SEED_16,10,951,500,5626.974609375,0.1087832969621234,0.123902677849206,1000.0,0.0
6jv8_A,1,R2,M2_UNIFORM_RANDOM_SEED_17,10,951,500,4174.9609375,0.0937024502618173,0.349975368409529,100.0,0.0
6jv8_A,1,R2,M2_UNIFORM_RANDOM_SEED_18,10,951,500,6432.40283203125,0.1163084737059021,-0.0014992580113488,1000.0,0.0
6jv8_A,1,R2,M2_UNIFORM_RANDOM_SEED_19,10,951,500,6044.0693359375,0.1127429666162143,0.0589627059474647,100.0,0.0
6jv8_A,1,R2,M2_UNIFORM_RANDOM_SEED_20,10,951,500,4061.255615234375,0.0924176458953472,0.3676788299082245,1000.0,0.0
6jv8_A,1,R2,M2_UNIFORM_RANDOM_MEAN_20SEEDS,10,951,500,0.0,0.0,0.0985245221167354,0.0,0.0
6jv8_A,2,R3,M1_DEVELOPMENT_CONSTANT_MEAN,0,951,500,36336.28515625,0.2764362557320866,0.0,0.0,0.0
6jv8_A,2,R3,M3_MEAN_WITHIN_RUN_VARIANCE,5,951,500,12000.4013671875,0.1588629508569208,0.6697405550516664,1.0,0.0381252241109707
6jv8_A,2,R3,M3_MEAN_WITHIN_RUN_VARIANCE,10,951,500,10744.7060546875,0.1503218142992972,0.7042981689381815,1.0,0.1387736616372662
6jv8_A,2,R3,M3_MEAN_WITHIN_RUN_VARIANCE,20,951,500,11020.9658203125,0.1522420303154104,0.696695306828391,100.0,0.1166304605878182
6jv8_A,2,R3,M3b_POOLED_DEVELOPMENT_VARIANCE,5,951,500,12829.412109375,0.1642586001306384,0.6469255991853013,1e-06,-0.0283229302008949
6jv8_A,2,R3,M3b_POOLED_DEVELOPMENT_VARIANCE,10,951,500,11494.640625,0.1554792504439482,0.6836594446688266,10.0,0.0786637432537754
6jv8_A,2,R3,M3b_POOLED_DEVELOPMENT_VARIANCE,20,951,500,9343.6201171875,0.1401787961272141,0.7428570345865322,10.0,0.2510756739532036
6jv8_A,2,R3,M4_BUDGET_MATCHED_PCA_QR,5,951,500,39027.28515625,0.286489632407294,-0.0740582034852601,1000.0,-2.1281754680196334
6jv8_A,2,R3,M4_BUDGET_MATCHED_PCA_QR,10,951,500,14826.98046875,0.1765838970568655,0.5919511197968542,100.0,-0.1884351263854764
6jv8_A,2,R3,M4_BUDGET_MATCHED_PCA_QR,20,951,500,12676.490234375,0.1632767143719484,0.6511341162184108,1000.0,-0.0160656989847503
6jv8_A,2,R3,M5_DEVELOPMENT_TUNED_PCA_QR,10,951,500,14826.98046875,0.1765838970568655,0.5919511197968542,100.0,-0.1884351263854764
6jv8_A,2,R3,M6_POOLED_ERROR_GREEDY,5,951,500,11809.9052734375,0.157597000146509,0.6749831408837306,1.0,0.0533941623636968
6jv8_A,2,R3,M6_POOLED_ERROR_GREEDY,10,951,500,12160.2685546875,0.1599176217656546,0.6653408981573924,1.0,0.0253113014392649
6jv8_A,2,R3,M6_POOLED_ERROR_GREEDY,20,951,500,11815.9423828125,0.1576372760312685,0.6748169954082357,1.0,0.0529102666130952
6jv8_A,2,R3,M7_MEAN_TRANSFER,5,951,500,12795.033203125,0.1640383710537585,0.6478717307477923,1e-06,-0.0255673388058483
6jv8_A,2,R3,M7_MEAN_TRANSFER,10,951,500,12469.1923828125,0.1619361844346676,0.6568390981853647,10.0,0.0005499598097261
6jv8_A,2,R3,M7_MEAN_TRANSFER,20,951,500,11516.9619140625,0.1556301387670962,0.6830451471707054,10.0,0.0768746126857552
6jv8_A,2,R3,M8_ROBUST_TRANSFER,5,951,500,15547.83984375,0.180825539101872,0.5721125652528158,10.0,-0.2462145646358935
6jv8_A,2,R3,M8_ROBUST_TRANSFER,10,951,500,11742.7275390625,0.1571481350820075,0.6768319191527838,1e-06,0.0587786962821511
6jv8_A,2,R3,M8_ROBUST_TRANSFER,20,951,500,15932.69140625,0.1830498223091838,0.561521180887433,1.0,-0.2770617837499478
6jv8_A,2,R3,M10_INFORMATION_IMBALANCE,5,951,500,11954.4990234375,0.1585588290114811,0.671003819679644,1.0,0.0418044599345355
6jv8_A,2,R3,M10_INFORMATION_IMBALANCE,10,951,500,10634.8505859375,0.1495513837254987,0.7073214683282433,10.0,0.1475789674892033
6jv8_A,2,R3,M10_INFORMATION_IMBALANCE,20,951,500,9165.6845703125,0.1388376304707286,0.7477539453772157,1.0,0.265337839778845
6jv8_A,2,R3,M2_UNIFORM_RANDOM_SEED_1,10,951,500,35485.69140625,0.2731815564586476,0.0234089353477482,100.0,0.0
6jv8_A,2,R3,M2_UNIFORM_RANDOM_SEED_2,10,951,500,34186.84765625,0.2681354698504158,0.0591540244347263,1000.0,0.0
6jv8_A,2,R3,M2_UNIFORM_RANDOM_SEED_3,10,951,500,37468.82421875,0.2807112201241254,-0.031168267686968,1000.0,0.0
6jv8_A,2,R3,M2_UNIFORM_RANDOM_SEED_4,10,951,500,16730.05859375,0.187574358721941,0.539577077794031,100.0,0.0
6jv8_A,2,R3,M2_UNIFORM_RANDOM_SEED_5,10,951,500,34688.2890625,0.2700947727211957,0.0453540059657566,1000.0,0.0
6jv8_A,2,R3,M2_UNIFORM_RANDOM_SEED_6,10,951,500,19897.587890625,0.2045619972180462,0.4524044545262897,1000.0,0.0
6jv8_A,2,R3,M2_UNIFORM_RANDOM_SEED_7,10,951,500,20005.421875,0.2051155550032987,0.4494367878011057,100.0,0.0
6jv8_A,2,R3,M2_UNIFORM_RANDOM_SEED_8,10,951,500,16089.1787109375,0.1839465628465075,0.5572145407338072,1000.0,0.0
6jv8_A,2,R3,M2_UNIFORM_RANDOM_SEED_9,10,951,500,38275.75390625,0.2837178212876193,-0.0533755374733568,1000.0,0.0
6jv8_A,2,R3,M2_UNIFORM_RANDOM_SEED_10,10,951,500,38722.12890625,0.2853673961786587,-0.0656600899002364,1000.0,0.0
6jv8_A,2,R3,M2_UNIFORM_RANDOM_SEED_11,10,951,500,37038.89453125,0.2790960869000553,-0.0193363017704948,1000.0,0.0
6jv8_A,2,R3,M2_UNIFORM_RANDOM_SEED_12,10,951,500,33156.18359375,0.2640626681894573,0.0875186208173239,1000.0,0.0
6jv8_A,2,R3,M2_UNIFORM_RANDOM_SEED_13,10,951,500,24459.591796875,0.2268032856518884,0.3268549139876,1000.0,0.0
6jv8_A,2,R3,M2_UNIFORM_RANDOM_SEED_14,10,951,500,19438.201171875,0.2021867892139588,0.4650470985603341,1000.0,0.0
6jv8_A,2,R3,M2_UNIFORM_RANDOM_SEED_15,10,951,500,23946.259765625,0.224410712202095,0.3409821707790583,1000.0,0.0
6jv8_A,2,R3,M2_UNIFORM_RANDOM_SEED_16,10,951,500,15735.76171875,0.1819150477063921,0.5669408237224993,100.0,0.0
6jv8_A,2,R3,M2_UNIFORM_RANDOM_SEED_17,10,951,500,20238.04296875,0.206304640182882,0.4430348924849031,1e-06,0.0
6jv8_A,2,R3,M2_UNIFORM_RANDOM_SEED_18,10,951,500,16901.529296875,0.188533157330445,0.534858084028222,100.0,0.0
6jv8_A,2,R3,M2_UNIFORM_RANDOM_SEED_19,10,951,500,36677.9765625,0.2777329605889015,-0.0094035866567177,1000.0,0.0
6jv8_A,2,R3,M2_UNIFORM_RANDOM_SEED_20,10,951,500,40295.2734375,0.2911064264120988,-0.1089541284758723,1000.0,0.0
6jv8_A,2,R3,M2_UNIFORM_RANDOM_MEAN_20SEEDS,10,951,500,0.0,0.0,0.2301944259509879,0.0,0.0
1vcc_A,0,R1,M1_DEVELOPMENT_CONSTANT_MEAN,0,951,500,1558.06494140625,0.0572423582143095,0.0,0.0,0.0
1vcc_A,0,R1,M3_MEAN_WITHIN_RUN_VARIANCE,5,951,500,1515.0364990234375,0.0564464049614071,0.0276165910927799,1.0,-0.0709514288120523
1vcc_A,0,R1,M3_MEAN_WITHIN_RUN_VARIANCE,10,951,500,1484.1036376953125,0.0558671933870023,0.0474699749319709,10.0,-0.0490855582155658
1vcc_A,0,R1,M3_MEAN_WITHIN_RUN_VARIANCE,20,951,500,999.3538818359376,0.0458441992320746,0.3585929217212481,1e-06,0.2935751261894112
1vcc_A,0,R1,M3b_POOLED_DEVELOPMENT_VARIANCE,5,951,500,1515.0364990234375,0.0564464049614071,0.0276165910927799,1.0,-0.0709514288120523
1vcc_A,0,R1,M3b_POOLED_DEVELOPMENT_VARIANCE,10,951,500,1314.573974609375,0.0525795971554878,0.1562778035279514,1.0,0.0707518417579261
1vcc_A,0,R1,M3b_POOLED_DEVELOPMENT_VARIANCE,20,951,500,985.8251953125,0.0455328354801367,0.3672759272647956,1e-06,0.3031383058036084
1vcc_A,0,R1,M4_BUDGET_MATCHED_PCA_QR,5,951,500,1245.1279296875,0.0511719217190811,0.2008497870674793,10.0,0.1198419733041744
1vcc_A,0,R1,M4_BUDGET_MATCHED_PCA_QR,10,951,500,1134.0872802734375,0.0488368876863853,0.2721180933255236,10.0,0.1983345655439399
1vcc_A,0,R1,M4_BUDGET_MATCHED_PCA_QR,20,951,500,898.15087890625,0.0434609673896989,0.4235472122903855,100.0,0.3651136671139902
1vcc_A,0,R1,M5_DEVELOPMENT_TUNED_PCA_QR,10,951,500,1134.0872802734375,0.0488368876863853,0.2721180933255236,10.0,0.1983345655439399
1vcc_A,0,R1,M6_POOLED_ERROR_GREEDY,5,951,500,1130.0118408203125,0.0487490589479192,0.2747337990928626,10.0,0.2012154187168994
1vcc_A,0,R1,M6_POOLED_ERROR_GREEDY,10,951,500,988.15869140625,0.0455866928442019,0.3657782386693229,1e-06,0.3014888003446048
1vcc_A,0,R1,M6_POOLED_ERROR_GREEDY,20,951,500,827.3689575195312,0.041713280949981,0.4689765904283941,1.0,0.4151481051569222
1vcc_A,0,R1,M7_MEAN_TRANSFER,5,951,500,1132.1845703125,0.0487959025514404,0.2733392940023197,10.0,0.1996795562108937
1vcc_A,0,R1,M7_MEAN_TRANSFER,10,951,500,1049.0682373046875,0.0469706541336926,0.3266851660510129,1e-06,0.2584329629108058
1vcc_A,0,R1,M7_MEAN_TRANSFER,20,951,500,884.9887084960938,0.0431413373874708,0.431994979813013,0.01,0.3744177632305594
1vcc_A,0,R1,M8_ROBUST_TRANSFER,5,951,500,1140.3017578125,0.0489705110478445,0.268129506345668,100.0,0.1939416657002269
1vcc_A,0,R1,M8_ROBUST_TRANSFER,10,951,500,1053.62939453125,0.0470726533011939,0.3237577160421283,1e-06,0.2552087647796242
1vcc_A,0,R1,M8_ROBUST_TRANSFER,20,951,500,889.5455322265625,0.0432522625661428,0.4290703111362658,1e-06,0.3711966283680423
1vcc_A,0,R1,M10_INFORMATION_IMBALANCE,5,951,500,1197.1434326171875,0.0501762075451237,0.2316472819568794,10.0,0.1537613315053817
1vcc_A,0,R1,M10_INFORMATION_IMBALANCE,10,951,500,1092.574951171875,0.047934738125745,0.2987616099071207,0.01,0.2276788672774565
1vcc_A,0,R1,M10_INFORMATION_IMBALANCE,20,951,500,931.8660888671876,0.0442691815968854,0.4019080565241903,0.01,0.3412810054562424
1vcc_A,0,R1,M2_UNIFORM_RANDOM_SEED_1,10,951,500,1453.729248046875,0.0552925352498622,0.0669649194886611,0.01,0.0
1vcc_A,0,R1,M2_UNIFORM_RANDOM_SEED_2,10,951,500,1278.656494140625,0.0518563188098234,0.1793304244516544,100.0,0.0
1vcc_A,0,R1,M2_UNIFORM_RANDOM_SEED_3,10,951,500,1353.8331298828125,0.0533589540829475,0.1310804229630542,1000.0,0.0
1vcc_A,0,R1,M2_UNIFORM_RANDOM_SEED_4,10,951,500,1381.2996826171875,0.0538975092065409,0.1134517914442776,1e-06,0.0
1vcc_A,0,R1,M2_UNIFORM_RANDOM_SEED_5,10,951,500,1442.5771484375,0.0550800420998699,0.0741225798101298,1e-06,0.0
1vcc_A,0,R1,M2_UNIFORM_RANDOM_SEED_6,10,951,500,1417.179443359375,0.0545930252756464,0.0904233798622778,1e-06,0.0
1vcc_A,0,R1,M2_UNIFORM_RANDOM_SEED_7,10,951,500,1203.15283203125,0.0503019867159698,0.2277903185824012,100.0,0.0
1vcc_A,0,R1,M2_UNIFORM_RANDOM_SEED_8,10,951,500,1320.502197265625,0.0526980206674035,0.152472941163935,1e-06,0.0
1vcc_A,0,R1,M2_UNIFORM_RANDOM_SEED_9,10,951,500,1334.58203125,0.0529782216479566,0.1434361971809358,100.0,0.0
1vcc_A,0,R1,M2_UNIFORM_RANDOM_SEED_10,10,951,500,1431.7398681640625,0.0548727591953604,0.0810781822278674,1e-06,0.0
1vcc_A,0,R1,M2_UNIFORM_RANDOM_SEED_11,10,951,500,1226.4595947265625,0.0507868599283395,0.2128315308734135,10.0,0.0
1vcc_A,0,R1,M2_UNIFORM_RANDOM_SEED_12,10,951,500,1437.9002685546875,0.0549906840127554,0.0771243031391916,100.0,0.0
1vcc_A,0,R1,M2_UNIFORM_RANDOM_SEED_13,10,951,500,1485.233642578125,0.0558884581381164,0.0467447131968646,1e-06,0.0
1vcc_A,0,R1,M2_UNIFORM_RANDOM_SEED_14,10,951,500,1337.6590576171875,0.0530392600580171,0.1414612946685858,100.0,0.0
1vcc_A,0,R1,M2_UNIFORM_RANDOM_SEED_15,10,951,500,1411.77197265625,0.0544887716012438,0.0938940122854966,1000.0,0.0
1vcc_A,0,R1,M2_UNIFORM_RANDOM_SEED_16,10,951,500,1360.185546875,0.0534839922566339,0.1270033034391054,100.0,0.0
1vcc_A,0,R1,M2_UNIFORM_RANDOM_SEED_17,10,951,500,1375.4093017578125,0.0537824668140974,0.1172323661192065,1e-06,0.0
1vcc_A,0,R1,M2_UNIFORM_RANDOM_SEED_18,10,951,500,1267.3941650390625,0.0516274400469599,0.1865588324610135,100.0,0.0
1vcc_A,0,R1,M2_UNIFORM_RANDOM_SEED_19,10,951,500,1284.529541015625,0.0519752740092816,0.1755609751052753,100.0,0.0
1vcc_A,0,R1,M2_UNIFORM_RANDOM_SEED_20,10,951,500,1306.0906982421875,0.0524096678827063,0.1617225549896784,0.0001,0.0
1vcc_A,0,R1,M2_UNIFORM_RANDOM_MEAN_20SEEDS,10,951,500,0.0,0.0,0.1300142521726513,0.0,0.0
1vcc_A,1,R2,M1_DEVELOPMENT_CONSTANT_MEAN,0,951,500,2086.464111328125,0.0662415061924613,0.0,0.0,0.0
1vcc_A,1,R2,M3_MEAN_WITHIN_RUN_VARIANCE,5,951,500,1842.74365234375,0.0622525579581414,0.1168102809250988,10.0,-0.0176292145738508
1vcc_A,1,R2,M3_MEAN_WITHIN_RUN_VARIANCE,10,951,500,1427.61767578125,0.0547937088305342,0.3157717556557877,1.0,0.2116182561425459
1vcc_A,1,R2,M3_MEAN_WITHIN_RUN_VARIANCE,20,951,500,1163.6741943359375,0.0494698326397057,0.4422745217528767,1.0,0.3573773243523093
1vcc_A,1,R2,M3b_POOLED_DEVELOPMENT_VARIANCE,5,951,500,1842.74365234375,0.0622525579581414,0.1168102809250988,10.0,-0.0176292145738508
1vcc_A,1,R2,M3b_POOLED_DEVELOPMENT_VARIANCE,10,951,500,1427.61767578125,0.0547937088305342,0.3157717556557877,1.0,0.2116182561425459
1vcc_A,1,R2,M3b_POOLED_DEVELOPMENT_VARIANCE,20,951,500,1160.619384765625,0.0494048573107985,0.4437386301234578,1.0,0.3590642998899842
1vcc_A,1,R2,M4_BUDGET_MATCHED_PCA_QR,5,951,500,1588.706787109375,0.0578024989928629,0.2385650064701596,10.0,0.1226590644347132
1vcc_A,1,R2,M4_BUDGET_MATCHED_PCA_QR,10,951,500,1421.3878173828125,0.054674023331958,0.3187576006385092,100.0,0.2150586076536446
1vcc_A,1,R2,M4_BUDGET_MATCHED_PCA_QR,20,951,500,1270.40869140625,0.0516888021116328,0.3911188385610047,100.0,0.2984347024181892
1vcc_A,1,R2,M5_DEVELOPMENT_TUNED_PCA_QR,10,951,500,1421.3878173828125,0.054674023331958,0.3187576006385092,100.0,0.2150586076536446
1vcc_A,1,R2,M6_POOLED_ERROR_GREEDY,5,951,500,1512.843994140625,0.0564055465973106,0.2749245070035573,10.0,0.164553222814246
1vcc_A,1,R2,M6_POOLED_ERROR_GREEDY,10,951,500,1318.0946044921875,0.0526499581735096,0.3682639460052044,10.0,0.2721008288931553
1vcc_A,1,R2,M6_POOLED_ERROR_GREEDY,20,951,500,1177.8489990234375,0.0497702185669372,0.4354808248900647,10.0,0.3495494882110577
1vcc_A,1,R2,M7_MEAN_TRANSFER,5,951,500,1520.466064453125,0.0565474603983586,0.2712714030411564,100.0,0.1603440418922708
1vcc_A,1,R2,M7_MEAN_TRANSFER,10,951,500,1327.0963134765625,0.052829434357618,0.3639496091635106,10.0,0.2671297619561231
1vcc_A,1,R2,M7_MEAN_TRANSFER,20,951,500,1181.8846435546875,0.0498554090956857,0.4335466221835148,10.0,0.3473208603878595
1vcc_A,1,R2,M8_ROBUST_TRANSFER,5,951,500,1497.2103271484375,0.0561133434453429,0.2824174070286797,100.0,0.1731866951053778
1vcc_A,1,R2,M8_ROBUST_TRANSFER,10,951,500,1299.754150390625,0.0522823795774543,0.3770541542824452,10.0,0.2822290862221455
1vcc_A,1,R2,M8_ROBUST_TRANSFER,20,951,500,1177.0303955078125,0.0497529204424283,0.4358731649793,10.0,0.3500015504670276
1vcc_A,1,R2,M10_INFORMATION_IMBALANCE,5,951,500,1650.29296875,0.0589122030949579,0.2090479966609553,10.0,0.0886489634790862
1vcc_A,1,R2,M10_INFORMATION_IMBALANCE,10,951,500,1262.5289306640625,0.0515282518378399,0.3948954483284124,10.0,0.3027861892486572
1vcc_A,1,R2,M10_INFORMATION_IMBALANCE,20,951,500,1151.55029296875,0.0492114537241276,0.4480852621827565,1.0,0.3640725780356796
1vcc_A,1,R2,M2_UNIFORM_RANDOM_SEED_1,10,951,500,1519.6964111328125,0.0565331465472582,0.2716402822929651,10.0,0.0
1vcc_A,1,R2,M2_UNIFORM_RANDOM_SEED_2,10,951,500,1697.012451171875,0.0597402799959057,0.1866562947533026,10.0,0.0
1vcc_A,1,R2,M2_UNIFORM_RANDOM_SEED_3,10,951,500,1694.5323486328125,0.0596966102536717,0.1878449576809787,100.0,0.0
1vcc_A,1,R2,M2_UNIFORM_RANDOM_SEED_4,10,951,500,1911.9892578125,0.0634114177641961,0.0836222643698214,100.0,0.0
1vcc_A,1,R2,M2_UNIFORM_RANDOM_SEED_5,10,951,500,1872.6282958984373,0.0627553173418476,0.1024871763998719,10.0,0.0
1vcc_A,1,R2,M2_UNIFORM_RANDOM_SEED_6,10,951,500,1864.53271484375,0.0626195212982415,0.1063672244729414,100.0,0.0
1vcc_A,1,R2,M2_UNIFORM_RANDOM_SEED_7,10,951,500,1913.2305908203125,0.0634319989242777,0.0830273185947789,100.0,0.0
1vcc_A,1,R2,M2_UNIFORM_RANDOM_SEED_8,10,951,500,1634.07421875,0.0586219996306336,0.2168213151244471,1.0,0.0
1vcc_A,1,R2,M2_UNIFORM_RANDOM_SEED_9,10,951,500,1607.1318359375,0.0581367154051723,0.2297342536534257,100.0,0.0
1vcc_A,1,R2,M2_UNIFORM_RANDOM_SEED_10,10,951,500,1935.9464111328125,0.0638074523884188,0.0721400858888972,10.0,0.0
1vcc_A,1,R2,M2_UNIFORM_RANDOM_SEED_11,10,951,500,1144.88232421875,0.0490687691899706,0.4512810845857383,10.0,0.0
1vcc_A,1,R2,M2_UNIFORM_RANDOM_SEED_12,10,951,500,1798.4952392578125,0.0615006046537913,0.138017649336421,100.0,0.0
1vcc_A,1,R2,M2_UNIFORM_RANDOM_SEED_13,10,951,500,1699.4810791015625,0.059783716014723,0.1854731313735519,100.0,0.0
1vcc_A,1,R2,M2_UNIFORM_RANDOM_SEED_14,10,951,500,1545.7220458984375,0.0570151721445791,0.2591667225397334,10.0,0.0
1vcc_A,1,R2,M2_UNIFORM_RANDOM_SEED_15,10,951,500,1600.0467529296875,0.0580084252361671,0.2331299904740809,100.0,0.0
1vcc_A,1,R2,M2_UNIFORM_RANDOM_SEED_16,10,951,500,1632.066162109375,0.0585859692958755,0.2177837360114025,0.01,0.0
1vcc_A,1,R2,M2_UNIFORM_RANDOM_SEED_17,10,951,500,1879.1571044921875,0.0628646185211779,0.0993580506419434,100.0,0.0
1vcc_A,1,R2,M2_UNIFORM_RANDOM_SEED_18,10,951,500,1848.0291748046875,0.0623417732125611,0.1142770370354768,100.0,0.0
1vcc_A,1,R2,M2_UNIFORM_RANDOM_SEED_19,10,951,500,1942.7364501953125,0.0639192519357336,0.068885757656921,100.0,0.0
1vcc_A,1,R2,M2_UNIFORM_RANDOM_SEED_20,10,951,500,1541.329345703125,0.0569341004062654,0.2612720547960914,100.0,0.0
1vcc_A,1,R2,M2_UNIFORM_RANDOM_MEAN_20SEEDS,10,951,500,0.0,0.0,0.1784493193841395,0.0,0.0
1vcc_A,2,R3,M1_DEVELOPMENT_CONSTANT_MEAN,0,951,500,1556.9482421875,0.0572218411123687,0.0,0.0,0.0
1vcc_A,2,R3,M3_MEAN_WITHIN_RUN_VARIANCE,5,951,500,1268.7906494140625,0.0516558751882072,0.1850784663005742,1.0,0.1250836285374408
1vcc_A,2,R3,M3_MEAN_WITHIN_RUN_VARIANCE,10,951,500,1167.33251953125,0.0495475325327785,0.2502432078980627,10.0,0.1950458235563281
1vcc_A,2,R3,M3_MEAN_WITHIN_RUN_VARIANCE,20,951,500,874.3812255859375,0.0428820117389576,0.4384005826953895,10.0,0.3970554168901531
1vcc_A,2,R3,M3b_POOLED_DEVELOPMENT_VARIANCE,5,951,500,1285.219482421875,0.0519892305118598,0.1745265207941968,10.0,0.1137548447312253
1vcc_A,2,R3,M3b_POOLED_DEVELOPMENT_VARIANCE,10,951,500,1065.508056640625,0.0473372591337271,0.3156432386322653,1.0,0.2652606297889648
1vcc_A,2,R3,M3b_POOLED_DEVELOPMENT_VARIANCE,20,951,500,884.81591796875,0.0431371255945616,0.4316985664689851,1.0,0.3898599956430668
1vcc_A,2,R3,M4_BUDGET_MATCHED_PCA_QR,5,951,500,1288.5157470703125,0.0520558574675111,0.1724093889852381,10.0,0.1114818488615576
1vcc_A,2,R3,M4_BUDGET_MATCHED_PCA_QR,10,951,500,1165.48046875,0.0495082117003064,0.2514327469791101,10.0,0.1963229369635273
1vcc_A,2,R3,M4_BUDGET_MATCHED_PCA_QR,20,951,500,896.582275390625,0.0434229989260544,0.4241412456133198,100.0,0.3817463019098788
1vcc_A,2,R3,M5_DEVELOPMENT_TUNED_PCA_QR,10,951,500,1165.48046875,0.0495082117003064,0.2514327469791101,10.0,0.1963229369635273
1vcc_A,2,R3,M6_POOLED_ERROR_GREEDY,5,951,500,1181.02978515625,0.0498373755994208,0.2414456992501481,100.0,0.1856006389270765
1vcc_A,2,R3,M6_POOLED_ERROR_GREEDY,10,951,500,1064.57177734375,0.047316456552238,0.3162445940733167,1e-06,0.2659062572496303
1vcc_A,2,R3,M6_POOLED_ERROR_GREEDY,20,951,500,889.8876953125,0.0432605802431099,0.4284410546222045,10.0,0.3863626645171565
1vcc_A,2,R3,M7_MEAN_TRANSFER,5,951,500,1197.324951171875,0.0501800114199148,0.2309796056613655,10.0,0.1743640274897566
1vcc_A,2,R3,M7_MEAN_TRANSFER,10,951,500,1116.8792724609375,0.048464959589528,0.2826484258129667,1e-06,0.2298367261182654
1vcc_A,2,R3,M7_MEAN_TRANSFER,20,951,500,970.1897583007812,0.0451703111578421,0.3768644762797816,1e-06,0.3309889985754107
1vcc_A,2,R3,M8_ROBUST_TRANSFER,5,951,500,1199.1778564453125,0.0502188241346457,0.2297895177552742,10.0,0.1730863248528019
1vcc_A,2,R3,M8_ROBUST_TRANSFER,10,951,500,1096.595947265625,0.0480228640617489,0.29567604268918,1e-06,0.2438234411758466
1vcc_A,2,R3,M8_ROBUST_TRANSFER,20,951,500,979.1494140625,0.0453784046542432,0.3711098496846607,1e-06,0.3248107141498306
1vcc_A,2,R3,M10_INFORMATION_IMBALANCE,5,951,500,1321.8231201171875,0.0527243714832252,0.1510166591921922,100.0,0.0885141780463767
1vcc_A,2,R3,M10_INFORMATION_IMBALANCE,10,951,500,1277.29833984375,0.051828771304146,0.1796141289519323,0.0001,0.1192170045646787
1vcc_A,2,R3,M10_INFORMATION_IMBALANCE,20,951,500,1127.7557373046875,0.0487003701332336,0.2756626670388223,1e-06,0.2223366730875875
1vcc_A,2,R3,M2_UNIFORM_RANDOM_SEED_1,10,951,500,1378.799560546875,0.053848710461766,0.1144217108915114,100.0,0.0
1vcc_A,2,R3,M2_UNIFORM_RANDOM_SEED_2,10,951,500,1290.9075927734375,0.0521041501840352,0.1708731492835481,100.0,0.0
1vcc_A,2,R3,M2_UNIFORM_RANDOM_SEED_3,10,951,500,1319.7491455078125,0.052682992295411,0.15234873597752,100.0,0.0
1vcc_A,2,R3,M2_UNIFORM_RANDOM_SEED_4,10,951,500,1267.3231201171875,0.0516259930153462,0.1860210341118285,100.0,0.0
1vcc_A,2,R3,M2_UNIFORM_RANDOM_SEED_5,10,951,500,1236.89306640625,0.0510024239420311,0.2055657131746235,100.0,0.0
1vcc_A,2,R3,M2_UNIFORM_RANDOM_SEED_6,10,951,500,1356.696533203125,0.053415352283055,0.1286180899006783,1000.0,0.0
1vcc_A,2,R3,M2_UNIFORM_RANDOM_SEED_7,10,951,500,1204.1044921875,0.050321876514244,0.2266252277623932,100.0,0.0
1vcc_A,2,R3,M2_UNIFORM_RANDOM_SEED_8,10,951,500,1353.4310302734375,0.0533510294696846,0.1307154640080535,100.0,0.0
1vcc_A,2,R3,M2_UNIFORM_RANDOM_SEED_9,10,951,500,1388.2100830078125,0.0540321609063908,0.1083775006821111,100.0,0.0
1vcc_A,2,R3,M2_UNIFORM_RANDOM_SEED_10,10,951,500,1288.467529296875,0.0520548834627194,0.1724403583984344,100.0,0.0
1vcc_A,2,R3,M2_UNIFORM_RANDOM_SEED_11,10,951,500,1289.755859375,0.0520809016256728,0.1716128870392613,100.0,0.0
1vcc_A,2,R3,M2_UNIFORM_RANDOM_SEED_12,10,951,500,1381.9105224609375,0.0539094251967992,0.1124235957135195,0.0001,0.0
1vcc_A,2,R3,M2_UNIFORM_RANDOM_SEED_13,10,951,500,1379.2957763671875,0.0538583993894085,0.1141030003481119,1000.0,0.0
1vcc_A,2,R3,M2_UNIFORM_RANDOM_SEED_14,10,951,500,1436.74658203125,0.0549686189422185,0.0772033757444419,100.0,0.0
1vcc_A,2,R3,M2_UNIFORM_RANDOM_SEED_15,10,951,500,1369.12158203125,0.0536593920136538,0.1206377033396788,1000.0,0.0
1vcc_A,2,R3,M2_UNIFORM_RANDOM_SEED_16,10,951,500,1356.0108642578125,0.0534018526255782,0.1290584827966869,100.0,0.0
1vcc_A,2,R3,M2_UNIFORM_RANDOM_SEED_17,10,951,500,1362.228515625,0.0535241430753994,0.1250649965659233,100.0,0.0
1vcc_A,2,R3,M2_UNIFORM_RANDOM_SEED_18,10,951,500,1339.778564453125,0.0530812635034952,0.1394841985429479,1000.0,0.0
1vcc_A,2,R3,M2_UNIFORM_RANDOM_SEED_19,10,951,500,1465.1492919921875,0.0555092908545208,0.0589608233002888,1000.0,0.0
1vcc_A,2,R3,M2_UNIFORM_RANDOM_SEED_20,10,951,500,1391.089111328125,0.0540881609139938,0.1065283523017722,100.0,0.0
1vcc_A,2,R3,M2_UNIFORM_RANDOM_MEAN_20SEEDS,10,951,500,0.0,0.0,0.1375542199941667,0.0,0.0
3mx7_A,0,R1,M1_DEVELOPMENT_CONSTANT_MEAN,0,951,500,1587.9893798828125,0.0577894466746914,0.0,0.0,0.0
3mx7_A,0,R1,M3_MEAN_WITHIN_RUN_VARIANCE,5,951,500,1301.095703125,0.0523093544787466,0.1806647326438569,100.0,-0.012041676620689
3mx7_A,0,R1,M3_MEAN_WITHIN_RUN_VARIANCE,10,951,500,1248.356689453125,0.0512382260990907,0.2138759205396897,10.0,0.0289807321779957
3mx7_A,0,R1,M3_MEAN_WITHIN_RUN_VARIANCE,20,951,500,1002.6336669921876,0.0459193657785707,0.3686143750746129,10.0,0.2201134359740199
3mx7_A,0,R1,M3b_POOLED_DEVELOPMENT_VARIANCE,5,951,500,1292.982177734375,0.0521460010077741,0.1857740397295402,10.0,-0.0057306682760216
3mx7_A,0,R1,M3b_POOLED_DEVELOPMENT_VARIANCE,10,951,500,1248.356689453125,0.0512382260990907,0.2138759205396897,10.0,0.0289807321779957
3mx7_A,0,R1,M3b_POOLED_DEVELOPMENT_VARIANCE,20,951,500,1002.6336669921876,0.0459193657785707,0.3686143750746129,10.0,0.2201134359740199
3mx7_A,0,R1,M4_BUDGET_MATCHED_PCA_QR,5,951,500,1303.6107177734375,0.0523598869945786,0.1790809596789375,1e-06,-0.0139979505791816
3mx7_A,0,R1,M4_BUDGET_MATCHED_PCA_QR,10,951,500,1246.5379638671875,0.0512008881171985,0.2150212213892909,1000.0,0.0303954060462471
3mx7_A,0,R1,M4_BUDGET_MATCHED_PCA_QR,20,951,500,1106.236572265625,0.0482334964886843,0.3033728145289857,10.0,0.1395271595733892
3mx7_A,0,R1,M5_DEVELOPMENT_TUNED_PCA_QR,10,951,500,1309.916259765625,0.052486366158508,0.1751101887959151,1e-06,-0.0189026407372141
3mx7_A,0,R1,M6_POOLED_ERROR_GREEDY,5,951,500,1238.4866943359375,0.051035269434564,0.2200913242711151,0.0001,0.0366579894179089
3mx7_A,0,R1,M6_POOLED_ERROR_GREEDY,10,951,500,1092.611328125,0.0479355361054195,0.311953000462994,100.0,0.1501253921948059
3mx7_A,0,R1,M6_POOLED_ERROR_GREEDY,20,951,500,984.4788818359376,0.0455017334074531,0.380046935887828,100.0,0.2342349177098291
3mx7_A,0,R1,M7_MEAN_TRANSFER,5,951,500,1248.5723876953125,0.0512426525254599,0.2137400895039661,10.0,0.028812953889171
3mx7_A,0,R1,M7_MEAN_TRANSFER,10,951,500,1121.365234375,0.0485621921624585,0.2938458855072743,1.0,0.1277595113293548
3mx7_A,0,R1,M7_MEAN_TRANSFER,20,951,500,977.2240600585938,0.0453337677050985,0.3846154940087136,100.0,0.2398779937552674
3mx7_A,0,R1,M8_ROBUST_TRANSFER,5,951,500,1248.5723876953125,0.0512426525254599,0.2137400895039661,10.0,0.028812953889171
3mx7_A,0,R1,M8_ROBUST_TRANSFER,10,951,500,1099.26416015625,0.0480812526487165,0.3077635316192282,100.0,0.1449505666481448
3mx7_A,0,R1,M8_ROBUST_TRANSFER,20,951,500,941.087158203125,0.0444876702445976,0.4073718816226758,10.0,0.2679866491399915
3mx7_A,0,R1,M10_INFORMATION_IMBALANCE,5,951,500,1316.888916015625,0.0526258726599282,0.1707193179636967,100.0,-0.0243262377138246
3mx7_A,0,R1,M10_INFORMATION_IMBALANCE,10,951,500,1141.218994140625,0.0489902025472079,0.2813434342836458,10.0,0.1123165025851339
3mx7_A,0,R1,M10_INFORMATION_IMBALANCE,20,951,500,895.9645385742188,0.043408037328099,0.4357868195312884,100.0,0.3030847372460965
3mx7_A,0,R1,M2_UNIFORM_RANDOM_SEED_1,10,951,500,1531.19921875,0.0567466970971931,0.0357623053732282,100.0,0.0
3mx7_A,0,R1,M2_UNIFORM_RANDOM_SEED_2,10,951,500,1373.3922119140625,0.0537430153320424,0.1351376594121721,1000.0,0.0
3mx7_A,0,R1,M2_UNIFORM_RANDOM_SEED_3,10,951,500,1568.296875,0.0574300081487208,0.0124009046485347,1000.0,0.0
3mx7_A,0,R1,M2_UNIFORM_RANDOM_SEED_4,10,951,500,1565.772216796875,0.0573837638621602,0.0139907504215028,1000.0,0.0
3mx7_A,0,R1,M2_UNIFORM_RANDOM_SEED_5,10,951,500,1366.29736328125,0.053604019249177,0.1396054781033375,1000.0,0.0
3mx7_A,0,R1,M2_UNIFORM_RANDOM_SEED_6,10,951,500,1351.0333251953125,0.0533037508361024,0.1492176570506954,10.0,0.0
3mx7_A,0,R1,M2_UNIFORM_RANDOM_SEED_7,10,951,500,1384.2330322265625,0.053954707652518,0.1283109007135088,1000.0,0.0
3mx7_A,0,R1,M2_UNIFORM_RANDOM_SEED_8,10,951,500,1388.4449462890625,0.0540367314083847,0.1256585441449713,1000.0,0.0
3mx7_A,0,R1,M2_UNIFORM_RANDOM_SEED_9,10,951,500,1409.183837890625,0.0544388028458606,0.112598701387652,1000.0,0.0
3mx7_A,0,R1,M2_UNIFORM_RANDOM_SEED_10,10,951,500,1489.9747314453125,0.055977589241197,0.0617224835878519,100.0,0.0
3mx7_A,0,R1,M2_UNIFORM_RANDOM_SEED_11,10,951,500,1332.2523193359375,0.0529319607580005,0.1610445660321402,1e-06,0.0
3mx7_A,0,R1,M2_UNIFORM_RANDOM_SEED_12,10,951,500,1479.4168701171875,0.055778909931049,0.0683710553364262,100.0,0.0
3mx7_A,0,R1,M2_UNIFORM_RANDOM_SEED_13,10,951,500,1480.18994140625,0.0557934817001363,0.0678842313696819,100.0,0.0
3mx7_A,0,R1,M2_UNIFORM_RANDOM_SEED_14,10,951,500,1373.7442626953125,0.0537499030433735,0.1349159634828983,1000.0,0.0
3mx7_A,0,R1,M2_UNIFORM_RANDOM_SEED_15,10,951,500,1342.9688720703125,0.0531444250106889,0.1542960619992192,1e-06,0.0
3mx7_A,0,R1,M2_UNIFORM_RANDOM_SEED_16,10,951,500,1409.8232421875,0.0544511520000012,0.1121960511527228,1e-06,0.0
3mx7_A,0,R1,M2_UNIFORM_RANDOM_SEED_17,10,951,500,1390.9720458984375,0.0540858850040738,0.124067160952244,1000.0,0.0
3mx7_A,0,R1,M2_UNIFORM_RANDOM_SEED_18,10,951,500,1484.306396484375,0.055871009554999,0.0652919879137282,1000.0,0.0
3mx7_A,0,R1,M2_UNIFORM_RANDOM_SEED_19,10,951,500,1472.07470703125,0.0556403258551247,0.0729946146491965,100.0,0.0
3mx7_A,0,R1,M2_UNIFORM_RANDOM_SEED_20,10,951,500,1302.0594482421875,0.0523287241349768,0.1800578361939205,100.0,0.0
3mx7_A,0,R1,M2_UNIFORM_RANDOM_MEAN_20SEEDS,10,951,500,0.0,0.0,0.1027762456962816,0.0,0.0
3mx7_A,1,R2,M1_DEVELOPMENT_CONSTANT_MEAN,0,951,500,2426.626953125,0.071437500028749,0.0,0.0,0.0
3mx7_A,1,R2,M3_MEAN_WITHIN_RUN_VARIANCE,5,951,500,2287.51220703125,0.0693595791800994,0.0573284434653619,1.0,-0.1946587451585506
3mx7_A,1,R2,M3_MEAN_WITHIN_RUN_VARIANCE,10,951,500,2242.41943359375,0.0686725483213026,0.0759109344326817,10.0,-0.1711089359094555
3mx7_A,1,R2,M3_MEAN_WITHIN_RUN_VARIANCE,20,951,500,1785.6365966796875,0.0612803558405519,0.2641487005737934,10.0,0.0674469979475838
3mx7_A,1,R2,M3b_POOLED_DEVELOPMENT_VARIANCE,5,951,500,2287.51220703125,0.0693595791800994,0.0573284434653619,1.0,-0.1946587451585506
3mx7_A,1,R2,M3b_POOLED_DEVELOPMENT_VARIANCE,10,951,500,2242.41943359375,0.0686725483213026,0.0759109344326817,10.0,-0.1711089359094555
3mx7_A,1,R2,M3b_POOLED_DEVELOPMENT_VARIANCE,20,951,500,1785.63671875,0.0612803579351864,0.26414865026927,10.0,0.0674469341960698
3mx7_A,1,R2,M4_BUDGET_MATCHED_PCA_QR,5,951,500,1822.186767578125,0.0619043522517944,0.2490865704629545,100.0,0.0483585833954591
3mx7_A,1,R2,M4_BUDGET_MATCHED_PCA_QR,10,951,500,1496.584228515625,0.0561016095691324,0.3832656368592914,100.0,0.2184052915796618
3mx7_A,1,R2,M4_BUDGET_MATCHED_PCA_QR,20,951,500,1867.7716064453125,0.0626738860828847,0.2303013019615545,100.0,0.0245517917936756
3mx7_A,1,R2,M5_DEVELOPMENT_TUNED_PCA_QR,10,951,500,1496.584228515625,0.0561016095691324,0.3832656368592914,100.0,0.2184052915796618
3mx7_A,1,R2,M6_POOLED_ERROR_GREEDY,5,951,500,2165.3564453125,0.0674822318836985,0.1076681800950232,100.0,-0.1308626051597159
3mx7_A,1,R2,M6_POOLED_ERROR_GREEDY,10,951,500,2113.371826171875,0.0666672738064657,0.1290907638480304,10.0,-0.1037135129366484
3mx7_A,1,R2,M6_POOLED_ERROR_GREEDY,20,951,500,1919.43115234375,0.0635347037047896,0.2090126791545298,1.0,-0.002427530147772
3mx7_A,1,R2,M7_MEAN_TRANSFER,5,951,500,2167.645751953125,0.0675178949983767,0.1067247690619936,100.0,-0.1320582010521294
3mx7_A,1,R2,M7_MEAN_TRANSFER,10,951,500,2100.360107421875,0.0664617266492096,0.1344528236130238,10.0,-0.0969181115628543
3mx7_A,1,R2,M7_MEAN_TRANSFER,20,951,500,1996.049072265625,0.0647903530399087,0.1774388437847353,10.0,-0.0424414228776897
3mx7_A,1,R2,M8_ROBUST_TRANSFER,5,951,500,2167.645751953125,0.0675178949983767,0.1067247690619936,100.0,-0.1320582010521294
3mx7_A,1,R2,M8_ROBUST_TRANSFER,10,951,500,2124.24951171875,0.0668386243655915,0.1246081277622214,10.0,-0.1093944103437596
3mx7_A,1,R2,M8_ROBUST_TRANSFER,20,951,500,1971.2474365234373,0.0643865729894995,0.1876594653393785,10.0,-0.0294887090331177
3mx7_A,1,R2,M10_INFORMATION_IMBALANCE,5,951,500,2262.49169921875,0.0689792132425104,0.0676392610305747,10.0,-0.1815917248494858
3mx7_A,1,R2,M10_INFORMATION_IMBALANCE,10,951,500,2306.513916015625,0.0696470584958952,0.0494979407340274,10.0,-0.2045824333213353
3mx7_A,1,R2,M10_INFORMATION_IMBALANCE,20,951,500,1470.0091552734375,0.0556012760989779,0.3942170825308084,10.0,0.2322841874187406
3mx7_A,1,R2,M2_UNIFORM_RANDOM_SEED_1,10,951,500,2212.251708984375,0.0682090512846283,0.0883428925342453,100.0,0.0
3mx7_A,1,R2,M2_UNIFORM_RANDOM_SEED_2,10,951,500,1789.222900390625,0.0613418632411003,0.262670803978967,100.0,0.0
3mx7_A,1,R2,M2_UNIFORM_RANDOM_SEED_3,10,951,500,2358.567626953125,0.0704285757616401,0.0280468846207401,1000.0,0.0
3mx7_A,1,R2,M2_UNIFORM_RANDOM_SEED_4,10,951,500,2225.196044921875,0.0684083127650156,0.0830086008662036,100.0,0.0
3mx7_A,1,R2,M2_UNIFORM_RANDOM_SEED_5,10,951,500,2336.8017578125,0.0701028500512278,0.037016482981376,1000.0,0.0
3mx7_A,1,R2,M2_UNIFORM_RANDOM_SEED_6,10,951,500,2320.59716796875,0.0698593625221829,0.0436943078620738,100.0,0.0
3mx7_A,1,R2,M2_UNIFORM_RANDOM_SEED_7,10,951,500,2511.667236328125,0.0726784722511816,-0.0350446462706641,1000.0,0.0
3mx7_A,1,R2,M2_UNIFORM_RANDOM_SEED_8,10,951,500,2341.160400390625,0.070168198110384,0.0352203096665977,1000.0,0.0
3mx7_A,1,R2,M2_UNIFORM_RANDOM_SEED_9,10,951,500,2098.873046875,0.0664381949436556,0.1350656333178529,1000.0,0.0
3mx7_A,1,R2,M2_UNIFORM_RANDOM_SEED_10,10,951,500,2357.212890625,0.0704083461413611,0.0286051642221351,1000.0,0.0
3mx7_A,1,R2,M2_UNIFORM_RANDOM_SEED_11,10,951,500,1870.4134521484373,0.0627181945595414,0.2292126114647631,100.0,0.0
3mx7_A,1,R2,M2_UNIFORM_RANDOM_SEED_12,10,951,500,1897.516845703125,0.0631709720120621,0.218043447815697,100.0,0.0
3mx7_A,1,R2,M2_UNIFORM_RANDOM_SEED_13,10,951,500,2334.52099609375,0.0700686308606881,0.0379563726977632,1000.0,0.0
3mx7_A,1,R2,M2_UNIFORM_RANDOM_SEED_14,10,951,500,2354.76220703125,0.0703717364973127,0.029615077835183,100.0,0.0
3mx7_A,1,R2,M2_UNIFORM_RANDOM_SEED_15,10,951,500,2278.550048828125,0.0692235751923762,0.0610217009689858,100.0,0.0
3mx7_A,1,R2,M2_UNIFORM_RANDOM_SEED_16,10,951,500,1759.6644287109375,0.0608330605766197,0.2748516922039257,100.0,0.0
3mx7_A,1,R2,M2_UNIFORM_RANDOM_SEED_17,10,951,500,2144.68896484375,0.067159413987603,0.1161851383535369,100.0,0.0
3mx7_A,1,R2,M2_UNIFORM_RANDOM_SEED_18,10,951,500,2295.2255859375,0.0694764193168324,0.0541498012367669,100.0,0.0
3mx7_A,1,R2,M2_UNIFORM_RANDOM_SEED_19,10,951,500,2311.636962890625,0.0697243628719421,0.0473867604933223,100.0,0.0
3mx7_A,1,R2,M2_UNIFORM_RANDOM_SEED_20,10,951,500,2007.808349609375,0.064980921726711,0.1725929084304747,100.0,0.0
3mx7_A,1,R2,M2_UNIFORM_RANDOM_MEAN_20SEEDS,10,951,500,0.0,0.0,0.0973820972639973,0.0,0.0
3mx7_A,2,R3,M1_DEVELOPMENT_CONSTANT_MEAN,0,951,500,1817.5103759765625,0.0618248667209329,0.0,0.0,0.0
3mx7_A,2,R3,M3_MEAN_WITHIN_RUN_VARIANCE,5,951,500,1596.5904541015625,0.0579457386796338,0.121550844933305,100.0,0.0088858951730651
3mx7_A,2,R3,M3_MEAN_WITHIN_RUN_VARIANCE,10,951,500,1725.86328125,0.0602459606571218,0.0504245235339136,100.0,-0.0713626883184157
3mx7_A,2,R3,M3_MEAN_WITHIN_RUN_VARIANCE,20,951,500,1119.723876953125,0.0485266385797197,0.3839243551215003,1.0,0.3049099566461855
3mx7_A,2,R3,M3b_POOLED_DEVELOPMENT_VARIANCE,5,951,500,1596.5904541015625,0.0579457386796338,0.121550844933305,100.0,0.0088858951730651
3mx7_A,2,R3,M3b_POOLED_DEVELOPMENT_VARIANCE,10,951,500,1725.86328125,0.0602459606571218,0.0504245235339136,100.0,-0.0713626883184157
3mx7_A,2,R3,M3b_POOLED_DEVELOPMENT_VARIANCE,20,951,500,1119.723876953125,0.0485266385797197,0.3839243551215003,1.0,0.3049099566461855
3mx7_A,2,R3,M4_BUDGET_MATCHED_PCA_QR,5,951,500,1615.061767578125,0.0582799683961189,0.1113878694033095,100.0,-0.0025805264595273
3mx7_A,2,R3,M4_BUDGET_MATCHED_PCA_QR,10,951,500,1337.2020263671875,0.0530301984551819,0.2642671843627311,100.0,0.1699062299094944
3mx7_A,2,R3,M4_BUDGET_MATCHED_PCA_QR,20,951,500,1291.0927734375,0.0521078872195847,0.289636642242669,1000.0,0.1985294318234518
3mx7_A,2,R3,M5_DEVELOPMENT_TUNED_PCA_QR,10,951,500,1337.2020263671875,0.0530301984551819,0.2642671843627311,100.0,0.1699062299094944
3mx7_A,2,R3,M6_POOLED_ERROR_GREEDY,5,951,500,1499.892333984375,0.0561635798853689,0.1747544587312349,1e-06,0.0689131053522243
3mx7_A,2,R3,M6_POOLED_ERROR_GREEDY,10,951,500,1319.7296142578125,0.0526826024605308,0.2738805611776981,1e-06,0.1807525643858553
3mx7_A,2,R3,M6_POOLED_ERROR_GREEDY,20,951,500,1125.3350830078125,0.0486480759690953,0.3808370516712119,100.0,0.3014266930129825
3mx7_A,2,R3,M7_MEAN_TRANSFER,5,951,500,1495.076171875,0.056073336610206,0.177404326469562,10.0,0.0719028302284267
3mx7_A,2,R3,M7_MEAN_TRANSFER,10,951,500,1266.7197265625,0.0516137015564119,0.303046770293192,100.0,0.2136594675025226
3mx7_A,2,R3,M7_MEAN_TRANSFER,20,951,500,1087.7977294921875,0.0478298273663321,0.4014902231808689,100.0,0.3247287241829899
3mx7_A,2,R3,M8_ROBUST_TRANSFER,5,951,500,1500.0552978515625,0.0561666308995551,0.1746647954922562,1.0,0.0688119424103241
3mx7_A,2,R3,M8_ROBUST_TRANSFER,10,951,500,1274.4102783203125,0.0517701438937626,0.29881540421162,100.0,0.2088854101971639
3mx7_A,2,R3,M8_ROBUST_TRANSFER,20,951,500,1101.4801025390625,0.0481296903440727,0.3939621379343,100.0,0.3162351290475407
3mx7_A,2,R3,M10_INFORMATION_IMBALANCE,5,951,500,1730.2254638671875,0.0603220495435104,0.0480244367587041,0.0001,-0.0740705967295043
3mx7_A,2,R3,M10_INFORMATION_IMBALANCE,10,951,500,1581.344970703125,0.0576684196600217,0.1299389584758458,1000.0,0.0183498209984259
3mx7_A,2,R3,M10_INFORMATION_IMBALANCE,20,951,500,1032.58642578125,0.0466002176556577,0.4318676584025369,1.0,0.3590021984563823
3mx7_A,2,R3,M2_UNIFORM_RANDOM_SEED_1,10,951,500,1514.4124755859375,0.0564347790014086,0.166765430556493,100.0,0.0
3mx7_A,2,R3,M2_UNIFORM_RANDOM_SEED_2,10,951,500,1691.91943359375,0.0596505673595569,0.0691005366697461,1e-06,0.0
3mx7_A,2,R3,M2_UNIFORM_RANDOM_SEED_3,10,951,500,1823.8603515625,0.061932773694908,-0.0034937768003253,100.0,0.0
3mx7_A,2,R3,M2_UNIFORM_RANDOM_SEED_4,10,951,500,1612.6834716796875,0.0582370418414163,0.1126964153845998,1000.0,0.0
3mx7_A,2,R3,M2_UNIFORM_RANDOM_SEED_5,10,951,500,1767.2625732421875,0.0609642561882029,0.0276465011691482,0.0001,0.0
3mx7_A,2,R3,M2_UNIFORM_RANDOM_SEED_6,10,951,500,1671.4659423828125,0.0592889153506362,0.0803541127050123,0.0001,0.0
3mx7_A,2,R3,M2_UNIFORM_RANDOM_SEED_7,10,951,500,1726.1507568359375,0.0602509780075329,0.0502663535505467,100.0,0.0
3mx7_A,2,R3,M2_UNIFORM_RANDOM_SEED_8,10,951,500,1647.68115234375,0.0588655662889513,0.0934405799700384,1000.0,0.0
3mx7_A,2,R3,M2_UNIFORM_RANDOM_SEED_9,10,951,500,1575.5218505859375,0.0575621430863173,0.133142857718544,0.01,0.0
3mx7_A,2,R3,M2_UNIFORM_RANDOM_SEED_10,10,951,500,1764.192138671875,0.0609112736439937,0.0293358640530672,100.0,0.0
3mx7_A,2,R3,M2_UNIFORM_RANDOM_SEED_11,10,951,500,1700.7298583984375,0.0598056765291316,0.0642530128695292,1000.0,0.0
3mx7_A,2,R3,M2_UNIFORM_RANDOM_SEED_12,10,951,500,1646.4632568359375,0.0588438068115547,0.0941106699590201,1e-06,0.0
3mx7_A,2,R3,M2_UNIFORM_RANDOM_SEED_13,10,951,500,1763.1524658203125,0.0608933228978703,0.0299078953687089,100.0,0.0
3mx7_A,2,R3,M2_UNIFORM_RANDOM_SEED_14,10,951,500,1735.2999267578125,0.060410442039246,0.0452324511075089,1000.0,0.0
3mx7_A,2,R3,M2_UNIFORM_RANDOM_SEED_15,10,951,500,1546.525146484375,0.057029981719257,0.149096936707492,1000.0,0.0
3mx7_A,2,R3,M2_UNIFORM_RANDOM_SEED_16,10,951,500,1778.1102294921875,0.06115107267893,0.0216780861364849,1e-06,0.0
3mx7_A,2,R3,M2_UNIFORM_RANDOM_SEED_17,10,951,500,1829.102783203125,0.0620217183765058,-0.0063781793929698,1e-06,0.0
3mx7_A,2,R3,M2_UNIFORM_RANDOM_SEED_18,10,951,500,1699.9295654296875,0.0597916038373452,0.0646933366109109,1000.0,0.0
3mx7_A,2,R3,M2_UNIFORM_RANDOM_SEED_19,10,951,500,1620.1287841796875,0.0583713191780526,0.1085999807240827,1e-06,0.0
3mx7_A,2,R3,M2_UNIFORM_RANDOM_SEED_20,10,951,500,1675.17626953125,0.0593546837647932,0.0783126788857176,1000.0,0.0
3mx7_A,2,R3,M2_UNIFORM_RANDOM_MEAN_20SEEDS,10,951,500,0.0,0.0,0.0704380871976678,0.0,0.0
